desc: I1 cache:         32768 B, 64 B, 8-way associative
desc: D1 cache:         49152 B, 64 B, 12-way associative
desc: LL cache:         18874368 B, 64 B, 18-way associative
cmd: ./bench
events: Ir I1mr ILmr Dr D1mr DLmr Dw D1mw DLmw Bc Bcm Bi Bim
fl=./csu/../csu/libc-start.c
fn=__libc_start_main@@GLIBC_2.34
128 2 1 1 2 0 0 0 0 0 0 0 0 0
134 3 0 0 1 1 0 0 0 0 1 0 0 0
135 7 0 0 3 1 0 2 0 0 0 0 1 1
138 1 0 0 1 1 0 0 0 0 0 0 0 0
139 2 0 0 0 0 0 0 0 0 1 0 0 0
142 3 1 1 2 1 0 0 0 0 0 0 0 0
143 2 0 0 2 0 0 0 0 0 0 0 0 0
144 11 1 1 1 0 0 1 0 0 2 1 0 0
145 4 0 0 1 0 0 2 0 0 0 0 1 1
242 12 1 1 0 0 0 6 0 0 0 0 0 0
343 3 0 0 0 0 0 0 0 0 1 0 0 0
344 3 0 0 0 0 0 1 0 0 0 0 0 0
369 6 1 1 2 0 0 1 0 0 1 1 0 0
372 2 0 0 0 0 0 0 0 0 1 1 0 0
375 2 0 0 2 0 0 0 0 0 0 0 0 0
382 2 0 0 1 0 0 1 0 0 0 0 0 0
384 2 0 0 0 0 0 0 0 0 1 0 0 0
392 4 0 0 0 0 0 1 0 0 0 0 0 0
fl=./csu/../sysdeps/nptl/libc_start_call_main.h
fn=(below main)
29 9 1 1 1 0 0 5 0 0 0 0 0 0
44 3 1 1 0 0 0 1 0 0 0 0 0 0
46 2 0 0 0 0 0 0 0 0 1 0 0 0
51 2 0 0 1 1 0 1 0 0 0 0 0 0
52 2 0 0 1 1 0 1 0 0 0 0 0 0
55 2 0 0 0 0 0 1 0 0 0 0 0 0
58 7 2 2 5 0 0 1 0 0 0 0 1 1
74 1 0 0 0 0 0 1 0 0 0 0 0 0
fl=./csu/./csu/init-first.c
fn=_init_first
46 4 1 1 0 0 0 1 0 0 0 0 0 0
51 2 1 1 1 0 0 0 0 0 1 0 0 0
55 5 0 0 4 2 0 0 0 0 1 0 0 0
61 1 0 0 0 0 0 1 1 0 0 0 0 0
62 1 0 0 0 0 0 1 0 0 0 0 0 0
63 2 0 0 1 1 0 1 1 1 0 0 0 0
71 2 0 0 0 0 0 0 0 0 0 0 0 0
72 2 0 0 1 0 0 0 0 0 0 0 0 0
fl=./ctype/./ctype/ctype-info.c
fn=__ctype_init
29 1 1 1 0 0 0 0 0 0 0 0 0 0
31 7 0 0 5 4 0 1 0 0 0 0 0 0
33 4 0 0 2 1 0 1 0 0 0 0 0 0
35 4 1 1 2 0 0 1 0 0 0 0 0 0
36 1 0 0 1 0 0 0 0 0 0 0 0 0
fl=./debug/./debug/printf_chk.c
fn=__printf_chk
25 76 3 3 4 0 0 52 3 0 4 0 0 0
28 16 0 0 0 0 0 0 0 0 0 0 0 0
32 24 1 1 0 0 0 16 0 0 0 0 0 0
33 16 0 0 8 2 2 4 0 0 0 0 0 0
37 20 0 0 12 0 0 0 0 0 4 0 0 0
fl=./elf/../bits/stdlib-bsearch.h
fn=intel_check_word.constprop.0
27 102 0 0 0 0 0 0 0 0 0 0 0 0
28 51 0 0 0 0 0 0 0 0 0 0 0 0
29 971 0 0 0 0 0 0 0 0 345 41 0 0
31 690 1 1 0 0 0 0 0 0 0 0 0 0
32 345 0 0 0 0 0 0 0 0 0 0 0 0
37 63 1 1 0 0 0 0 0 0 0 0 0 0
fl=./elf/../elf/dl-sysdep.c
fn=_dl_sysdep_start
85 10 1 1 0 0 0 6 1 1 0 0 0 0
86 1 0 0 0 0 0 0 0 0 0 0 0 0
87 1 0 0 0 0 0 0 0 0 0 0 0 0
109 1 0 0 0 0 0 1 0 0 0 0 0 0
110 105 1 1 33 4 4 4 3 3 32 10 0 0
113 2 0 0 0 0 0 1 0 0 0 0 0 0
114 1 0 0 0 0 0 1 0 0 0 0 0 0
119 1 1 1 0 0 0 1 1 1 0 0 0 0
121 132 4 4 31 4 4 10 1 1 32 17 0 0
122 113 1 1 17 3 3 0 0 0 20 3 17 13
125 1 0 0 1 1 1 0 0 0 0 0 0 0
126 1 0 0 0 0 0 0 0 0 0 0 0 0
128 1 0 0 1 0 0 0 0 0 0 0 0 0
131 2 1 1 1 0 0 1 0 0 0 0 0 0
132 1 0 0 0 0 0 1 0 0 0 0 0 0
134 2 1 1 1 0 0 1 0 0 0 0 0 0
135 1 0 0 0 0 0 1 0 0 0 0 0 0
150 2 1 1 1 0 0 1 0 0 0 0 0 0
151 1 0 0 0 0 0 1 0 0 0 0 0 0
153 2 0 0 1 0 0 1 0 0 0 0 0 0
154 1 0 0 0 0 0 0 0 0 0 0 0 0
156 2 1 1 1 0 0 1 0 0 0 0 0 0
157 1 0 0 0 0 0 0 0 0 0 0 0 0
162 2 1 1 1 0 0 1 0 0 0 0 0 0
163 1 0 0 0 0 0 0 0 0 0 0 0 0
178 2 1 1 1 0 0 1 1 1 0 0 0 0
179 1 0 0 0 0 0 0 0 0 0 0 0 0
224 1 0 0 0 0 0 1 0 0 0 0 0 0
227 1 0 0 0 0 0 1 0 0 0 0 0 0
238 3 0 0 1 0 0 0 0 0 1 0 0 0
239 2 1 1 0 0 0 2 0 0 0 0 0 0
241 5 0 0 0 0 0 1 0 0 1 0 0 0
253 3 0 0 1 0 0 0 0 0 1 0 0 0
256 5 0 0 1 0 0 1 0 0 0 0 1 1
258 9 1 1 8 2 0 0 0 0 0 0 0 0
fn=_dl_sysdep_start_cleanup
262 1 1 1 0 0 0 0 0 0 0 0 0 0
263 1 0 0 1 0 0 0 0 0 0 0 0 0
fl=./elf/../elf/dl-tls.c
fn=_dl_add_to_slotinfo
1015 16 1 1 0 0 0 8 0 0 0 0 0 0
1021 2 0 0 2 0 0 0 0 0 0 0 0 0
1024 2 0 0 2 2 0 0 0 0 0 0 0 0
1025 2 0 0 0 0 0 0 0 0 0 0 0 0
1029 6 1 1 2 1 0 0 0 0 2 0 0 0
1063 4 0 0 0 0 0 0 0 0 2 2 0 0
1066 6 0 0 0 0 0 2 2 0 0 0 0 0
1067 6 0 0 2 0 0 2 0 0 0 0 0 0
1070 12 0 0 10 0 0 0 0 0 0 0 0 0
fn=_dl_allocate_tls_init
528 10 2 2 0 0 0 8 0 0 0 0 0 0
529 2 0 0 0 0 0 0 0 0 1 0 0 0
533 2 0 0 1 1 0 1 0 0 0 0 0 0
535 1 0 0 0 0 0 1 0 0 0 0 0 0
536 1 0 0 0 0 0 0 0 0 0 0 0 0
539 2 0 0 1 1 0 1 0 0 0 0 1 1
542 3 0 0 2 1 0 0 0 0 1 0 0 0
554 1 1 1 1 0 0 0 0 0 0 0 0 0
559 23 1 1 4 0 0 0 0 0 3 0 0 0
565 6 1 1 0 0 0 0 0 0 3 2 0 0
568 6 0 0 2 0 0 0 0 0 0 0 0 0
569 4 0 0 0 0 0 0 0 0 2 2 0 0
575 6 0 0 4 0 0 0 0 0 2 0 0 0
576 4 0 0 0 0 0 0 0 0 0 0 0 0
578 15 1 1 6 2 0 2 1 1 0 0 0 0
581 4 0 0 0 0 0 0 0 0 2 0 0 0
582 4 0 0 2 0 0 0 0 0 0 0 0 0
585 4 0 0 0 0 0 0 0 0 2 0 0 0
586 8 1 1 4 1 0 0 0 0 2 0 0 0
588 4 0 0 0 0 0 0 0 0 2 0 0 0
589 4 0 0 2 0 0 0 0 0 0 0 0 0
598 2 0 0 0 0 0 2 0 0 0 0 0 0
606 4 0 0 2 0 0 0 0 0 2 2 0 0
608 16 0 0 2 0 0 4 0 0 0 0 0 0
614 2 0 0 2 0 0 0 0 0 0 0 0 0
620 2 0 0 1 1 0 1 0 0 0 0 1 1
623 2 1 1 1 0 0 1 0 0 0 0 0 0
626 9 0 0 8 0 0 0 0 0 0 0 0 0
fn=_dl_allocate_tls_storage
370 1 0 0 1 0 0 0 0 0 0 0 0 0
374 1 0 0 0 0 0 0 0 0 0 0 0 0
375 1 0 0 0 0 0 0 0 0 0 0 0 0
376 2 0 0 0 0 0 0 0 0 1 0 0 0
379 1 0 0 0 0 0 1 1 1 0 0 0 0
385 2 0 0 0 0 0 1 0 0 0 0 0 0
422 4 1 1 0 0 0 3 0 0 0 0 0 0
424 1 0 0 1 0 0 0 0 0 0 0 0 0
435 1 0 0 1 0 0 0 0 0 0 0 0 0
436 1 0 0 0 0 0 0 0 0 0 0 0 0
437 3 0 0 0 0 0 0 0 0 1 0 0 0
445 4 1 1 0 0 0 0 0 0 0 0 0 0
446 1 0 0 0 0 0 0 0 0 0 0 0 0
450 321 1 1 0 0 0 313 39 39 312 10 0 0
469 1 0 0 0 0 0 1 1 1 0 0 0 0
475 5 0 0 4 0 0 0 0 0 0 0 0 0
fn=_dl_assign_tls_modid
131 4 1 1 0 0 0 0 0 0 0 0 0 0
134 4 0 0 2 0 0 0 0 0 2 1 0 0
147 2 1 1 2 0 0 0 0 0 0 0 0 0
186 2 0 0 0 0 0 0 0 0 0 0 0 0
188 2 0 0 0 0 0 2 0 0 0 0 0 0
191 2 0 0 0 0 0 2 0 0 0 0 0 0
192 4 0 0 2 0 0 0 0 0 0 0 0 0
fn=_dl_count_modids
197 1 1 1 0 0 0 0 0 0 0 0 0 0
199 2 0 0 1 0 0 0 0 0 1 0 0 0
200 1 0 0 1 0 0 0 0 0 0 0 0 0
215 2 0 0 1 0 0 0 0 0 0 0 0 0
fn=_dl_determine_tlsoffset
221 8 2 2 0 0 0 6 0 0 0 0 0 0
222 1 0 0 0 0 0 0 0 0 0 0 0 0
223 1 0 0 0 0 0 0 0 0 0 0 0 0
224 1 0 0 0 0 0 0 0 0 0 0 0 0
227 3 0 0 1 0 0 0 0 0 1 0 0 0
230 2 0 0 1 0 0 0 0 0 1 0 0 0
264 1 0 0 0 0 0 0 0 0 0 0 0 0
266 16 0 0 3 0 0 0 0 0 3 1 0 0
268 7 2 2 3 0 0 1 0 0 2 0 0 0
270 6 0 0 2 0 0 0 0 0 0 0 0 0
271 4 0 0 2 0 0 0 0 0 0 0 0 0
273 4 1 1 0 0 0 0 0 0 0 0 0 0
275 10 0 0 2 0 0 0 0 0 2 2 0 0
286 2 0 0 0 0 0 2 0 0 0 0 0 0
291 16 0 0 0 0 0 0 0 0 0 0 0 0
293 4 0 0 0 0 0 0 0 0 2 2 0 0
294 2 0 0 0 0 0 0 0 0 0 0 0 0
306 1 0 0 0 0 0 1 0 0 0 0 0 0
307 9 1 1 1 0 0 1 0 0 0 0 0 0
309 2 0 0 0 0 0 0 0 0 0 0 0 0
360 8 1 1 7 0 0 0 0 0 0 0 0 0
fn=_dl_tls_static_surplus_init
83 3 0 0 0 0 0 0 0 0 0 0 0 0
97 6 1 1 0 0 0 3 0 0 0 0 0 0
101 6 1 1 1 0 0 1 0 0 0 0 0 0
102 6 0 0 1 0 0 1 0 0 0 0 0 0
108 2 0 0 0 0 0 0 0 0 0 0 0 0
110 4 0 0 0 0 0 0 0 0 1 0 0 0
113 1 0 0 0 0 0 0 0 0 0 0 0 0
115 1 0 0 0 0 0 1 0 0 0 0 0 0
117 3 0 0 0 0 0 1 0 0 0 0 0 0
118 5 0 0 4 0 0 0 0 0 0 0 0 0
fl=./elf/../include/list.h
fn=__tls_init_tp
43 2 1 1 1 1 0 1 0 0 0 0 0 0
44 2 0 0 0 0 0 1 0 0 0 0 0 0
45 1 0 0 0 0 0 1 0 0 0 0 0 0
47 1 0 0 0 0 0 1 0 0 0 0 0 0
fl=./elf/../include/rtld-malloc.h
fn=__minimal_calloc
56 17 0 0 17 0 0 0 0 0 0 0 17 1
fn=_dl_allocate_tls_storage
44 2 0 0 1 0 0 1 0 0 0 0 1 1
56 1 0 0 1 0 0 1 0 0 0 0 1 1
fn=_dl_check_map_versions
44 18 0 0 6 0 0 6 0 0 0 0 6 1
fn=_dl_find_object_init
56 2 0 0 1 0 0 1 0 0 0 0 1 1
fn=_dl_important_hwcaps
56 3 1 1 2 0 0 3 0 0 0 0 2 2
fn=_dl_init_paths
56 5 0 0 3 0 0 3 0 0 0 0 3 3
fn=_dl_map_object_deps
56 12 0 0 6 0 0 6 0 0 0 0 6 6
fn=_dl_new_object
44 24 1 1 6 0 0 12 0 0 0 0 6 1
56 15 0 0 5 0 0 5 0 0 0 0 5 1
fn=do_lookup_x
44 12 1 1 3 1 0 4 0 0 0 0 3 2
fn=fillin_rpath.isra.0
50 2 0 0 2 0 0 1 0 0 0 0 1 1
51 1 0 0 0 0 0 0 0 0 0 0 0 0
56 2 0 0 1 0 0 1 0 0 0 0 1 1
fn=init_tls
44 2 0 0 1 0 0 1 0 0 0 0 1 1
fn=open_verify.constprop.0
50 8 0 0 4 0 0 4 0 0 0 0 4 1
fn=open_verify.constprop.1
50 2 1 1 1 0 0 1 0 0 0 0 1 1
fl=./elf/../include/scratch_buffer.h
fn=_dl_map_object_deps
77 3 0 0 0 0 0 2 1 1 0 0 0 0
78 1 0 0 0 0 0 1 0 0 0 0 0 0
85 3 1 1 2 0 0 0 0 0 1 1 0 0
131 15 0 0 0 0 0 5 0 0 0 0 0 0
fl=./elf/../misc/sbrk.c
fn=sbrk
37 5 0 0 0 0 0 2 0 0 0 0 0 0
40 1 1 1 1 0 0 0 0 0 0 0 0 0
58 2 0 0 0 0 0 0 0 0 1 0 0 0
62 2 0 0 0 0 0 0 0 0 1 1 0 0
78 5 0 0 3 0 0 0 0 0 0 0 0 0
fl=./elf/../nptl/nptl-stack.h
fn=__libc_early_init
58 8 0 0 2 1 0 0 0 0 0 0 0 0
fl=./elf/../sysdeps/generic/dl-cache.h
fn=_dl_load_cache_lookup
125 20 1 1 4 0 0 0 0 0 0 0 0 0
194 1 0 0 1 0 0 0 0 0 0 0 0 0
195 5 0 0 0 0 0 0 0 0 1 1 0 0
fl=./elf/../sysdeps/generic/dl-debug.h
fn=dl_main
29 3 0 0 1 0 0 0 0 0 1 0 0 0
30 2 0 0 1 0 0 1 0 0 0 0 0 0
fl=./elf/../sysdeps/generic/dl-hash.h
fn=__rtld_malloc_init_real
43 1 0 0 0 0 0 0 0 0 0 0 0 0
44 1 0 0 0 0 0 0 0 0 0 0 0 0
45 19 2 2 6 1 1 0 0 0 6 5 0 0
48 18 0 0 0 0 0 0 0 0 0 0 0 0
62 24 0 0 0 0 0 0 0 0 0 0 0 0
67 1 0 0 0 0 0 0 0 0 0 0 0 0
72 1 0 0 0 0 0 1 0 0 0 0 0 0
fl=./elf/../sysdeps/generic/dl-protected.h
fn=do_lookup_x
29 4216 0 0 0 0 0 0 0 0 2108 2 0 0
44 14861 0 0 0 0 0 4246 0 0 0 0 0 0
fl=./elf/../sysdeps/generic/ldsodefs.h
fn=_dl_relocate_object
138 10188 0 0 3396 0 0 0 0 0 0 0 0 0
fn=_dl_start
80 3 0 0 2 0 0 0 0 0 0 0 0 0
fn=do_lookup_x
137 4216 1 1 2108 0 0 0 0 0 0 0 0 0
138 6324 0 0 0 0 0 0 0 0 0 0 0 0
fl=./elf/../sysdeps/nptl/dl-mutex.c
fn=__rtld_mutex_init
30 4 1 1 0 0 0 3 0 0 0 0 0 0
37 1 0 0 1 0 0 0 0 0 0 0 0 0
40 7 1 1 0 0 0 1 0 0 0 0 0 0
44 2 0 0 0 0 0 0 0 0 1 0 0 0
45 9 0 0 3 0 0 1 0 0 1 0 0 0
47 6 1 1 0 0 0 1 0 0 0 0 0 0
51 2 0 0 0 0 0 0 0 0 1 0 0 0
52 7 0 0 3 0 0 1 0 0 1 0 0 0
53 4 0 0 4 0 0 0 0 0 0 0 0 0
fl=./elf/../sysdeps/nptl/dl-tls_init_tp.c
fn=__tls_init_tp
68 3 0 0 0 0 0 1 0 0 0 0 0 0
69 1 0 0 1 0 0 0 0 0 0 0 0 0
72 1 0 0 0 0 0 0 0 0 0 0 0 0
75 4 1 1 0 0 0 1 0 0 0 0 0 0
76 2 0 0 0 0 0 1 0 0 0 0 0 0
77 1 0 0 0 0 0 1 0 0 0 0 0 0
82 2 0 0 1 0 0 1 0 0 0 0 0 0
87 4 0 0 0 0 0 1 0 0 0 0 0 0
90 1 1 1 0 0 0 1 0 0 0 0 0 0
93 3 0 0 0 0 0 0 0 0 0 0 0 0
106 4 0 0 0 0 0 1 0 0 0 0 0 0
123 3 0 0 2 1 0 1 0 0 0 0 0 0
130 2 1 1 1 0 0 1 0 0 0 0 0 0
132 1 0 0 0 0 0 1 0 0 0 0 0 0
133 1 0 0 0 0 0 1 0 0 0 0 0 0
134 3 0 0 2 0 0 0 0 0 0 0 0 0
fn=__tls_pre_init_tp
53 3 1 1 0 0 0 0 0 0 0 0 0 0
56 10 1 1 0 0 0 3 1 1 0 0 0 0
61 2 0 0 0 0 0 1 0 0 0 0 0 0
62 1 0 0 0 0 0 1 0 0 0 0 0 0
64 1 0 0 1 0 0 0 0 0 0 0 0 0
fn=rtld_mutex_dummy
42 258 0 0 0 0 0 0 0 0 0 0 0 0
44 516 0 0 258 0 0 0 0 0 0 0 0 0
fl=./elf/../sysdeps/nptl/pthread_early_init.h
fn=__libc_early_init
33 6 0 0 0 0 0 1 0 0 1 0 0 0
34 6 0 0 1 0 0 0 0 0 0 0 0 0
45 2 1 1 2 0 0 0 0 0 0 0 0 0
46 1 0 0 0 0 0 0 0 0 0 0 0 0
52 7 1 1 0 0 0 1 0 0 0 0 0 0
53 1 0 0 0 0 0 1 0 0 0 0 0 0
54 1 0 0 0 0 0 1 1 1 0 0 0 0
57 1 0 0 0 0 0 1 0 0 0 0 0 0
fl=./elf/../sysdeps/posix/dl-fileid.h
fn=_dl_map_object_from_fd
37 25 1 1 5 0 0 5 0 0 5 0 0 0
40 20 1 1 15 0 0 5 0 0 0 0 0 0
49 69 1 1 33 1 1 0 0 0 30 8 0 0
fl=./elf/../sysdeps/unix/sysv/linux/brk.c
fn=brk
35 1 1 1 0 0 0 0 0 0 0 0 0 0
36 3 0 0 0 0 0 1 1 1 0 0 0 0
37 2 0 0 0 0 0 0 0 0 1 0 0 0
43 1 0 0 0 0 0 0 0 0 0 0 0 0
44 1 0 0 1 0 0 0 0 0 0 0 0 0
fl=./elf/../sysdeps/unix/sysv/linux/dl-osinfo.h
fn=dl_main
64 2 0 0 1 0 0 0 0 0 0 0 0 0
fl=./elf/../sysdeps/unix/sysv/linux/dl-sysdep.c
fn=_dl_discover_osversion
46 5 1 1 0 0 0 3 0 0 0 0 0 0
48 3 0 0 1 0 0 0 0 0 1 1 0 0
88 4 1 1 0 0 0 1 1 1 1 0 0 0
103 1 0 0 0 0 0 0 0 0 0 0 0 0
107 1 0 0 0 0 0 0 0 0 0 0 0 0
108 1 0 0 0 0 0 0 0 0 0 0 0 0
110 12 1 1 3 1 1 0 0 0 3 0 0 0
112 6 0 0 0 0 0 0 0 0 0 0 0 0
114 26 0 0 6 0 0 0 0 0 6 2 0 0
116 3 0 0 0 0 0 0 0 0 0 0 0 0
117 12 0 0 0 0 0 0 0 0 0 0 0 0
120 3 1 1 0 0 0 0 0 0 0 0 0 0
121 3 0 0 0 0 0 0 0 0 0 0 0 0
122 3 0 0 0 0 0 0 0 0 0 0 0 0
124 15 0 0 0 0 0 0 0 0 6 2 0 0
133 5 0 0 4 0 0 0 0 0 0 0 0 0
fn=_dl_sysdep_start
36 2 0 0 0 0 0 1 0 0 0 0 0 0
fl=./elf/../sysdeps/unix/sysv/linux/dl-vdso-setup.h
fn=dl_main
30 3 1 1 0 0 0 2 0 0 0 0 0 0
33 1 1 1 0 0 0 1 0 0 0 0 0 0
36 1 0 0 0 0 0 1 0 0 0 0 0 0
39 1 0 0 0 0 0 1 0 0 0 0 0 0
45 1 1 1 0 0 0 1 0 0 0 0 0 0
fl=./elf/../sysdeps/unix/sysv/linux/dl-vdso.h
fn=dl_main
40 1 1 1 1 0 0 0 0 0 0 0 0 0
41 2 0 0 0 0 0 0 0 0 1 1 0 0
55 2 0 0 0 0 0 0 0 0 0 0 0 0
fl=./elf/../sysdeps/unix/sysv/linux/rseq-internal.h
fn=__tls_init_tp
32 3 0 0 1 0 0 0 0 0 1 0 0 0
34 7 1 1 0 0 0 0 0 0 0 0 0 0
37 2 0 0 0 0 0 0 0 0 1 0 0 0
40 1 0 0 0 0 0 1 0 0 0 0 0 0
fl=./elf/../sysdeps/unix/sysv/linux/x86/cpu-features.c
fn=init_cpu_features.constprop.0
27 6 0 0 0 0 0 0 0 0 1 0 0 0
fl=./elf/../sysdeps/unix/sysv/linux/x86/dl-minsigstacksize.h
fn=get_common_indices.constprop.0
24 2 1 1 1 0 0 0 0 0 1 0 0 0
27 2 0 0 1 0 0 0 0 0 1 0 0 0
28 2 0 0 1 0 0 0 0 0 1 0 0 0
65 3 0 0 0 0 0 0 0 0 0 0 0 0
72 1 0 0 0 0 0 0 0 0 0 0 0 0
74 1 1 1 0 0 0 1 0 0 0 0 0 0
fl=./elf/../sysdeps/x86/cpu-features.c
fn=get_common_indices.constprop.0
325 1 1 1 0 0 0 1 0 0 0 0 0 0
329 4 0 0 0 0 0 0 0 0 1 0 0 0
332 5 1 1 0 0 0 3 0 0 0 0 0 0
336 1 0 0 0 0 0 1 0 0 0 0 0 0
337 4 0 0 0 0 0 1 0 0 0 0 0 0
338 4 0 0 0 0 0 1 0 0 0 0 0 0
339 4 0 0 0 0 0 1 0 0 0 0 0 0
340 3 0 0 0 0 0 1 0 0 0 0 0 0
341 2 0 0 1 0 0 0 0 0 1 0 0 0
348 2 1 1 1 0 0 0 0 0 1 0 0 0
350 9 0 0 0 0 0 4 1 1 0 0 0 0
355 8 0 0 0 0 0 4 1 1 0 0 0 0
362 2 1 1 1 0 0 0 0 0 1 0 0 0
363 7 1 1 0 0 0 4 1 1 0 0 0 0
369 2 0 0 1 0 0 0 0 0 1 1 0 0
384 2 0 0 2 0 0 0 0 0 0 0 0 0
fn=init_cpu_features.constprop.0
303 3 0 0 0 0 0 0 0 0 0 0 0 0
304 2 0 0 0 0 0 0 0 0 1 0 0 0
305 6 1 1 0 0 0 4 0 0 0 0 0 0
310 2 0 0 0 0 0 0 0 0 1 0 0 0
311 6 0 0 0 0 0 4 0 0 0 0 0 0
316 2 0 0 0 0 0 0 0 0 1 0 0 0
317 6 1 1 0 0 0 4 0 0 0 0 0 0
399 7 2 2 0 0 0 6 0 0 0 0 0 0
402 1 0 0 0 0 0 1 1 1 0 0 0 0
403 1 0 0 0 0 0 1 0 0 0 0 0 0
404 1 0 0 0 0 0 1 0 0 0 0 0 0
415 3 0 0 0 0 0 1 0 0 0 0 0 0
418 6 1 1 0 0 0 0 0 0 3 1 0 0
419 1 1 1 0 0 0 0 0 0 0 0 0 0
422 2 0 0 0 0 0 0 0 0 0 0 0 0
424 6 2 2 0 0 0 1 1 1 0 0 0 0
429 1 0 0 0 0 0 1 0 0 0 0 0 0
431 3 0 0 1 0 0 0 0 0 1 1 0 0
433 4 1 1 2 0 0 1 0 0 0 0 0 0
434 15 2 2 0 0 0 0 0 0 5 1 0 0
489 3 1 1 1 0 0 0 0 0 1 0 0 0
503 1 0 0 1 0 0 0 0 0 0 0 0 0
513 11 1 1 1 1 1 0 0 0 2 0 1 1
516 1 0 0 1 0 0 0 0 0 0 0 0 0
555 1 0 0 1 0 0 0 0 0 0 0 0 0
556 1 0 0 0 0 0 0 0 0 0 0 0 0
564 2 1 1 1 0 0 0 0 0 1 0 0 0
571 2 0 0 1 0 0 0 0 0 1 0 0 0
573 1 0 0 1 0 0 0 0 0 0 0 0 0
577 2 0 0 1 0 0 0 0 0 1 0 0 0
583 2 0 0 1 0 0 0 0 0 1 1 0 0
593 1 1 1 0 0 0 0 0 0 0 0 0 0
687 5 1 1 1 0 0 0 0 0 1 0 0 0
688 1 0 0 1 0 0 0 0 0 0 0 0 0
691 2 0 0 0 0 0 0 0 0 1 0 0 0
692 1 0 0 1 0 0 0 0 0 0 0 0 0
698 1 0 0 0 0 0 1 0 0 0 0 0 0
699 1 0 0 0 0 0 1 0 0 0 0 0 0
701 1 0 0 0 0 0 1 0 0 0 0 0 0
706 4 0 0 0 0 0 1 0 0 0 0 0 0
710 3 1 1 1 0 0 0 0 0 1 0 0 0
723 2 0 0 0 0 0 0 0 0 0 0 0 0
724 4 0 0 1 0 0 0 0 0 1 1 0 0
770 1 0 0 0 0 0 1 0 0 0 0 0 0
771 2 1 1 1 0 0 0 0 0 1 1 0 0
775 3 1 1 1 0 0 0 0 0 1 1 0 0
792 2 1 1 0 0 0 0 0 0 0 0 0 0
793 2 0 0 0 0 0 0 0 0 1 0 0 0
795 3 1 1 0 0 0 0 0 0 1 0 0 0
796 2 0 0 1 0 0 0 0 0 0 0 0 0
798 3 0 0 0 0 0 0 0 0 1 0 0 0
799 2 0 0 0 0 0 0 0 0 0 0 0 0
802 2 0 0 0 0 0 1 0 0 0 0 0 0
817 4 1 1 0 0 0 1 0 0 0 0 0 0
819 4 0 0 0 0 0 1 0 0 0 0 0 0
829 2 1 1 1 0 0 0 0 0 0 0 0 0
874 8 0 0 7 0 0 0 0 0 0 0 0 0
fn=update_active.constprop.0
43 7 1 1 0 0 0 6 1 1 0 0 0 0
47 1 0 0 1 0 0 0 0 0 0 0 0 0
55 3 0 0 1 0 0 0 0 0 0 0 0 0
56 3 0 0 0 0 0 0 0 0 0 0 0 0
57 1 0 0 1 0 0 0 0 0 0 0 0 0
65 4 1 1 1 0 0 1 0 0 0 0 0 0
66 1 0 0 1 0 0 0 0 0 0 0 0 0
74 4 1 1 1 0 0 1 0 0 0 0 0 0
75 1 0 0 1 0 0 0 0 0 0 0 0 0
76 3 0 0 0 0 0 1 0 0 0 0 0 0
80 4 0 0 0 0 0 1 0 0 0 0 0 0
83 3 0 0 1 0 0 0 0 0 0 0 0 0
84 1 0 0 1 0 0 0 0 0 0 0 0 0
87 3 0 0 1 0 0 0 0 0 0 0 0 0
88 2 0 0 1 0 0 1 1 1 0 0 0 0
92 8 1 1 1 0 0 2 0 0 0 0 0 0
93 3 0 0 2 0 0 0 0 0 0 0 0 0
94 3 1 1 2 0 0 0 0 0 0 0 0 0
95 1 0 0 1 0 0 0 0 0 0 0 0 0
97 4 0 0 1 0 0 1 0 0 0 0 0 0
98 3 1 1 2 1 1 0 0 0 0 0 0 0
100 2 0 0 0 0 0 0 0 0 1 0 0 0
101 4 0 0 0 0 0 1 0 0 0 0 0 0
104 4 0 0 0 0 0 1 0 0 0 0 0 0
105 4 1 1 0 0 0 1 0 0 0 0 0 0
109 2 0 0 0 0 0 0 0 0 1 0 0 0
113 2 0 0 0 0 0 0 0 0 0 0 0 0
115 4 0 0 0 0 0 0 0 0 1 1 0 0
119 2 1 1 0 0 0 0 0 0 1 0 0 0
121 1 0 0 0 0 0 0 0 0 0 0 0 0
124 2 1 1 0 0 0 0 0 0 1 1 0 0
126 2 0 0 0 0 0 1 0 0 0 0 0 0
130 1 0 0 0 0 0 0 0 0 0 0 0 0
131 1 0 0 1 1 1 0 0 0 0 0 0 0
134 4 0 0 0 0 0 1 0 0 0 0 0 0
140 4 0 0 0 0 0 1 0 0 0 0 0 0
142 4 1 1 2 0 0 1 0 0 0 0 0 0
144 3 0 0 0 0 0 1 0 0 0 0 0 0
149 4 0 0 0 0 0 0 0 0 1 1 0 0
198 3 0 0 0 0 0 0 0 0 1 0 0 0
210 2 0 0 0 0 0 1 0 0 0 0 0 0
211 1 0 0 1 0 0 0 0 0 0 0 0 0
214 4 1 1 1 0 0 1 0 0 0 0 0 0
218 2 0 0 1 0 0 0 0 0 1 1 0 0
222 3 1 1 0 0 0 0 0 0 0 0 0 0
223 2 0 0 0 0 0 0 0 0 1 0 0 0
225 1 0 0 0 0 0 0 0 0 0 0 0 0
226 1 0 0 0 0 0 0 0 0 0 0 0 0
229 2 0 0 0 0 0 1 0 0 0 0 0 0
231 1 0 0 0 0 0 1 0 0 0 0 0 0
234 2 0 0 0 0 0 0 0 0 1 1 0 0
285 3 0 0 1 0 0 0 0 0 1 1 0 0
289 3 0 0 1 0 0 0 0 0 1 1 0 0
296 1 0 0 0 0 0 1 0 0 0 0 0 0
297 8 0 0 7 0 0 0 0 0 0 0 0 0
fl=./elf/../sysdeps/x86/dl-cacheinfo.h
fn=get_common_cache_info.constprop.0
481 9 1 1 0 0 0 6 0 0 0 0 0 0
496 1 0 0 1 0 0 0 0 0 0 0 0 0
497 1 0 0 1 0 0 0 0 0 0 0 0 0
498 2 0 0 1 0 0 1 0 0 0 0 0 0
499 1 0 0 1 0 0 0 0 0 0 0 0 0
505 1 0 0 0 0 0 1 0 0 0 0 0 0
507 8 1 1 3 0 0 2 0 0 0 0 0 0
510 4 1 1 0 0 0 2 0 0 1 0 0 0
521 1 0 0 0 0 0 0 0 0 0 0 0 0
526 3 0 0 1 0 0 0 0 0 1 0 0 0
530 2 0 0 0 0 0 0 0 0 1 1 0 0
535 6 1 1 1 0 0 1 0 0 1 1 0 0
538 23 2 2 0 0 0 0 0 0 1 0 0 0
545 8 0 0 0 0 0 0 0 0 4 0 0 0
548 26 0 0 0 0 0 0 0 0 4 1 0 0
553 2 1 1 0 0 0 0 0 0 1 0 0 0
557 3 0 0 0 0 0 0 0 0 0 0 0 0
558 1 0 0 0 0 0 0 0 0 0 0 0 0
562 6 0 0 0 0 0 0 0 0 3 2 0 0
566 3 0 0 0 0 0 0 0 0 0 0 0 0
569 4 0 0 0 0 0 1 0 0 0 0 0 0
570 1 0 0 0 0 0 0 0 0 0 0 0 0
575 4 0 0 0 0 0 0 0 0 2 2 0 0
581 4 0 0 0 0 0 0 0 0 1 0 0 0
589 7 0 0 1 0 0 0 0 0 0 0 0 0
591 2 0 0 0 0 0 0 0 0 1 0 0 0
593 5 0 0 0 0 0 0 0 0 2 1 0 0
595 12 1 1 0 0 0 0 0 0 1 1 0 0
597 1 0 0 0 0 0 0 0 0 0 0 0 0
598 1 0 0 0 0 0 0 0 0 0 0 0 0
599 9 0 0 1 0 0 0 0 0 2 0 0 0
601 4 1 1 0 0 0 0 0 0 2 1 0 0
604 2 0 0 0 0 0 0 0 0 1 0 0 0
609 1 0 0 0 0 0 0 0 0 0 0 0 0
611 5 0 0 0 0 0 0 0 0 0 0 0 0
612 3 0 0 0 0 0 0 0 0 0 0 0 0
613 1 1 1 0 0 0 0 0 0 0 0 0 0
616 2 0 0 0 0 0 0 0 0 0 0 0 0
619 2 1 1 0 0 0 0 0 0 1 0 0 0
626 1 0 0 0 0 0 0 0 0 0 0 0 0
628 4 0 0 0 0 0 0 0 0 0 0 0 0
629 1 0 0 0 0 0 0 0 0 0 0 0 0
634 2 1 1 0 0 0 0 0 0 0 0 0 0
639 2 0 0 0 0 0 0 0 0 1 0 0 0
640 1 0 0 0 0 0 0 0 0 0 0 0 0
641 2 0 0 0 0 0 0 0 0 1 0 0 0
642 3 0 0 0 0 0 0 0 0 0 0 0 0
643 2 0 0 1 0 0 0 0 0 1 0 0 0
681 4 1 1 0 0 0 0 0 0 2 0 0 0
682 5 0 0 0 0 0 0 0 0 0 0 0 0
686 2 0 0 1 0 0 0 0 0 1 1 0 0
693 1 0 0 0 0 0 1 0 0 0 0 0 0
694 1 0 0 0 0 0 1 0 0 0 0 0 0
695 7 0 0 7 0 0 0 0 0 0 0 0 0
fn=handle_intel.constprop.0
250 96 0 0 0 0 0 72 0 0 0 0 0 0
255 24 1 1 12 0 0 0 0 0 12 0 0 0
261 24 0 0 0 0 0 12 0 0 0 0 0 0
263 12 0 0 0 0 0 12 0 0 0 0 0 0
264 36 1 1 0 0 0 12 0 0 0 0 0 0
266 15 0 0 1 0 0 0 0 0 1 0 0 0
272 60 0 0 0 0 0 12 0 0 0 0 0 0
277 24 0 0 0 0 0 0 0 0 12 0 0 0
279 24 0 0 0 0 0 12 0 0 0 0 0 0
280 12 0 0 0 0 0 0 0 0 0 0 0 0
284 48 1 1 0 0 0 12 1 1 0 0 0 0
286 24 0 0 0 0 0 0 0 0 12 0 0 0
289 60 0 0 0 0 0 12 0 0 0 0 0 0
291 24 0 0 0 0 0 0 0 0 12 11 0 0
294 5 0 0 0 0 0 1 0 0 0 0 0 0
296 2 0 0 0 0 0 0 0 0 1 0 0 0
299 5 0 0 1 0 0 1 0 0 0 0 0 0
301 2 0 0 0 0 0 0 0 0 1 0 0 0
305 3 0 0 0 0 0 0 0 0 1 1 0 0
310 96 1 1 84 0 0 0 0 0 0 0 0 0
fn=init_cpu_features.constprop.0
706 1 0 0 0 0 0 1 0 0 0 0 0 0
708 1 1 1 0 0 0 1 0 0 0 0 0 0
722 2 0 0 0 0 0 0 0 0 1 1 0 0
724 5 1 1 0 0 0 3 1 1 0 0 0 0
725 3 0 0 0 0 0 1 0 0 0 0 0 0
726 4 1 1 0 0 0 2 0 0 0 0 0 0
729 3 0 0 0 0 0 2 0 0 0 0 0 0
731 3 0 0 0 0 0 2 0 0 0 0 0 0
732 1 0 0 0 0 0 1 0 0 0 0 0 0
734 3 0 0 0 0 0 2 0 0 0 0 0 0
736 3 0 0 0 0 0 2 0 0 0 0 0 0
737 1 0 0 0 0 0 1 0 0 0 0 0 0
739 3 1 1 0 0 0 2 0 0 0 0 0 0
741 3 0 0 0 0 0 2 0 0 0 0 0 0
744 3 0 0 0 0 0 2 0 0 0 0 0 0
746 3 0 0 0 0 0 1 0 0 0 0 0 0
748 3 1 1 0 0 0 2 0 0 0 0 0 0
750 4 0 0 0 0 0 1 0 0 0 0 0 0
840 18 3 3 10 0 0 6 2 2 0 0 0 0
863 15 1 1 2 0 0 1 0 0 0 0 0 0
885 2 0 0 1 0 0 0 0 0 1 1 0 0
886 1 0 0 1 0 0 0 0 0 0 0 0 0
893 11 2 2 0 0 0 0 0 0 0 0 0 0
910 4 1 1 1 0 0 0 0 0 0 0 0 0
923 4 0 0 1 0 0 1 0 0 0 0 0 0
931 5 0 0 1 0 0 1 0 0 0 0 0 0
933 2 1 1 0 0 0 0 0 0 1 1 0 0
936 5 0 0 1 0 0 1 0 0 0 0 0 0
938 4 0 0 1 0 0 1 0 0 0 0 0 0
941 5 1 1 1 0 0 1 0 0 0 0 0 0
942 5 0 0 0 0 0 1 0 0 1 0 0 0
946 6 1 1 1 0 0 2 0 0 0 0 0 0
947 3 0 0 1 0 0 0 0 0 1 1 0 0
953 8 0 0 3 0 0 2 0 0 0 0 0 0
956 15 2 2 1 0 0 6 0 0 0 0 0 0
957 9 1 1 1 0 0 4 0 0 0 0 0 0
958 12 1 1 1 0 0 5 0 0 0 0 0 0
961 8 0 0 0 0 0 4 0 0 0 0 0 0
963 8 1 1 0 0 0 4 0 0 0 0 0 0
967 7 1 1 4 0 0 3 0 0 0 0 0 0
970 1 0 0 0 0 0 0 0 0 0 0 0 0
fn=intel_check_word.constprop.0
110 690 0 0 345 8 8 0 0 0 345 8 0 0
113 345 0 0 0 0 0 0 0 0 345 31 0 0
119 104 0 0 0 0 0 78 0 0 0 0 0 0
123 78 1 1 0 0 0 0 0 0 26 0 0 0
125 15 0 0 0 0 0 0 0 0 0 0 0 0
129 156 0 0 0 0 0 0 0 0 0 0 0 0
131 154 1 1 0 0 0 0 0 0 77 4 0 0
133 63 1 1 0 0 0 0 0 0 0 0 0 0
135 126 0 0 0 0 0 0 0 0 63 0 0 0
143 126 0 0 0 0 0 0 0 0 63 2 0 0
152 54 1 1 0 0 0 0 0 0 21 7 0 0
155 120 2 2 0 0 0 0 0 0 0 0 0 0
158 99 0 0 0 0 0 0 0 0 33 1 0 0
162 64 0 0 0 0 0 0 0 0 0 0 0 0
164 186 0 0 0 0 0 0 0 0 39 14 0 0
166 84 0 0 0 0 0 0 0 0 24 6 0 0
168 44 0 0 0 0 0 0 0 0 11 5 0 0
169 32 0 0 0 0 0 0 0 0 8 3 0 0
170 10 0 0 0 0 0 0 0 0 5 3 0 0
172 11 1 1 0 0 0 0 0 0 0 0 0 0
174 22 0 0 0 0 0 0 0 0 11 4 0 0
176 12 1 1 0 0 0 0 0 0 0 0 0 0
177 16 0 0 0 0 0 0 0 0 0 0 0 0
178 12 1 1 0 0 0 0 0 0 0 0 0 0
179 20 0 0 0 0 0 0 0 0 0 0 0 0
180 14 0 0 0 0 0 0 0 0 7 3 0 0
181 12 1 1 0 0 0 0 0 0 0 0 0 0
183 8 0 0 0 0 0 0 0 0 4 0 0 0
184 12 0 0 0 0 0 0 0 0 0 0 0 0
187 21 0 0 0 0 0 0 0 0 0 0 0 0
194 204 0 0 0 0 0 0 0 0 51 7 0 0
202 200 0 0 50 0 0 0 0 0 0 0 0 0
216 51 0 0 0 0 0 0 0 0 0 0 0 0
246 104 0 0 104 0 0 0 0 0 0 0 0 0
fl=./elf/../sysdeps/x86/dl-cet.c
fn=_dl_cet_check
41 2 0 0 0 0 0 0 0 0 0 0 0 0
42 1 0 0 1 1 1 0 0 0 0 0 0 0
44 1 0 0 0 0 0 0 0 0 0 0 0 0
45 1 0 0 0 0 0 0 0 0 0 0 0 0
48 4 1 1 0 0 0 0 0 0 1 0 0 0
49 2 0 0 0 0 0 0 0 0 0 0 0 0
51 1 0 0 1 0 0 0 0 0 0 0 0 0
62 2 0 0 0 0 0 0 0 0 1 1 0 0
252 8 1 1 0 0 0 6 0 0 0 0 0 0
254 8 1 1 7 0 0 0 0 0 0 0 0 0
fl=./elf/../sysdeps/x86/dl-get-cpu-features.c
fn=__x86_cpu_features
39 3 0 0 1 1 0 0 0 0 1 0 0 0
71 3 1 0 1 0 0 0 0 0 0 0 0 0
fn=_dl_x86_init_cpu_features
37 1 1 1 0 0 0 0 0 0 0 0 0 0
39 3 0 0 1 0 0 0 0 0 1 1 0 0
41 1 1 1 0 0 0 0 0 0 0 0 0 0
fl=./elf/../sysdeps/x86/dl-hwcap.h
fn=_dl_important_hwcaps
57 3 0 0 0 0 0 0 0 0 0 0 0 0
fl=./elf/../sysdeps/x86/dl-procinfo.h
fn=_dl_load_cache_lookup
39 8 1 1 0 0 0 0 0 0 4 0 0 0
42 28 0 0 0 0 0 12 1 1 4 2 0 0
fl=./elf/../sysdeps/x86/dl-prop.h
fn=_dl_map_object_from_fd
95 40 0 0 20 0 0 0 0 0 20 3 0 0
100 5 0 0 0 0 0 0 0 0 0 0 0 0
101 10 0 0 0 0 0 5 0 0 0 0 0 0
102 5 1 1 0 0 0 5 0 0 0 0 0 0
103 5 0 0 0 0 0 0 0 0 0 0 0 0
105 35 0 0 0 0 0 0 0 0 10 2 0 0
108 15 1 1 5 0 0 0 0 0 5 0 0 0
109 10 0 0 5 0 0 0 0 0 5 0 0 0
110 10 0 0 5 0 0 0 0 0 5 0 0 0
114 15 0 0 5 0 0 0 0 0 5 0 0 0
118 15 0 0 0 0 0 5 0 0 0 0 0 0
121 15 1 1 5 0 0 0 0 0 0 0 0 0
122 10 0 0 0 0 0 0 0 0 5 0 0 0
126 5 0 0 0 0 0 0 0 0 0 0 0 0
127 20 0 0 0 0 0 5 0 0 0 0 0 0
131 18 1 1 7 0 0 0 0 0 0 0 0 0
132 7 0 0 7 0 0 0 0 0 0 0 0 0
135 14 0 0 0 0 0 0 0 0 7 0 0 0
138 7 0 0 0 0 0 0 0 0 0 0 0 0
139 28 0 0 0 0 0 0 0 0 7 0 0 0
144 14 1 1 0 0 0 0 0 0 0 0 0 0
146 28 0 0 0 0 0 0 0 0 7 2 0 0
151 14 0 0 0 0 0 0 0 0 7 0 0 0
164 14 0 0 0 0 0 0 0 0 7 1 0 0
165 17 0 0 7 3 3 5 0 0 0 0 0 0
166 4 0 0 0 0 0 0 0 0 2 2 0 0
170 6 0 0 2 0 0 2 0 0 0 0 0 0
185 15 0 0 0 0 0 0 0 0 0 0 0 0
187 20 0 0 0 0 0 0 0 0 5 5 0 0
192 5 0 0 0 0 0 0 0 0 0 0 0 0
193 20 0 0 0 0 0 0 0 0 0 0 0 0
198 20 0 0 5 0 0 0 0 0 5 0 0 0
200 20 0 0 5 0 0 5 0 0 0 0 0 0
201 5 0 0 0 0 0 5 0 0 0 0 0 0
203 5 0 0 0 0 0 5 0 0 0 0 0 0
212 15 0 0 10 0 0 0 0 0 0 0 0 0
213 5 0 0 5 0 0 0 0 0 0 0 0 0
fn=dl_main
36 1 1 1 1 0 0 0 0 0 0 0 0 0
37 24 1 1 0 0 0 0 0 0 8 5 0 0
40 8 0 0 8 0 0 0 0 0 0 0 0 0
49 47 0 0 13 0 0 0 0 0 14 1 0 0
53 39 0 0 7 1 0 0 0 0 6 0 0 0
71 3 0 0 0 0 0 1 0 0 0 0 0 0
95 8 0 0 4 0 0 0 0 0 4 1 0 0
100 1 1 1 0 0 0 0 0 0 0 0 0 0
101 2 0 0 0 0 0 1 0 0 0 0 0 0
102 1 0 0 0 0 0 1 0 0 0 0 0 0
103 1 0 0 0 0 0 0 0 0 0 0 0 0
105 9 0 0 0 0 0 1 0 0 2 1 0 0
108 3 1 1 1 0 0 0 0 0 1 0 0 0
109 2 0 0 1 0 0 0 0 0 1 0 0 0
110 2 0 0 1 0 0 0 0 0 1 0 0 0
114 3 0 0 1 0 0 0 0 0 1 0 0 0
118 3 0 0 0 0 0 1 0 0 0 0 0 0
121 3 1 1 1 0 0 0 0 0 0 0 0 0
122 2 0 0 0 0 0 0 0 0 1 0 0 0
126 1 0 0 0 0 0 0 0 0 0 0 0 0
127 4 0 0 0 0 0 1 0 0 0 0 0 0
131 6 1 1 2 0 0 0 0 0 0 0 0 0
132 2 0 0 2 0 0 0 0 0 0 0 0 0
135 4 0 0 0 0 0 0 0 0 2 0 0 0
138 2 0 0 0 0 0 0 0 0 0 0 0 0
139 8 0 0 0 0 0 0 0 0 2 0 0 0
144 4 1 1 0 0 0 0 0 0 0 0 0 0
146 8 0 0 0 0 0 0 0 0 2 2 0 0
151 4 0 0 0 0 0 0 0 0 2 0 0 0
164 4 0 0 0 0 0 0 0 0 2 1 0 0
165 4 0 0 2 0 0 1 0 0 0 0 0 0
166 2 0 0 0 0 0 0 0 0 1 1 0 0
170 3 1 1 1 0 0 1 0 0 0 0 0 0
185 3 0 0 0 0 0 0 0 0 0 0 0 0
187 4 0 0 0 0 0 0 0 0 1 0 0 0
192 1 0 0 0 0 0 0 0 0 0 0 0 0
193 4 0 0 0 0 0 0 0 0 0 0 0 0
198 4 1 1 1 0 0 0 0 0 1 0 0 0
200 4 0 0 1 0 0 1 0 0 0 0 0 0
201 1 0 0 0 0 0 1 0 0 0 0 0 0
203 2 0 0 0 0 0 1 0 0 0 0 0 0
212 5 0 0 4 0 0 0 0 0 0 0 0 0
213 2 0 0 2 0 0 0 0 0 0 0 0 0
fl=./elf/../sysdeps/x86/get-isa-level.h
fn=_dl_hwcaps_subdirs_active
30 2 0 0 0 0 0 0 0 0 1 1 0 0
31 3 1 1 1 0 0 0 0 0 0 0 0 0
32 3 0 0 1 0 0 0 0 0 1 0 0 0
36 3 0 0 0 0 0 0 0 0 1 0 0 0
39 4 0 0 1 0 0 0 0 0 1 0 0 0
40 4 1 1 1 0 0 0 0 0 1 0 0 0
45 4 0 0 0 0 0 0 0 0 1 0 0 0
48 2 0 0 0 0 0 0 0 0 1 0 0 0
49 3 0 0 1 0 0 0 0 0 1 0 0 0
51 4 1 1 0 0 0 0 0 0 1 0 0 0
52 2 0 0 0 0 0 0 0 0 1 0 0 0
53 2 0 0 0 0 0 0 0 0 1 0 0 0
56 2 0 0 0 0 0 0 0 0 1 1 0 0
59 2 0 0 0 0 0 0 0 0 0 0 0 0
fn=update_active.constprop.0
28 1 0 0 0 0 0 0 0 0 0 0 0 0
30 2 0 0 0 0 0 0 0 0 0 0 0 0
31 2 1 1 0 0 0 0 0 0 0 0 0 0
32 3 0 0 0 0 0 0 0 0 1 0 0 0
36 3 0 0 0 0 0 0 0 0 1 1 0 0
38 1 0 0 0 0 0 0 0 0 0 0 0 0
39 3 1 1 1 0 0 0 0 0 1 0 0 0
40 4 0 0 1 0 0 0 0 0 1 0 0 0
45 4 1 1 0 0 0 0 0 0 0 0 0 0
47 1 0 0 0 0 0 0 0 0 0 0 0 0
48 2 0 0 0 0 0 0 0 0 1 0 0 0
49 3 0 0 1 0 0 0 0 0 1 0 0 0
51 4 1 1 0 0 0 0 0 0 0 0 0 0
52 2 0 0 0 0 0 0 0 0 1 0 0 0
53 2 0 0 0 0 0 0 0 0 1 0 0 0
55 1 0 0 0 0 0 0 0 0 0 0 0 0
56 2 0 0 0 0 0 0 0 0 1 1 0 0
59 2 0 0 0 0 0 0 0 0 0 0 0 0
fl=./elf/../sysdeps/x86_64/dl-hwcaps-subdirs.c
fn=_dl_hwcaps_subdirs_active
29 1 1 1 0 0 0 0 0 0 0 0 0 0
38 3 0 0 0 0 0 0 0 0 0 0 0 0
43 1 0 0 0 0 0 0 0 0 0 0 0 0
48 1 0 0 0 0 0 0 0 0 0 0 0 0
52 1 0 0 1 0 0 0 0 0 0 0 0 0
fl=./elf/../sysdeps/x86_64/dl-machine.h
fn=_dl_fixup
229 11 0 0 0 0 0 11 0 0 0 0 0 0
fn=_dl_relocate_object
71 24 0 0 6 0 0 0 0 0 6 2 0 0
77 16 0 0 12 2 0 0 0 0 4 2 0 0
81 12 0 0 4 4 4 0 0 0 4 0 0 0
87 4 0 0 0 0 0 4 0 0 0 0 0 0
95 12 1 1 4 0 0 0 0 0 4 0 0 0
115 8 0 0 4 0 0 0 0 0 4 0 0 0
117 8 0 0 0 0 0 4 0 0 0 0 0 0
119 20 0 0 4 1 0 0 0 0 0 0 0 0
262 6826 0 0 0 0 0 0 0 0 0 0 0 0
283 6826 0 0 0 0 0 0 0 0 3413 0 0 0
287 6826 0 0 0 0 0 0 0 0 3413 0 0 0
294 141942 11 11 33393 1743 1331 16046 2 0 17813 1086 0 0
296 27194 4 4 10200 2 0 0 0 0 6796 17 0 0
299 13579 1 1 3381 0 0 0 0 0 3398 10 0 0
300 4 0 0 0 0 0 0 0 0 2 2 0 0
301 15 0 0 3 0 0 0 0 0 3 0 0 0
304 6 0 0 0 0 0 0 0 0 3 0 0 0
305 9 1 1 3 0 0 0 0 0 3 2 0 0
316 8 1 1 0 0 0 6 0 0 0 0 0 0
323 12 0 0 6 0 0 3 0 0 0 0 3 3
326 20478 0 0 3413 5 3 0 0 0 3413 3 3413 16
360 6 1 1 0 0 0 0 0 0 3 0 0 0
361 9 0 0 6 2 0 3 1 1 0 0 0 0
368 6 0 0 2 0 0 0 0 0 2 0 0 0
370 4 0 0 4 1 1 0 0 0 0 0 0 0
379 4 0 0 2 0 0 2 1 0 0 0 0 0
422 54 1 1 18 0 0 0 0 0 18 1 0 0
426 72 0 0 18 0 0 0 0 0 18 0 0 0
431 54 0 0 36 2 2 0 0 0 0 0 0 0
440 36 0 0 18 0 0 18 6 6 0 0 0 0
450 10164 2 2 6774 424 423 3390 1106 433 0 0 0 0
474 28 0 0 0 0 0 7 0 0 0 0 0 0
484 18 0 0 0 0 0 6 0 0 0 0 0 0
507 4 0 0 4 0 0 0 0 0 0 0 0 0
508 6 1 1 2 0 0 0 0 0 2 0 0 0
509 2 0 0 0 0 0 2 0 0 0 0 2 2
510 4 0 0 2 0 0 2 0 0 0 0 0 0
529 6318 0 0 2106 263 263 0 0 0 0 0 0 0
530 2106 1 1 0 0 0 2106 476 467 0 0 0 0
534 4212 0 0 0 0 0 0 0 0 2106 1 0 0
535 4212 0 0 2106 263 263 0 0 0 0 0 0 0
545 2346 0 0 1173 0 0 0 0 0 0 0 0 0
549 2232 0 0 0 0 0 0 0 0 1116 0 0 0
552 3348 0 0 1116 0 0 0 0 0 1116 0 0 0
553 1116 0 0 1116 145 143 0 0 0 0 0 0 0
579 114 0 0 114 0 0 0 0 0 0 0 0 0
581 57 0 0 0 0 0 57 0 0 0 0 57 57
582 57 0 0 0 0 0 57 1 1 0 0 0 0
fn=_dl_start
45 1 0 0 0 0 0 0 0 0 0 0 0 0
71 1 0 0 1 0 0 0 0 0 0 0 0 0
287 21 0 0 0 0 0 0 0 0 7 0 0 0
296 70 1 1 28 7 7 0 0 0 14 0 0 0
299 14 0 0 0 0 0 0 0 0 7 0 0 0
326 47 2 2 0 0 0 0 0 0 27 7 0 0
346 12 1 1 6 1 1 6 2 2 0 0 0 0
347 6 0 0 0 0 0 0 0 0 0 0 0 0
414 1 1 1 0 0 0 0 0 0 0 0 0 0
534 284 0 0 142 18 18 0 0 0 142 0 0 0
535 426 0 0 142 18 18 142 20 20 0 0 0 0
fn=_dl_sysdep_start
215 1 0 0 0 0 0 1 0 0 0 0 0 0
fl=./elf/../sysdeps/x86_64/dl-runtime.h
fn=_dl_fixup
28 11 0 0 0 0 0 0 0 0 0 0 0 0
fl=./elf/../sysdeps/x86_64/dl-trampoline.h
fn=_dl_runtime_resolve_xsave
67 11 1 1 0 0 0 0 0 0 0 0 0 0
72 11 0 0 0 0 0 11 0 0 0 0 0 0
75 11 0 0 0 0 0 0 0 0 0 0 0 0
77 11 0 0 0 0 0 0 0 0 0 0 0 0
87 11 0 0 11 2 2 0 0 0 0 0 0 0
93 11 0 0 0 0 0 11 3 2 0 0 0 0
94 11 0 0 0 0 0 11 0 0 0 0 0 0
95 11 2 2 0 0 0 11 0 0 0 0 0 0
96 11 0 0 0 0 0 11 0 0 0 0 0 0
97 11 0 0 0 0 0 11 0 0 0 0 0 0
98 11 0 0 0 0 0 11 0 0 0 0 0 0
99 11 0 0 0 0 0 11 0 0 0 0 0 0
103 11 0 0 0 0 0 0 0 0 0 0 0 0
104 11 0 0 0 0 0 0 0 0 0 0 0 0
107 11 0 0 0 0 0 11 2 0 0 0 0 0
108 11 0 0 0 0 0 11 0 0 0 0 0 0
110 11 0 0 0 0 0 11 0 0 0 0 0 0
111 11 0 0 0 0 0 11 0 0 0 0 0 0
112 11 2 2 0 0 0 11 0 0 0 0 0 0
113 11 0 0 0 0 0 11 0 0 0 0 0 0
114 11 0 0 0 0 0 11 0 0 0 0 0 0
115 11 0 0 0 0 0 11 0 0 0 0 0 0
117 11 0 0 11 0 0 363 21 8 0 0 0 0
124 11 0 0 11 0 0 0 0 0 0 0 0 0
125 11 0 0 11 0 0 0 0 0 0 0 0 0
126 11 0 0 0 0 0 11 3 1 0 0 0 0
127 11 0 0 0 0 0 0 0 0 0 0 0 0
132 11 0 0 0 0 0 0 0 0 0 0 0 0
133 11 0 0 0 0 0 0 0 0 0 0 0 0
134 11 0 0 396 0 0 0 0 0 0 0 0 0
136 11 2 2 11 0 0 0 0 0 0 0 0 0
137 11 0 0 11 0 0 0 0 0 0 0 0 0
138 11 0 0 11 0 0 0 0 0 0 0 0 0
139 11 0 0 11 0 0 0 0 0 0 0 0 0
140 11 0 0 11 0 0 0 0 0 0 0 0 0
141 11 0 0 11 0 0 0 0 0 0 0 0 0
142 11 0 0 11 0 0 0 0 0 0 0 0 0
144 11 0 0 0 0 0 0 0 0 0 0 0 0
146 11 0 0 11 0 0 0 0 0 0 0 0 0
150 11 0 0 0 0 0 0 0 0 0 0 0 0
152 11 0 0 0 0 0 0 0 0 0 0 11 11
fl=./elf/./dl-find_object.h
fn=_dl_find_object_from_map
95 14 1 1 7 3 0 7 2 1 0 0 0 0
96 14 1 1 7 1 0 7 0 0 0 0 0 0
97 7 0 0 0 0 0 7 3 3 0 0 0 0
103 35 0 0 14 6 0 0 0 0 0 0 0 0
104 200 0 0 0 0 0 0 0 0 69 4 0 0
105 138 1 1 69 59 8 0 0 0 69 20 0 0
107 21 0 0 14 2 0 7 0 0 0 0 0 0
112 7 0 0 7 0 0 0 0 0 0 0 0 0
fl=./elf/./dl-hwcaps.h
fn=_dl_important_hwcaps
54 12 2 2 3 0 0 6 0 0 0 0 0 0
56 8 0 0 2 0 0 6 0 0 0 0 0 0
57 1 0 0 0 0 0 0 0 0 0 0 0 0
88 9 1 1 4 0 0 5 0 0 0 0 0 0
89 8 0 0 3 0 0 5 0 0 0 0 0 0
90 6 0 0 0 0 0 0 0 0 0 0 0 0
fl=./elf/./dl-load.h
fn=_dl_map_object_from_fd
91 40 0 0 0 0 0 0 0 0 20 11 0 0
92 15 0 0 10 0 0 5 0 0 0 0 0 0
94 40 1 1 20 1 1 0 0 0 20 3 0 0
95 20 1 1 12 0 0 0 0 0 4 0 0 0
96 24 0 0 8 0 0 0 0 0 4 0 0 0
97 16 1 1 4 0 0 0 0 0 0 0 0 0
99 16 0 0 0 0 0 4 0 0 0 0 0 0
fl=./elf/./dl-main.h
fn=dl_main
109 5 1 1 4 0 0 1 0 0 0 0 0 0
fl=./elf/./dl-map-segments.h
fn=_dl_map_object_from_fd
28 15 0 0 10 0 0 0 0 0 5 0 0 0
29 45 1 1 20 0 0 10 1 1 0 0 0 0
96 10 0 0 5 0 0 0 0 0 0 0 0 0
102 5 0 0 0 0 0 5 0 0 0 0 0 0
103 15 0 0 5 0 0 0 0 0 5 0 0 0
106 15 1 1 5 0 0 5 0 0 0 0 0 0
107 10 0 0 0 0 0 5 0 0 0 0 0 0
109 10 0 0 5 0 0 0 0 0 5 4 0 0
116 16 0 0 6 0 0 2 0 0 2 0 0 0
119 14 0 0 2 0 0 2 0 0 2 0 0 0
126 5 1 1 5 0 0 0 0 0 0 0 0 0
128 5 0 0 0 0 0 0 0 0 0 0 0 0
136 100 0 0 0 0 0 0 0 0 20 5 0 0
138 60 0 0 30 0 0 0 0 0 15 0 0 0
140 165 1 1 60 0 0 30 0 0 15 4 0 0
141 15 0 0 15 0 0 0 0 0 0 0 0 0
150 80 0 0 40 0 0 0 0 0 20 11 0 0
156 5 0 0 5 0 0 0 0 0 0 0 0 0
157 5 0 0 5 0 0 0 0 0 0 0 0 0
158 25 0 0 5 0 0 0 0 0 0 0 0 0
159 10 0 0 0 0 0 0 0 0 0 0 0 0
166 10 1 1 0 0 0 0 0 0 5 0 0 0
169 10 0 0 0 0 0 0 0 0 5 0 0 0
177 35 0 0 0 0 0 15 0 0 0 0 0 0
178 10 0 0 10 0 0 0 0 0 0 0 0 0
183 10 0 0 0 0 0 0 0 0 5 2 0 0
187 16 1 1 0 0 0 2 0 0 0 0 0 0
190 4 0 0 0 0 0 0 0 0 2 2 0 0
195 20 1 1 0 0 0 0 0 0 0 0 0 0
fl=./elf/./dl-sym-post.h
fn=lookup_malloc_symbol
41 8 0 0 0 0 0 0 0 0 4 1 0 0
53 12 0 0 4 0 0 0 0 0 4 0 0 0
fl=./elf/./dl-tunable-types.h
fn=__GI___tunable_set_val
90 10 0 0 0 0 0 0 0 0 0 0 0 0
fl=./elf/./elf/dl-audit.c
fn=_dl_audit_activity_map
28 6 1 1 0 0 0 4 0 0 0 0 0 0
29 1 0 0 1 0 0 0 0 0 0 0 0 0
30 3 1 1 1 0 0 0 0 0 1 1 0 0
36 6 1 1 5 0 0 0 0 0 0 0 0 0
fn=_dl_audit_activity_nsid
40 18 2 2 0 0 0 12 0 0 0 0 0 0
44 12 0 0 3 0 0 0 0 0 0 0 0 0
45 3 0 0 3 1 1 0 0 0 0 0 0 0
46 12 2 2 0 0 0 0 0 0 6 3 0 0
50 18 0 0 15 0 0 0 0 0 0 0 0 0
fn=_dl_audit_objclose
96 7 1 1 0 0 0 0 0 0 0 0 0 0
97 28 0 0 14 0 0 0 0 0 7 1 0 0
fn=_dl_audit_objopen
76 5 1 1 0 0 0 0 0 0 0 0 0 0
77 20 0 0 10 0 0 0 0 0 5 0 0 0
fn=_dl_audit_preinit
117 1 1 1 0 0 0 0 0 0 0 0 0 0
118 4 0 0 2 0 0 0 0 0 1 0 0 0
fl=./elf/./elf/dl-cache.c
fn=_dl_cache_libcmp
370 108 1 1 0 0 0 0 0 0 0 0 0 0
371 426 1 1 36 0 0 0 0 0 195 10 0 0
373 573 0 0 0 0 0 0 0 0 191 4 0 0
375 199 1 1 0 0 0 0 0 0 4 0 0 0
381 12 0 0 0 0 0 0 0 0 0 0 0 0
382 12 0 0 0 0 0 0 0 0 0 0 0 0
383 171 0 0 159 0 0 0 0 0 4 2 0 0
385 171 0 0 159 1 1 0 0 0 4 2 0 0
387 8 0 0 0 0 0 0 0 0 4 2 0 0
393 374 0 0 0 0 0 0 0 0 187 0 0 0
395 374 0 0 0 0 0 0 0 0 187 32 0 0
396 96 1 1 32 0 0 0 0 0 0 0 0 0
399 155 0 0 0 0 0 0 0 0 0 0 0 0
400 155 0 0 0 0 0 0 0 0 0 0 0 0
403 48 0 0 40 27 27 0 0 0 0 0 0 0
fn=_dl_load_cache_lookup
194 64 0 0 0 0 0 0 0 0 0 0 0 0
208 4 0 0 4 0 0 0 0 0 0 0 0 0
212 32 2 2 4 0 0 12 0 0 0 0 0 0
218 48 1 1 16 0 0 16 0 0 0 0 0 0
219 8 0 0 0 0 0 0 0 0 0 0 0 0
221 20 0 0 0 0 0 0 0 0 0 0 0 0
228 80 1 1 13 0 0 8 0 0 32 4 0 0
230 116 0 0 36 0 0 0 0 0 0 0 0 0
231 64 0 0 32 23 23 0 0 0 0 0 0 0
235 64 0 0 32 0 0 0 0 0 32 0 0 0
239 96 1 1 0 0 0 32 0 0 0 0 0 0
240 64 0 0 0 0 0 0 0 0 32 2 0 0
248 16 1 1 0 0 0 0 0 0 8 2 0 0
250 8 0 0 4 0 0 0 0 0 0 0 0 0
253 8 0 0 0 0 0 0 0 0 4 0 0 0
255 24 0 0 0 0 0 4 0 0 0 0 0 0
257 4 0 0 0 0 0 0 0 0 0 0 0 0
267 8 0 0 0 0 0 0 0 0 4 2 0 0
277 8 1 1 4 0 0 0 0 0 4 0 0 0
278 12 0 0 4 0 0 0 0 0 4 0 0 0
294 8 0 0 0 0 0 0 0 0 4 0 0 0
303 8 0 0 4 0 0 0 0 0 4 0 0 0
306 8 0 0 4 0 0 0 0 0 4 0 0 0
308 12 0 0 4 0 0 0 0 0 4 0 0 0
309 8 0 0 4 0 0 0 0 0 4 0 0 0
314 24 1 1 4 0 0 4 0 0 0 0 0 0
315 16 0 0 4 0 0 0 0 0 4 0 0 0
322 8 0 0 0 0 0 0 0 0 4 0 0 0
343 16 0 0 4 0 0 4 0 0 0 0 0 0
359 28 0 0 0 0 0 0 0 0 28 12 0 0
360 13 0 0 0 0 0 0 0 0 0 0 0 0
362 30 0 0 0 0 0 15 0 0 0 0 0 0
416 40 1 1 0 0 0 24 0 0 0 0 0 0
418 8 0 0 4 0 0 0 0 0 4 0 0 0
421 12 1 1 4 0 0 0 0 0 4 1 0 0
424 5 1 1 0 0 0 1 0 0 0 0 0 0
432 5 1 1 1 0 0 0 0 0 2 0 0 0
433 8 0 0 3 1 1 0 0 0 2 0 0 0
436 7 1 1 0 0 0 0 0 0 1 0 0 0
437 1 0 0 1 0 0 0 0 0 0 0 0 0
444 1 1 1 0 0 0 1 0 0 0 0 0 0
445 2 0 0 0 0 0 1 0 0 0 0 0 0
490 9 0 0 3 0 0 0 0 0 3 0 0 0
495 12 0 0 4 0 0 0 0 0 4 0 0 0
498 12 0 0 4 0 0 4 0 0 0 0 0 0
513 8 0 0 4 0 0 0 0 0 4 0 0 0
525 72 2 2 8 0 0 4 0 0 8 4 0 0
526 16 0 0 4 0 0 4 0 0 0 0 0 0
527 4 0 0 0 0 0 4 0 0 0 0 0 0
528 32 0 0 28 0 0 0 0 0 0 0 0 0
fn=_dl_unload_cache
537 2 1 1 0 0 0 0 0 0 0 0 0 0
538 4 0 0 1 1 0 0 0 0 1 1 0 0
540 2 0 0 1 1 0 1 0 0 0 0 0 0
541 1 1 1 0 0 0 1 0 0 0 0 0 0
545 1 0 0 0 0 0 1 0 0 0 0 0 0
547 2 0 0 1 0 0 0 0 0 0 0 0 0
fl=./elf/./elf/dl-call-libc-early-init.c
fn=_dl_call_libc_early_init
27 4 1 1 0 0 0 2 0 0 0 0 0 0
29 2 0 0 0 0 0 0 0 0 1 0 0 0
33 7 1 1 0 0 0 1 0 0 0 0 0 0
37 2 0 0 0 0 0 0 0 0 1 0 0 0
39 4 0 0 3 0 0 0 0 0 1 0 0 0
40 2 0 0 0 0 0 0 0 0 0 0 1 1
41 3 0 0 2 0 0 0 0 0 0 0 0 0
fl=./elf/./elf/dl-debug.c
fn=_dl_debug_initialize
56 1 1 1 0 0 0 0 0 0 0 0 0 0
57 1 0 0 0 0 0 0 0 0 0 0 0 0
59 2 0 0 0 0 0 0 0 0 1 0 0 0
61 1 0 0 0 0 0 0 0 0 0 0 0 0
63 3 0 0 1 1 1 0 0 0 1 1 0 0
64 2 1 1 0 0 0 1 0 0 0 0 0 0
85 2 1 1 1 0 0 0 0 0 1 0 0 0
90 3 0 0 1 0 0 1 0 0 0 0 0 0
91 2 0 0 0 0 0 1 0 0 0 0 0 0
92 1 0 0 0 0 0 1 0 0 0 0 0 0
95 2 0 0 1 0 0 0 0 0 1 1 0 0
96 6 1 1 1 0 0 1 0 0 0 0 0 0
99 2 0 0 0 0 0 0 0 0 1 1 0 0
107 2 1 1 1 0 0 0 0 0 0 0 0 0
fn=_dl_debug_state
116 2 1 1 0 0 0 0 0 0 0 0 0 0
117 2 0 0 2 0 0 0 0 0 0 0 0 0
fn=_dl_debug_update
38 6 1 0 0 0 0 0 0 0 0 0 0 0
40 12 0 0 0 0 0 0 0 0 6 4 0 0
41 6 0 0 0 0 0 0 0 0 0 0 0 0
44 12 0 0 6 1 0 0 0 0 6 0 0 0
48 6 0 0 6 0 0 0 0 0 0 0 0 0
fl=./elf/./elf/dl-deps.c
fn=_dl_map_object_deps
144 6 1 1 0 0 0 3 2 2 0 0 0 0
145 8 0 0 0 0 0 2 0 0 0 0 0 0
146 5 1 1 0 0 0 0 0 0 0 0 0 0
148 3 0 0 0 0 0 1 0 0 0 0 0 0
152 8 0 0 2 0 0 2 0 0 0 0 0 0
159 15 2 2 0 0 0 7 1 1 0 0 0 0
160 22 2 2 1 1 1 2 0 0 2 2 0 0
176 7 0 0 0 0 0 0 0 0 2 0 0 0
177 1 0 0 1 0 0 0 0 0 0 0 0 0
180 1 0 0 0 0 0 1 0 0 0 0 0 0
198 2 0 0 1 0 0 1 0 0 0 0 0 0
199 3 0 0 1 0 0 1 0 0 0 0 0 0
200 2 1 1 0 0 0 2 0 0 0 0 0 0
202 1 0 0 0 0 0 0 0 0 0 0 0 0
204 19 1 1 13 0 0 0 0 0 0 0 0 0
206 7 0 0 0 0 0 0 0 0 0 0 0 0
209 7 0 0 0 0 0 7 0 0 0 0 0 0
213 28 0 0 7 0 0 7 0 0 7 6 0 0
214 46 2 2 20 1 1 0 0 0 20 3 0 0
217 15 0 0 0 0 0 0 0 0 5 0 0 0
221 15 1 1 5 0 0 5 0 0 0 0 0 0
224 22 1 1 11 0 0 0 0 0 11 3 0 0
226 25 2 2 15 0 0 5 0 0 5 3 0 0
231 10 0 0 5 0 0 5 0 0 0 0 0 0
232 5 0 0 0 0 0 5 1 1 0 0 0 0
233 10 1 1 5 0 0 5 0 0 0 0 0 0
237 578 0 0 152 0 0 5 0 0 142 5 0 0
238 279 0 0 0 0 0 0 0 0 137 11 0 0
244 108 2 2 24 0 0 12 0 0 12 9 0 0
246 12 0 0 0 0 0 12 0 0 0 0 0 0
248 48 1 1 0 0 0 12 0 0 0 0 0 0
249 24 1 1 12 0 0 0 0 0 12 0 0 0
258 12 0 0 12 0 0 0 0 0 0 0 0 0
260 24 0 0 12 0 0 0 0 0 12 4 0 0
265 35 1 1 5 0 0 0 0 0 5 2 0 0
268 5 0 0 0 0 0 5 0 0 0 0 0 0
269 5 0 0 0 0 0 5 0 0 0 0 0 0
270 5 0 0 0 0 0 5 0 0 0 0 0 0
271 10 0 0 5 0 0 5 0 0 0 0 0 0
273 5 0 0 5 0 0 0 0 0 0 0 0 0
275 25 1 1 5 0 0 10 0 0 0 0 0 0
279 36 0 0 12 0 0 0 0 0 12 1 0 0
280 24 0 0 0 0 0 8 0 0 0 0 0 0
282 375 1 1 0 0 0 0 0 0 125 8 0 0
298 1 0 0 0 0 0 1 0 0 0 0 0 0
380 12 1 1 0 0 0 6 0 0 0 0 0 0
433 21 0 0 7 0 0 0 0 0 7 2 0 0
435 15 0 0 0 0 0 5 0 0 0 0 0 0
438 10 1 1 0 0 0 0 0 0 0 0 0 0
439 10 0 0 0 0 0 0 0 0 5 0 0 0
445 5 0 0 0 0 0 5 1 1 0 0 0 0
446 25 0 0 5 0 0 5 0 0 0 0 0 0
447 25 0 0 0 0 0 5 0 0 0 0 0 0
450 5 0 0 0 0 0 5 0 0 0 0 0 0
451 5 0 0 5 0 0 0 0 0 0 0 0 0
455 28 1 1 14 0 0 0 0 0 7 6 0 0
457 7 0 0 7 0 0 0 0 0 0 0 0 0
458 32 0 0 6 0 0 0 0 0 13 10 0 0
464 6 1 1 2 0 0 0 0 0 2 0 0 0
465 1 0 0 0 0 0 1 0 0 0 0 0 0
468 4 0 0 1 0 0 1 0 0 1 1 0 0
479 3 1 1 1 0 0 0 0 0 0 0 0 0
481 2 0 0 0 0 0 0 0 0 1 0 0 0
486 5 0 0 2 0 0 1 0 0 0 0 0 0
487 1 0 0 0 0 0 1 0 0 0 0 0 0
488 9 0 0 1 0 0 0 0 0 0 0 0 0
490 27 1 1 7 0 0 1 0 0 8 2 0 0
494 7 0 0 7 0 0 0 0 0 0 0 0 0
499 14 1 1 0 0 0 0 0 0 7 5 0 0
501 15 0 0 0 0 0 7 1 1 0 0 0 0
506 7 0 0 7 0 0 0 0 0 0 0 0 0
509 2 0 0 1 0 0 0 0 0 1 0 0 0
560 2 1 1 0 0 0 0 0 0 0 0 0 0
561 3 1 1 1 0 0 0 0 0 1 1 0 0
598 3 1 1 1 0 0 0 0 0 1 0 0 0
599 2 0 0 0 0 0 0 0 0 1 1 0 0
602 1 0 0 1 0 0 0 0 0 0 0 0 0
613 5 0 0 0 0 0 1 0 0 0 0 0 0
618 8 1 1 1 0 0 1 0 0 0 0 0 0
619 4 1 1 2 0 0 0 0 0 0 0 0 0
623 1 0 0 0 0 0 1 0 0 0 0 0 0
625 1 0 0 0 0 0 1 0 0 0 0 0 0
626 1 0 0 1 0 0 0 0 0 0 0 0 0
627 2 0 0 0 0 0 0 0 0 1 1 0 0
634 3 0 0 1 0 0 0 0 0 1 1 0 0
637 3 0 0 1 0 0 0 0 0 1 0 0 0
640 8 0 0 7 0 0 0 0 0 0 0 0 0
fn=openaux
61 36 0 0 0 0 0 12 0 0 0 0 0 0
64 132 1 1 48 0 0 24 1 1 0 0 0 0
65 12 0 0 12 0 0 0 0 0 0 0 0 0
68 12 0 0 12 0 0 0 0 0 0 0 0 0
69 24 0 0 24 0 0 0 0 0 0 0 0 0
fl=./elf/./elf/dl-environ.c
fn=_dl_next_ld_env_entry
28 3 1 1 0 0 0 0 0 0 0 0 0 0
29 3 0 0 3 0 0 0 0 0 0 0 0 0
32 97 0 0 32 0 0 0 0 0 32 2 0 0
34 62 0 0 31 0 0 0 0 0 31 17 0 0
35 18 1 1 9 0 0 0 0 0 9 6 0 0
37 2 0 0 0 0 0 0 0 0 0 0 0 0
40 4 0 0 0 0 0 2 0 0 0 0 0 0
42 2 0 0 2 0 0 0 0 0 0 0 0 0
45 29 0 0 0 0 0 0 0 0 0 0 0 0
49 1 0 0 1 0 0 0 0 0 0 0 0 0
fl=./elf/./elf/dl-error-skeleton.c
fn=_dl_catch_error
225 10 1 1 0 0 0 3 0 0 0 0 0 0
227 2 0 0 0 0 0 1 0 0 0 0 0 0
228 2 0 0 1 0 0 1 0 0 0 0 0 0
229 2 0 0 1 0 0 1 0 0 0 0 0 0
230 2 1 1 1 0 0 1 0 0 0 0 0 0
232 5 0 0 4 0 0 0 0 0 0 0 0 0
fn=_dl_catch_exception
175 78 2 2 0 0 0 52 3 3 0 0 0 0
178 26 0 0 0 0 0 0 0 0 13 1 0 0
180 26 0 0 13 0 0 13 0 0 0 0 0 0
199 13 0 0 0 0 0 13 1 1 0 0 0 0
200 26 0 0 0 0 0 13 0 0 0 0 0 0
203 26 0 0 0 0 0 13 0 0 0 0 0 0
206 91 0 0 0 0 0 13 0 0 13 0 0 0
208 39 1 1 26 0 0 13 0 0 0 0 13 2
209 26 0 0 13 0 0 13 0 0 0 0 0 0
210 52 0 0 13 0 0 26 0 0 0 0 0 0
219 52 0 0 26 0 0 0 0 0 0 0 0 0
fn=_dl_receive_error
238 6 0 0 0 0 0 2 0 0 0 0 0 0
239 1 0 0 1 0 0 0 0 0 0 0 0 0
240 1 0 0 1 0 0 0 0 0 0 0 0 0
243 1 1 1 0 0 0 1 0 0 0 0 0 0
244 1 0 0 0 0 0 1 0 0 0 0 0 0
246 1 0 0 0 0 0 1 0 0 0 0 1 1
248 1 0 0 0 0 0 1 0 0 0 0 0 0
249 1 0 0 0 0 0 1 0 0 0 0 0 0
250 4 0 0 3 0 0 0 0 0 0 0 0 0
fl=./elf/./elf/dl-find_object.c
fn=_dl_find_object_init
561 4 1 1 0 0 0 2 0 0 0 0 0 0
564 1 1 1 1 1 0 0 0 0 0 0 0 0
566 2 0 0 1 0 0 0 0 0 1 1 0 0
567 3 1 1 0 0 0 1 0 0 0 0 0 0
579 2 0 0 0 0 0 1 0 0 0 0 0 0
580 3 0 0 1 0 0 1 0 0 0 0 0 0
582 2 1 1 0 0 0 0 0 0 1 0 0 0
585 2 1 1 0 0 0 0 0 0 1 0 0 0
590 1 0 0 0 0 0 1 0 0 0 0 0 0
591 1 0 0 0 0 0 1 0 0 0 0 0 0
594 3 0 0 1 0 0 0 0 0 1 1 0 0
596 2 1 1 0 0 0 1 0 0 0 0 0 0
599 6 0 0 3 0 0 1 0 0 0 0 0 0
601 1 0 0 0 0 0 0 0 0 0 0 0 0
604 4 0 0 3 0 0 0 0 0 0 0 0 0
fn=_dlfo_process_initial
474 4 0 0 0 0 0 2 0 0 0 0 0 0
475 2 0 0 2 0 0 0 0 0 0 0 0 0
477 2 0 0 0 0 0 0 0 0 0 0 0 0
478 4 0 0 2 0 0 0 0 0 2 0 0 0
504 24 2 2 4 1 0 0 0 0 4 0 0 0
505 34 0 0 2 0 0 0 0 0 16 4 0 0
506 14 0 0 14 0 0 0 0 0 0 0 0 0
508 52 1 1 12 0 0 0 0 0 26 2 0 0
511 48 0 0 12 0 0 0 0 0 12 3 0 0
513 36 1 1 12 1 0 0 0 0 12 3 0 0
515 12 0 0 0 0 0 6 0 0 0 0 0 0
516 12 0 0 0 0 0 0 0 0 0 0 0 0
517 24 0 0 0 0 0 0 0 0 0 0 0 0
529 2 0 0 0 0 0 2 0 0 0 0 0 0
531 8 0 0 4 0 0 0 0 0 0 0 0 0
fn=_dlfo_sort_mappings
536 1 1 1 0 0 0 0 0 0 0 0 0 0
537 2 0 0 0 0 0 0 0 0 1 0 0 0
540 24 0 0 5 0 0 0 0 0 5 4 0 0
544 10 0 0 5 0 0 0 0 0 0 0 0 0
545 70 0 0 0 0 0 0 0 0 20 9 0 0
546 85 1 1 15 0 0 0 0 0 15 11 0 0
553 20 0 0 10 0 0 0 0 0 0 0 0 0
554 25 0 0 10 0 0 10 0 0 0 0 0 0
555 10 0 0 0 0 0 10 0 0 0 0 0 0
557 1 0 0 1 0 0 0 0 0 0 0 0 0
fl=./elf/./elf/dl-fini.c
fn=_dl_fini
31 9 1 1 0 0 0 6 0 0 0 0 0 0
48 7 1 1 0 0 0 1 0 0 0 0 0 0
51 7 0 0 1 1 1 0 0 0 2 1 0 0
54 2 0 0 1 1 1 1 0 0 0 0 1 1
56 1 0 0 1 1 1 0 0 0 0 0 0 0
59 2 0 0 0 0 0 0 0 0 1 0 0 0
61 6 1 1 3 1 1 0 0 0 1 0 0 0
66 1 0 0 0 0 0 1 0 0 0 0 0 0
68 3 0 0 0 0 0 1 0 0 0 0 0 0
73 17 2 2 1 0 0 0 0 0 2 2 0 0
78 25 1 1 8 2 2 0 0 0 8 5 0 0
80 14 0 0 7 7 7 0 0 0 7 0 0 0
82 14 0 0 0 0 0 0 0 0 7 0 0 0
84 14 0 0 0 0 0 7 0 0 0 0 0 0
85 7 0 0 0 0 0 7 7 7 0 0 0 0
86 7 0 0 0 0 0 0 0 0 0 0 0 0
90 7 0 0 7 6 6 0 0 0 0 0 0 0
92 6 1 1 0 0 0 0 0 0 1 0 0 0
93 6 0 0 0 0 0 0 0 0 1 1 0 0
99 5 0 0 0 0 0 2 0 0 0 0 0 0
108 2 1 1 1 1 1 1 0 0 0 0 1 1
113 27 0 0 8 0 0 1 0 0 8 4 0 0
115 7 0 0 7 0 0 0 0 0 0 0 0 0
117 21 0 0 7 0 0 0 0 0 7 1 0 0
120 14 0 0 0 0 0 7 0 0 0 0 0 0
123 21 1 1 7 7 7 0 0 0 7 4 0 0
124 9 0 0 3 3 3 0 0 0 3 2 0 0
127 10 0 0 5 0 0 0 0 0 5 1 0 0
138 16 0 0 8 5 5 4 0 0 0 0 0 0
139 4 0 0 4 2 2 0 0 0 0 0 0 0
140 8 0 0 4 0 0 0 0 0 0 0 0 0
141 40 1 1 8 0 0 0 0 0 8 2 0 0
142 8 0 0 4 4 4 8 0 0 0 0 4 4
146 12 0 0 4 3 3 0 0 0 4 0 0 0
147 15 0 0 10 5 5 5 0 0 0 0 5 5
153 14 0 0 0 0 0 7 0 0 0 0 0 0
158 7 1 1 7 0 0 0 0 0 0 0 0 0
162 5 0 0 1 0 0 1 0 0 0 0 0 0
168 6 1 1 2 0 0 0 0 0 2 0 0 0
174 2 0 0 1 0 0 0 0 0 1 0 0 0
181 8 0 0 7 0 0 0 0 0 0 0 0 0
fl=./elf/./elf/dl-hwcaps.c
fn=_dl_important_hwcaps
55 16 2 2 0 0 0 4 0 0 4 2 0 0
57 2 0 0 0 0 0 0 0 0 0 0 0 0
58 6 0 0 2 0 0 0 0 0 0 0 0 0
59 2 0 0 0 0 0 0 0 0 0 0 0 0
80 16 2 2 0 0 0 4 0 0 4 2 0 0
82 2 0 0 0 0 0 2 1 1 0 0 0 0
83 16 0 0 4 0 0 8 1 1 0 0 0 0
87 2 0 0 0 0 0 2 0 0 0 0 0 0
89 6 0 0 2 0 0 2 0 0 0 0 0 0
90 2 0 0 0 0 0 0 0 0 0 0 0 0
91 2 0 0 0 0 0 0 0 0 0 0 0 0
103 6 0 0 0 0 0 4 0 0 0 0 0 0
105 2 1 1 0 0 0 0 0 0 1 0 0 0
108 3 0 0 2 0 0 1 0 0 0 0 0 0
111 1 0 0 0 0 0 0 0 0 0 0 0 0
115 4 1 1 0 0 0 1 0 0 1 0 0 0
128 12 1 1 0 0 0 3 0 0 3 2 0 0
130 12 1 1 5 0 0 3 0 0 0 0 0 0
131 8 0 0 2 0 0 2 0 0 0 0 0 0
132 2 0 0 0 0 0 0 0 0 0 0 0 0
133 2 0 0 0 0 0 0 0 0 0 0 0 0
136 2 0 0 1 0 0 0 0 0 1 0 0 0
145 15 1 1 6 0 0 2 0 0 2 0 0 0
146 4 0 0 0 0 0 0 0 0 1 0 0 0
154 2 0 0 2 0 0 0 0 0 0 0 0 0
158 7 1 1 2 0 0 1 0 0 0 0 0 0
159 2 0 0 0 0 0 0 0 0 1 0 0 0
160 3 0 0 0 0 0 0 0 0 1 0 0 0
164 1 0 0 1 0 0 0 0 0 0 0 0 0
165 3 0 0 1 0 0 1 0 0 0 0 0 0
166 2 0 0 0 0 0 2 0 0 0 0 0 0
175 14 2 2 0 0 0 10 2 2 0 0 0 0
176 7 0 0 1 0 0 2 1 1 0 0 0 0
178 2 0 0 1 0 0 1 0 0 0 0 0 0
179 4 0 0 1 0 0 1 0 0 0 0 0 0
204 2 0 0 0 0 0 2 0 0 0 0 0 0
205 3 1 1 0 0 0 0 0 0 0 0 0 0
215 3 0 0 1 0 0 1 0 0 0 0 0 0
216 6 1 1 2 0 0 1 0 0 0 0 0 0
220 19 0 0 3 0 0 0 0 0 3 1 0 0
221 6 0 0 0 0 0 0 0 0 0 0 0 0
222 4 0 0 0 0 0 0 0 0 0 0 0 0
225 3 0 0 0 0 0 1 0 0 0 0 0 0
228 21 3 3 1 0 0 3 0 0 2 2 0 0
230 9 1 1 2 0 0 0 0 0 1 1 0 0
231 4 1 1 2 0 0 2 1 1 2 1 0 0
233 6 0 0 0 0 0 3 0 0 0 0 0 0
234 2 0 0 0 0 0 2 1 1 0 0 0 0
235 6 0 0 0 0 0 0 0 0 0 0 0 0
236 2 0 0 1 0 0 0 0 0 0 0 0 0
238 3 0 0 1 0 0 0 0 0 1 0 0 0
240 4 0 0 0 0 0 1 0 0 0 0 0 0
241 2 1 1 1 0 0 1 0 0 0 0 0 0
242 1 0 0 0 0 0 0 0 0 0 0 0 0
245 5 0 0 1 0 0 1 0 0 0 0 0 0
246 1 0 0 0 0 0 1 0 0 0 0 0 0
249 2 0 0 1 0 0 0 0 0 1 0 0 0
252 3 0 0 1 0 0 0 0 0 1 0 0 0
253 5 1 1 3 0 0 1 0 0 0 0 0 0
256 8 0 0 6 0 0 1 0 0 0 0 0 0
257 3 0 0 1 0 0 0 0 0 1 1 0 0
259 2 1 1 0 0 0 0 0 0 0 0 0 0
260 8 2 2 1 0 0 0 0 0 2 2 0 0
261 4 1 1 2 0 0 0 0 0 0 0 0 0
262 4 1 1 1 0 0 1 0 0 1 0 0 0
272 4 0 0 1 0 0 0 0 0 0 0 0 0
276 10 1 1 3 0 0 3 1 1 0 0 0 0
282 2 0 0 0 0 0 0 0 0 0 0 0 0
283 2 0 0 0 0 0 0 0 0 1 0 0 0
291 3 0 0 1 0 0 0 0 0 0 0 0 0
304 2 0 0 1 0 0 0 0 0 1 0 0 0
306 1 0 0 0 0 0 1 0 0 0 0 0 0
315 2 0 0 1 0 0 1 0 0 0 0 0 0
328 1 1 1 0 0 0 1 0 0 0 0 0 0
331 2 0 0 1 0 0 0 0 0 1 0 0 0
338 1 0 0 1 0 0 0 0 0 0 0 0 0
341 2 0 0 0 0 0 0 0 0 0 0 0 0
344 14 1 1 7 0 0 5 0 0 0 0 0 0
347 17 0 0 4 0 0 2 0 0 2 1 0 0
348 17 2 2 1 0 0 1 0 0 2 1 0 0
349 5 0 0 2 0 0 2 0 0 0 0 0 0
352 12 0 0 4 0 0 4 0 0 0 0 0 0
354 5 1 1 1 0 0 0 0 0 2 1 0 0
359 34 1 1 3 0 0 0 0 0 9 7 0 0
360 8 0 0 0 0 0 8 1 1 0 0 0 0
364 23 0 0 1 0 0 0 0 0 0 0 0 0
367 48 0 0 0 0 0 0 0 0 12 10 0 0
368 72 0 0 0 0 0 0 0 0 24 10 0 0
369 48 1 1 24 0 0 12 0 0 0 0 0 0
371 9 0 0 0 0 0 0 0 0 3 2 0 0
374 3 0 0 1 0 0 0 0 0 0 0 0 0
375 2 1 1 0 0 0 0 0 0 0 0 0 0
376 15 0 0 2 0 0 1 0 0 3 1 0 0
378 6 0 0 0 0 0 0 0 0 2 1 0 0
379 2 0 0 2 0 0 0 0 0 0 0 0 0
381 1 1 1 1 0 0 0 0 0 0 0 0 0
382 7 1 1 0 0 0 2 0 0 0 0 0 0
389 22 0 0 6 0 0 5 0 0 0 0 0 0
390 4 0 0 0 0 0 0 0 0 0 0 0 0
392 8 0 0 0 0 0 0 0 0 4 3 0 0
395 4 0 0 2 0 0 0 0 0 0 0 0 0
401 9 0 0 8 0 0 0 0 0 0 0 0 0
fl=./elf/./elf/dl-hwcaps_split.c
fn=_dl_hwcaps_contains
66 6 1 1 0 0 0 0 0 0 0 0 0 0
67 12 0 0 0 0 0 0 0 0 6 3 0 0
68 6 0 0 0 0 0 0 0 0 0 0 0 0
77 6 0 0 6 0 0 0 0 0 0 0 0 0
fn=_dl_hwcaps_split
25 4 1 1 0 0 0 2 0 0 0 0 0 0
26 3 0 0 1 0 0 0 0 0 1 1 0 0
27 1 0 0 0 0 0 0 0 0 0 0 0 0
47 4 1 1 3 0 0 0 0 0 0 0 0 0
fn=_dl_hwcaps_split_masked
26 42 0 0 14 0 0 0 0 0 14 2 0 0
30 24 0 0 12 0 0 12 0 0 0 0 0 0
34 72 1 1 18 1 1 0 0 0 18 6 0 0
35 12 0 0 0 0 0 6 0 0 0 0 0 0
36 24 0 0 0 0 0 0 0 0 12 3 0 0
41 27 0 0 0 0 0 9 0 0 0 0 0 0
42 18 0 0 0 0 0 0 0 0 9 3 0 0
43 9 0 0 0 0 0 3 0 0 0 0 0 0
45 6 0 0 0 0 0 0 0 0 0 0 0 0
51 55 1 1 0 0 0 22 0 0 0 0 0 0
55 5 1 1 0 0 0 0 0 0 0 0 0 0
56 18 0 0 9 0 0 9 0 0 0 0 0 0
57 27 0 0 0 0 0 9 0 0 0 0 0 0
58 54 0 0 6 0 0 6 0 0 15 6 0 0
62 44 0 0 33 0 0 0 0 0 0 0 0 0
fl=./elf/./elf/dl-init.c
fn=_dl_init
31 48 2 2 16 0 0 0 0 0 8 1 0 0
33 44 0 0 8 0 0 7 0 0 8 1 0 0
77 12 1 1 0 0 0 6 0 0 0 0 0 0
78 1 0 0 1 1 0 0 0 0 0 0 0 0
79 1 0 0 1 0 0 0 0 0 0 0 0 0
82 3 1 1 1 0 0 0 0 0 1 1 0 0
85 2 1 1 0 0 0 1 0 0 0 0 0 0
90 2 0 0 0 0 0 0 0 0 1 0 0 0
115 1 0 0 1 0 0 0 0 0 0 0 0 0
116 26 0 0 0 0 0 0 0 0 8 5 0 0
117 14 0 0 14 0 0 0 0 0 0 0 0 0
123 8 1 1 7 0 0 0 0 0 0 0 0 0
fn=call_init.part.0
26 63 1 1 0 0 0 35 1 0 0 0 0 0
39 21 1 1 7 0 0 7 0 0 0 0 0 0
42 21 0 0 14 5 0 0 0 0 7 3 0 0
43 2 0 0 0 0 0 0 0 0 1 1 0 0
47 12 0 0 6 0 0 0 0 0 6 0 0 0
55 18 0 0 6 5 0 0 0 0 6 2 0 0
56 24 0 0 8 4 0 4 0 0 0 0 4 4
59 6 1 1 6 5 0 0 0 0 0 0 0 0
60 12 0 0 0 0 0 0 0 0 6 2 0 0
66 12 0 0 8 3 0 0 0 0 0 0 0 0
68 8 0 0 8 0 0 0 0 0 0 0 0 0
69 100 0 0 0 0 0 0 0 0 24 13 0 0
70 80 0 0 20 5 0 20 0 0 0 0 20 20
72 42 1 1 42 0 0 0 0 0 0 0 0 0
fl=./elf/./elf/dl-load.c
fn=_dl_dst_count
238 72 1 1 0 0 0 60 0 0 0 0 0 0
241 24 0 0 0 0 0 12 1 1 0 0 0 0
244 24 0 0 0 0 0 0 0 0 12 2 0 0
245 12 1 1 0 0 0 0 0 0 0 0 0 0
264 84 0 0 72 0 0 0 0 0 0 0 0 0
fn=_dl_init_paths
706 13 1 1 0 0 0 8 0 0 0 0 0 0
720 4 1 1 0 0 0 2 1 1 0 0 0 0
725 1 0 0 0 0 0 1 0 0 0 0 0 0
727 2 0 0 0 0 0 0 0 0 1 0 0 0
734 5 0 0 0 0 0 0 0 0 0 0 0 0
735 2 1 1 1 0 0 0 0 0 0 0 0 0
739 4 0 0 0 0 0 1 1 1 0 0 0 0
741 4 0 0 2 0 0 0 0 0 1 0 0 0
747 1 0 0 0 0 0 1 0 0 0 0 0 0
748 1 1 1 0 0 0 1 0 0 0 0 0 0
756 8 0 0 0 0 0 4 0 0 0 0 0 0
758 8 0 0 0 0 0 4 1 1 0 0 0 0
759 4 0 0 0 0 0 4 1 1 0 0 0 0
761 5 0 0 0 0 0 4 0 0 0 0 0 0
762 7 0 0 3 1 1 4 1 1 0 0 0 0
763 7 1 1 0 0 0 0 0 0 0 0 0 0
766 9 0 0 3 1 1 0 0 0 3 0 0 0
767 10 0 0 5 0 0 1 0 0 4 3 0 0
768 18 0 0 0 0 0 4 0 0 0 0 0 0
770 26 3 3 6 0 0 6 0 0 4 1 0 0
776 1 0 0 0 0 0 1 0 0 0 0 0 0
777 1 0 0 0 0 0 1 0 0 0 0 0 0
782 1 0 0 1 0 0 0 0 0 0 0 0 0
785 3 0 0 0 0 0 0 0 0 0 0 0 0
787 4 0 0 1 0 0 0 0 0 1 0 0 0
789 3 1 1 1 0 0 0 0 0 1 1 0 0
806 1 0 0 0 0 0 1 0 0 0 0 0 0
808 3 2 2 1 0 0 0 0 0 1 1 0 0
822 2 1 1 0 0 0 1 0 0 0 0 0 0
825 5 1 1 2 0 0 0 0 0 2 1 0 0
827 23 1 1 2 0 0 2 0 0 2 2 0 0
831 2 0 0 0 0 0 0 0 0 0 0 0 0
832 60 1 1 15 0 0 0 0 0 15 10 0 0
833 14 0 0 0 0 0 0 0 0 0 0 0 0
834 28 0 0 0 0 0 0 0 0 0 0 0 0
836 1 0 0 0 0 0 1 0 0 0 0 0 0
837 1 0 0 0 0 0 0 0 0 0 0 0 0
838 2 1 1 0 0 0 0 0 0 1 0 0 0
844 6 0 0 1 0 0 1 0 0 0 0 0 0
847 3 0 0 2 0 0 0 0 0 1 0 0 0
853 1 0 0 0 0 0 1 0 0 0 0 0 0
857 8 0 0 7 0 0 0 0 0 0 0 0 0
fn=_dl_map_object
682 36 1 1 12 0 0 0 0 0 12 6 0 0
696 20 0 0 4 0 0 8 0 0 0 0 0 0
2022 130 1 1 0 0 0 104 3 3 0 0 0 0
2024 5 0 0 0 0 0 5 1 1 0 0 0 0
2030 26 0 0 0 0 0 0 0 0 13 0 0 0
2031 52 1 1 13 1 1 0 0 0 13 0 0 0
2034 254 0 0 63 0 0 0 0 0 63 10 0 0
2039 406 1 1 116 0 0 0 0 0 58 0 0 0
2041 290 0 0 0 0 0 58 1 1 58 5 0 0
2045 100 0 0 50 0 0 0 0 0 50 0 0 0
2046 150 0 0 50 0 0 0 0 0 50 18 0 0
2049 140 0 0 84 0 0 0 0 0 28 6 0 0
2050 84 1 1 28 0 0 0 0 0 0 0 0 0
2051 112 0 0 0 0 0 28 0 0 28 6 0 0
2068 35 2 2 10 0 0 5 0 0 5 0 0 0
2069 15 0 0 0 0 0 5 0 0 0 0 0 0
2077 15 0 0 5 0 0 0 0 0 5 0 0 0
2092 5 0 0 0 0 0 5 1 1 0 0 0 0
2094 25 0 0 0 0 0 5 0 0 5 3 0 0
2098 16 1 1 0 0 0 8 0 0 0 0 0 0
2100 8 0 0 4 0 0 0 0 0 4 0 0 0
2107 16 0 0 4 0 0 0 0 0 8 2 0 0
2111 8 1 1 4 0 0 4 0 0 0 0 0 0
2112 4 1 1 0 0 0 0 0 0 0 0 0 0
2116 12 0 0 4 0 0 0 0 0 4 2 0 0
2117 4 0 0 0 0 0 0 0 0 0 0 0 0
2131 20 1 1 8 0 0 0 0 0 4 0 0 0
2132 40 1 1 8 0 0 4 0 0 8 0 0 0
2133 4 0 0 0 0 0 0 0 0 0 0 0 0
2142 8 1 1 0 0 0 0 0 0 4 2 0 0
2157 12 1 1 4 0 0 0 0 0 4 0 0 0
2158 56 1 1 4 0 0 16 0 0 4 2 0 0
2164 20 1 1 4 0 0 0 0 0 8 0 0 0
2165 4 0 0 0 0 0 0 0 0 0 0 0 0
2173 4 1 1 0 0 0 4 0 0 0 0 0 0
2187 8 0 0 0 0 0 0 0 0 4 0 0 0
2189 12 0 0 4 0 0 0 0 0 4 0 0 0
2193 12 1 1 0 0 0 4 0 0 0 0 0 0
2195 8 0 0 0 0 0 0 0 0 4 0 0 0
2199 8 0 0 0 0 0 0 0 0 4 0 0 0
2207 12 0 0 4 0 0 0 0 0 4 0 0 0
2230 28 1 1 0 0 0 8 0 0 0 0 0 0
2234 12 0 0 4 0 0 0 0 0 4 0 0 0
2235 8 0 0 0 0 0 4 0 0 0 0 0 0
2252 8 1 1 4 0 0 0 0 0 4 0 0 0
2258 1 0 0 0 0 0 1 0 0 0 0 0 0
2259 4 1 1 0 0 0 1 0 0 0 0 0 0
2260 2 0 0 0 0 0 0 0 0 1 0 0 0
2261 3 0 0 0 0 0 0 0 0 1 0 0 0
2265 6 0 0 0 0 0 2 0 0 0 0 0 0
2268 3 1 1 1 0 0 0 0 0 1 0 0 0
2280 20 0 0 5 0 0 0 0 0 0 0 0 0
2282 16 1 1 0 0 0 0 0 0 4 0 0 0
2326 10 0 0 5 0 0 5 0 0 0 0 0 0
2327 75 1 1 15 0 0 25 0 0 0 0 0 0
2329 117 0 0 91 0 0 0 0 0 0 0 0 0
fn=_dl_map_object_from_fd
944 70 1 1 0 0 0 55 2 2 0 0 0 0
954 15 0 0 5 0 0 10 1 1 0 0 0 0
961 20 0 0 5 0 0 5 0 0 5 2 0 0
999 95 0 0 30 0 0 0 0 0 25 7 0 0
1000 40 0 0 20 0 0 0 0 0 20 0 0 0
1018 10 1 1 5 0 0 0 0 0 5 3 0 0
1046 20 1 1 5 0 0 5 0 0 5 0 0 0
1056 10 0 0 5 0 0 0 0 0 5 0 0 0
1063 40 1 1 25 0 0 5 0 0 0 0 0 0
1064 10 0 0 0 0 0 0 0 0 5 0 0 0
1075 15 0 0 10 0 0 5 3 3 0 0 0 0
1076 20 0 0 10 0 0 10 0 0 0 0 0 0
1077 10 1 1 5 0 0 5 0 0 0 0 0 0
1079 15 0 0 0 0 0 0 0 0 0 0 0 0
1080 20 0 0 10 0 0 0 0 0 5 1 0 0
1081 8 0 0 0 0 0 4 0 0 0 0 0 0
1084 17 3 3 1 0 0 1 0 0 2 2 0 0
1085 6 0 0 1 0 0 1 1 1 1 1 0 0
1096 10 0 0 0 0 0 5 0 0 0 0 0 0
1098 5 0 0 0 0 0 5 0 0 0 0 0 0
1100 110 2 2 10 0 0 5 0 0 10 3 0 0
1101 5 0 0 0 0 0 0 0 0 0 0 0 0
1102 5 0 0 0 0 0 5 0 0 0 0 0 0
1103 5 1 1 0 0 0 5 0 0 0 0 0 0
1104 5 0 0 0 0 0 0 0 0 0 0 0 0
1110 202 1 1 5 0 0 0 0 0 64 2 0 0
1111 504 2 2 59 1 1 0 0 0 251 57 0 0
1117 10 1 1 5 0 0 0 0 0 5 0 0 0
1124 12 0 0 7 0 0 5 0 0 0 0 0 0
1125 15 0 0 5 0 0 5 0 0 0 0 0 0
1126 50 1 1 10 0 0 5 0 0 0 0 0 0
1131 2 0 0 1 1 1 1 0 0 0 0 0 0
1132 1 0 0 0 0 0 0 0 0 0 0 0 0
1137 135 0 0 45 0 0 5 0 0 20 0 0 0
1145 40 0 0 0 0 0 0 0 0 0 0 0 0
1146 150 0 0 0 0 0 25 4 4 0 0 0 0
1147 60 1 1 20 0 0 0 0 0 0 0 0 0
1148 60 0 0 0 0 0 20 0 0 0 0 0 0
1149 40 1 1 20 0 0 20 0 0 0 0 0 0
1151 140 0 0 20 0 0 0 0 0 0 0 0 0
1153 40 0 0 20 0 0 20 3 3 0 0 0 0
1157 40 0 0 0 0 0 0 0 0 20 5 0 0
1158 75 0 0 30 0 0 15 0 0 0 0 0 0
1162 40 1 1 0 0 0 0 0 0 0 0 0 0
1163 160 0 0 20 0 0 20 2 2 0 0 0 0
1173 20 0 0 0 0 0 0 0 0 0 0 0 0
1176 6 0 0 2 0 0 0 0 0 2 0 0 0
1180 8 0 0 0 0 0 2 2 2 0 0 0 0
1181 2 0 0 2 0 0 0 0 0 0 0 0 0
1185 10 1 1 0 0 0 2 0 0 0 0 0 0
1186 4 0 0 2 0 0 2 0 0 0 0 0 0
1189 2 0 0 0 0 0 2 1 1 0 0 0 0
1194 8 0 0 2 0 0 0 0 0 2 2 0 0
1195 10 0 0 5 0 0 5 0 0 0 0 0 0
1201 25 1 1 5 0 0 5 0 0 0 0 0 0
1209 10 1 1 5 0 0 5 0 0 0 0 0 0
1210 5 0 0 0 0 0 0 0 0 0 0 0 0
1213 20 0 0 10 0 0 5 2 2 0 0 0 0
1218 15 0 0 0 0 0 0 0 0 5 0 0 0
1228 90 0 0 0 0 0 0 0 0 20 9 0 0
1229 40 0 0 0 0 0 20 0 0 0 0 0 0
1235 10 1 1 0 0 0 0 0 0 5 0 0 0
1245 20 0 0 10 0 0 0 0 0 10 0 0 0
1252 35 1 1 15 0 0 5 0 0 0 0 0 0
1268 20 2 2 10 0 0 0 0 0 5 0 0 0
1269 15 0 0 5 0 0 5 0 0 0 0 0 0
1275 18 2 2 4 0 0 0 0 0 0 0 0 0
1276 10 0 0 0 0 0 0 0 0 5 5 0 0
1278 10 1 1 0 0 0 0 0 0 5 5 0 0
1288 15 0 0 5 0 0 0 0 0 5 0 0 0
1307 15 0 0 5 0 0 5 0 0 0 0 0 0
1309 25 1 1 10 0 0 0 0 0 5 0 0 0
1361 15 0 0 5 3 3 0 0 0 5 3 0 0
1362 4 0 0 2 0 0 2 0 0 0 0 0 0
1368 183 1 1 74 0 0 15 0 0 64 5 0 0
1369 275 0 0 59 49 49 0 0 0 108 41 0 0
1375 79 1 1 5 0 0 5 0 0 0 0 0 0
1380 20 1 1 5 0 0 5 0 0 5 0 0 0
1393 10 0 0 5 0 0 0 0 0 5 0 0 0
1395 20 0 0 10 0 0 5 0 0 0 0 0 0
1397 10 1 1 5 0 0 0 0 0 5 0 0 0
1413 10 0 0 0 0 0 5 0 0 0 0 0 0
1417 10 0 0 5 0 0 0 0 0 5 0 0 0
1418 10 0 0 5 0 0 0 0 0 5 0 0 0
1435 10 0 0 5 0 0 0 0 0 5 2 0 0
1436 1 0 0 0 0 0 1 0 0 0 0 0 0
1439 10 1 1 5 0 0 5 0 0 0 0 0 0
1444 10 0 0 5 0 0 0 0 0 5 0 0 0
1454 10 0 0 5 0 0 0 0 0 5 0 0 0
1461 30 0 0 10 0 0 0 0 0 5 3 0 0
1462 15 1 1 5 0 0 0 0 0 5 1 0 0
1463 36 0 0 12 0 0 4 0 0 8 5 0 0
1464 12 0 0 4 0 0 0 0 0 0 0 0 0
1465 5 0 0 1 0 0 1 0 0 0 0 0 0
1471 10 1 1 5 0 0 0 0 0 5 3 0 0
1472 8 0 0 2 0 0 0 0 0 2 0 0 0
1477 4 0 0 0 0 0 2 0 0 0 0 0 0
1484 15 0 0 5 0 0 5 0 0 0 0 0 0
1487 20 0 0 10 0 0 0 0 0 5 5 0 0
1506 25 2 2 10 0 0 0 0 0 5 5 0 0
1510 35 1 1 15 0 0 0 0 0 5 0 0 0
1511 20 0 0 5 0 0 5 0 0 0 0 0 0
1515 45 1 1 35 0 0 0 0 0 0 0 0 0
fn=_dl_process_pt_gnu_property
868 12 1 1 0 0 0 0 0 0 0 0 0 0
869 12 1 1 12 0 0 0 0 0 0 0 0 0
870 6 0 0 6 0 0 0 0 0 0 0 0 0
876 12 0 0 6 0 0 0 0 0 6 0 0 0
882 30 0 0 0 0 0 0 0 0 6 0 0 0
885 18 0 0 6 5 5 0 0 0 6 0 0 0
886 12 0 0 6 1 1 0 0 0 6 0 0 0
887 12 1 1 6 0 0 0 0 0 6 0 0 0
930 6 0 0 6 0 0 0 0 0 0 0 0 0
fn=expand_dynamic_string_token
241 6 1 1 0 0 0 2 0 0 0 0 0 0
244 4 0 0 0 0 0 0 0 0 2 0 0 0
385 18 1 1 0 0 0 12 0 0 0 0 0 0
399 4 0 0 0 0 0 0 0 0 0 0 0 0
410 14 0 0 12 0 0 0 0 0 0 0 0 0
fn=fillin_rpath.isra.0
468 15 2 2 0 0 0 11 0 0 0 0 0 0
472 1 0 0 0 0 0 0 0 0 0 0 0 0
474 12 0 0 2 0 0 2 0 0 2 1 0 0
481 2 0 0 1 0 0 0 0 0 1 0 0 0
483 4 0 0 1 0 0 1 0 0 0 0 0 0
487 2 0 0 0 0 0 0 0 0 1 0 0 0
492 3 1 1 0 0 0 1 0 0 0 0 0 0
493 2 0 0 0 0 0 0 0 0 1 1 0 0
500 5 0 0 1 0 0 0 0 0 2 2 0 0
505 4 1 1 0 0 0 2 0 0 0 0 0 0
509 15 1 1 5 0 0 0 0 0 5 2 0 0
510 8 0 0 4 0 0 0 0 0 4 4 0 0
528 6 2 2 1 0 0 1 0 0 1 1 0 0
532 3 1 1 2 0 0 0 0 0 0 0 0 0
534 2 0 0 0 0 0 0 0 0 1 0 0 0
538 1 0 0 0 0 0 1 0 0 0 0 0 0
539 2 0 0 1 0 0 0 0 0 0 0 0 0
540 4 0 0 0 0 0 2 0 0 0 0 0 0
541 1 0 0 0 0 0 1 0 0 0 0 0 0
543 2 1 1 1 0 0 0 0 0 1 1 0 0
549 4 0 0 1 0 0 0 0 0 0 0 0 0
550 28 2 2 1 0 0 0 0 0 7 2 0 0
551 9 0 0 0 0 0 4 0 0 0 0 0 0
553 2 0 0 1 0 0 1 0 0 0 0 0 0
554 3 0 0 1 0 0 0 0 0 1 1 0 0
555 1 0 0 0 0 0 1 0 0 0 0 0 0
561 2 0 0 1 0 0 1 0 0 0 0 0 0
562 2 0 0 0 0 0 1 0 0 0 0 0 0
565 2 1 1 0 0 0 1 0 0 0 0 0 0
571 1 0 0 0 0 0 1 0 0 0 0 0 0
574 8 0 0 7 0 0 0 0 0 0 0 0 0
fn=open_path
1870 56 2 2 4 0 0 44 3 3 0 0 0 0
1871 8 0 0 4 0 0 4 0 0 0 0 0 0
1874 4 0 0 0 0 0 4 0 0 0 0 0 0
1875 8 1 1 0 0 0 8 0 0 0 0 0 0
1877 8 0 0 0 0 0 0 0 0 4 0 0 0
1882 84 2 2 12 0 0 0 0 0 8 4 0 0
1885 8 0 0 8 0 0 0 0 0 0 0 0 0
1889 4 0 0 0 0 0 4 0 0 0 0 0 0
1894 24 1 1 4 0 0 4 1 1 4 0 0 0
1901 20 0 0 8 0 0 4 1 1 0 0 0 0
1902 225 2 2 17 0 0 0 0 0 44 3 0 0
1905 80 0 0 40 0 0 0 0 0 40 11 0 0
1910 156 1 1 65 0 0 26 0 0 0 0 0 0
1913 26 0 0 0 0 0 13 0 0 0 0 0 0
1919 39 0 0 13 0 0 0 0 0 13 0 0 0
1922 91 1 1 39 0 0 13 0 0 0 0 0 0
1924 39 0 0 13 0 0 0 0 0 13 2 0 0
1926 20 0 0 0 0 0 0 0 0 10 2 0 0
1931 20 1 1 0 0 0 0 0 0 10 0 0 0
1932 70 0 0 30 0 0 0 0 0 10 0 0 0
1938 30 1 1 20 0 0 10 0 0 0 0 0 0
1940 60 0 0 10 0 0 10 0 0 10 2 0 0
1941 2 0 0 1 0 0 0 0 0 0 0 0 0
1943 38 1 1 1 0 0 11 0 0 0 0 0 0
1950 12 0 0 3 0 0 0 0 0 0 0 0 0
1952 6 0 0 0 0 0 0 0 0 3 0 0 0
1960 20 0 0 0 0 0 4 0 0 0 0 0 0
1988 4 0 0 0 0 0 0 0 0 0 0 0 0
1991 32 2 2 8 0 0 0 0 0 8 0 0 0
1996 8 0 0 8 0 0 0 0 0 0 0 0 0
1998 16 0 0 12 0 0 0 0 0 4 0 0 0
2001 12 0 0 4 0 0 0 0 0 4 0 0 0
2015 36 0 0 28 0 0 0 0 0 0 0 0 0
fn=open_verify.constprop.0
1568 187 1 1 0 0 0 102 1 1 0 0 0 0
1607 51 0 0 17 0 0 0 0 0 17 0 0 0
1612 26 1 1 0 0 0 0 0 0 0 0 0 0
1626 85 0 0 0 0 0 17 1 1 0 0 0 0
1628 34 1 1 0 0 0 0 0 0 17 4 0 0
1633 4 0 0 0 0 0 0 0 0 0 0 0 0
1639 4 0 0 0 0 0 4 0 0 0 0 0 0
1640 4 0 0 0 0 0 4 0 0 0 0 0 0
1645 40 0 0 4 0 0 8 0 0 0 0 0 0
1647 8 1 1 0 0 0 0 0 0 4 0 0 0
1649 8 0 0 4 0 0 4 0 0 0 0 0 0
1651 8 0 0 0 0 0 0 0 0 4 0 0 0
1657 8 0 0 0 0 0 0 0 0 4 0 0 0
1674 65 3 3 23 1 1 0 0 0 23 10 0 0
1748 8 1 1 4 0 0 0 0 0 4 0 0 0
1753 8 0 0 4 0 0 0 0 0 4 0 0 0
1755 16 0 0 4 0 0 0 0 0 4 0 0 0
1761 8 0 0 4 0 0 0 0 0 4 0 0 0
1767 20 1 1 4 0 0 0 0 0 0 0 0 0
1768 16 0 0 4 0 0 0 0 0 4 1 0 0
1769 6 0 0 3 0 0 0 0 0 0 0 0 0
1772 16 3 3 1 0 0 0 0 0 2 2 0 0
1773 9 1 1 1 0 0 2 0 0 1 0 0 0
1789 243 0 0 1 0 0 0 0 0 41 2 0 0
1790 102 0 0 47 11 11 0 0 0 47 21 0 0
1791 32 1 1 8 1 1 0 0 0 8 0 0 0
1795 32 0 0 16 0 0 0 0 0 8 5 0 0
1796 18 0 0 6 0 0 0 0 0 0 0 0 0
1801 4 0 0 0 0 0 0 0 0 2 0 0 0
1802 32 1 1 2 0 0 0 0 0 4 4 0 0
1812 28 1 1 6 0 0 8 0 0 2 0 0 0
1820 72 2 2 20 2 2 0 0 0 10 5 0 0
1822 8 0 0 0 0 0 0 0 0 0 0 0 0
1823 72 2 2 24 0 0 0 0 0 0 0 0 0
1826 24 0 0 0 0 0 0 0 0 8 5 0 0
1831 2 0 0 0 0 0 0 0 0 0 0 0 0
1832 16 0 0 6 0 0 0 0 0 0 0 0 0
1835 4 0 0 0 0 0 0 0 0 2 0 0 0
1838 6 0 0 2 0 0 0 0 0 0 0 0 0
1839 10 0 0 2 0 0 0 0 0 0 0 0 0
1840 4 0 0 2 0 0 0 0 0 0 0 0 0
1841 6 0 0 2 0 0 0 0 0 2 0 0 0
1842 6 0 0 2 0 0 0 0 0 2 2 0 0
1856 153 1 1 119 0 0 0 0 0 0 0 0 0
fn=open_verify.constprop.1
1568 11 1 1 0 0 0 6 0 0 0 0 0 0
1607 3 1 1 1 0 0 0 0 0 1 0 0 0
1626 5 0 0 0 0 0 1 1 1 0 0 0 0
1628 2 0 0 0 0 0 0 0 0 1 0 0 0
1633 1 0 0 0 0 0 0 0 0 0 0 0 0
1639 1 0 0 0 0 0 1 0 0 0 0 0 0
1640 1 0 0 0 0 0 1 1 1 0 0 0 0
1645 10 1 1 1 0 0 2 0 0 0 0 0 0
1647 2 0 0 0 0 0 0 0 0 1 0 0 0
1649 2 0 0 1 0 0 1 0 0 0 0 0 0
1651 2 0 0 0 0 0 0 0 0 1 0 0 0
1657 2 0 0 0 0 0 0 0 0 1 0 0 0
1674 14 2 2 5 0 0 0 0 0 5 1 0 0
1748 2 0 0 1 0 0 0 0 0 1 0 0 0
1753 2 0 0 1 0 0 0 0 0 1 0 0 0
1755 4 1 1 1 0 0 0 0 0 1 0 0 0
1761 2 0 0 1 1 1 0 0 0 1 0 0 0
1767 5 0 0 1 0 0 0 0 0 0 0 0 0
1768 4 0 0 1 0 0 0 0 0 1 0 0 0
1769 2 0 0 1 0 0 0 0 0 0 0 0 0
1789 70 1 1 0 0 0 0 0 0 12 1 0 0
1790 28 1 1 13 9 9 0 0 0 13 7 0 0
1791 8 0 0 2 0 0 0 0 0 2 0 0 0
1795 8 0 0 4 0 0 0 0 0 2 2 0 0
1796 6 1 1 2 0 0 0 0 0 0 0 0 0
1820 15 1 1 4 1 1 0 0 0 2 2 0 0
1822 2 0 0 0 0 0 0 0 0 0 0 0 0
1823 18 1 1 6 0 0 0 0 0 0 0 0 0
1826 6 0 0 0 0 0 0 0 0 2 2 0 0
1832 4 1 1 2 0 0 0 0 0 0 0 0 0
1856 9 0 0 7 0 0 0 0 0 0 0 0 0
fl=./elf/./elf/dl-lookup-direct.c
fn=_dl_lookup_direct
32 15 1 1 9 0 0 0 0 0 3 3 0 0
33 9 0 0 0 0 0 0 0 0 0 0 0 0
35 6 0 0 3 3 3 0 0 0 0 0 0 0
36 6 0 0 3 0 0 0 0 0 3 0 0 0
48 12 0 0 3 0 0 6 0 0 3 0 0 0
51 6 1 1 6 0 0 0 0 0 0 0 0 0
53 18 0 0 3 0 0 3 0 0 3 0 0 0
57 9 0 0 9 2 1 0 0 0 0 0 0 0
58 21 1 1 9 0 0 0 0 0 3 0 0 0
59 15 0 0 6 0 0 3 0 0 3 0 0 0
74 36 2 2 0 0 0 24 0 0 0 0 0 0
76 6 0 0 3 0 0 0 0 0 3 0 0 0
78 21 0 0 9 3 0 0 0 0 0 0 0 0
79 6 1 1 0 0 0 0 0 0 3 0 0 0
81 12 0 0 3 0 0 3 0 0 0 0 0 0
84 25 0 0 5 4 3 0 0 0 5 3 0 0
86 9 0 0 3 0 0 0 0 0 0 0 0 0
93 6 1 1 0 0 0 0 0 0 2 2 0 0
115 3 0 0 0 0 0 0 0 0 0 0 0 0
116 27 0 0 21 0 0 0 0 0 0 0 0 0
fl=./elf/./elf/dl-lookup.c
fn=_dl_lookup_symbol_x
204 12738 0 0 4246 0 0 4246 0 0 0 0 0 0
580 4246 0 0 0 0 0 0 0 0 0 0 0 0
581 372224 0 0 93056 1798 1592 0 0 0 93056 2164 0 0
582 363732 2 2 0 0 0 0 0 0 0 0 0 0
583 2123 0 0 0 0 0 0 0 0 0 0 0 0
840 29722 4 4 0 0 0 21230 6 0 0 0 0 0
842 4246 0 0 0 0 0 2123 0 0 0 0 0 0
843 4246 0 0 0 0 0 2123 0 0 0 0 0 0
846 2123 0 0 2123 4 2 0 0 0 0 0 0 0
850 16930 2 2 6351 0 0 2123 3 0 4228 19 0 0
852 12738 2 2 2123 0 0 2123 0 0 0 0 0 0
853 4246 0 0 2123 0 0 0 0 0 2123 0 0 0
855 4246 0 0 4246 4 0 0 0 0 0 0 0 0
859 4321 0 0 15 0 0 0 0 0 2138 4 0 0
860 36091 2 2 12738 0 0 14861 3 1 2123 8 0 0
865 6369 0 0 2123 0 0 0 0 0 2123 2 0 0
867 90 1 1 15 0 0 0 0 0 30 2 0 0
884 2123 2 2 0 0 0 2123 0 0 0 0 0 0
885 45 1 1 0 0 0 0 0 0 0 0 0 0
888 4246 0 0 2123 0 0 0 0 0 0 0 0 0
889 14740 0 0 2104 0 0 0 0 0 4212 5 0 0
896 2108 2 2 2108 0 0 0 0 0 0 0 0 0
929 8432 0 0 2108 0 0 0 0 0 2108 0 0 0
943 6324 0 0 2108 10 2 0 0 0 2108 3 0 0
944 2 1 1 0 0 0 1 0 0 0 0 0 0
946 6324 0 0 2108 0 0 0 0 0 2108 2 0 0
953 19107 0 0 14861 0 0 0 0 0 0 0 0 0
1008 4216 0 0 2108 0 0 0 0 0 0 0 0 0
fn=check_match
70 27495 2 2 4230 0 0 10575 0 0 0 0 0 0
73 14805 2 2 4230 282 206 0 0 0 2120 7 0 0
78 2107 2 2 0 0 0 0 0 0 0 0 0 0
86 10550 0 0 0 0 0 0 0 0 2110 0 0 0
89 4604 0 0 128 0 0 64 1 0 2174 34 0 0
93 2110 0 0 2110 6 2 0 0 0 0 0 0 0
94 4220 0 0 0 0 0 0 0 0 2110 4 0 0
96 4214 2 2 0 0 0 0 0 0 2107 0 0 0
115 4214 0 0 4214 45 16 0 0 0 0 0 0 0
116 16856 0 0 6321 19 1 0 0 0 2107 13 0 0
117 10525 4 4 4210 8 1 2105 2 1 2105 11 0 0
118 4 0 0 2 0 0 0 0 0 0 0 0 0
119 4 0 0 0 0 0 0 0 0 2 2 0 0
144 6 0 0 0 0 0 0 0 0 3 0 0 0
146 18 0 0 6 3 1 0 0 0 3 2 0 0
147 12 0 0 0 0 0 0 0 0 0 0 0 0
150 2 0 0 0 0 0 0 0 0 1 0 0 0
151 7 0 0 3 0 0 1 0 0 1 0 0 0
153 3 0 0 1 0 0 1 0 0 0 0 0 0
155 13 0 0 0 0 0 0 0 0 0 0 0 0
162 12690 0 0 12690 0 0 0 0 0 0 0 0 0
fn=do_lookup_x
170 301 0 0 0 0 0 0 0 0 0 0 0 0
171 641 2 2 236 0 0 4 0 0 0 0 0 0
172 940 2 2 250 47 47 0 0 0 250 64 0 0
174 98 0 0 0 0 0 0 0 0 0 0 0 0
175 294 0 0 0 0 0 0 0 0 98 42 0 0
176 528 1 1 0 0 0 0 0 0 0 0 0 0
179 152 0 0 0 0 0 152 0 0 0 0 0 0
180 152 0 0 0 0 0 152 0 0 0 0 0 0
182 152 0 0 0 0 0 152 40 35 0 0 0 0
183 70 0 0 0 0 0 0 0 0 0 0 0 0
222 488 1 1 122 0 0 122 0 0 0 0 0 0
224 1342 1 1 244 2 0 488 0 0 0 0 122 1
226 366 0 0 122 2 1 122 0 0 0 0 0 0
227 122 0 0 122 0 0 0 0 0 0 0 0 0
228 366 0 0 122 0 0 0 0 0 122 1 0 0
230 2684 2 2 308 0 0 484 0 0 0 0 0 0
231 726 0 0 0 0 0 0 0 0 0 0 0 0
234 759 0 0 253 55 25 0 0 0 253 58 0 0
235 413 0 0 293 0 0 40 0 0 40 0 0 0
237 200 1 1 120 0 0 0 0 0 40 1 0 0
247 40 0 0 40 0 0 0 0 0 0 0 0 0
248 80 0 0 80 0 0 0 0 0 0 0 0 0
250 160 0 0 80 0 0 120 0 0 0 0 40 1
251 40 0 0 0 0 0 0 0 0 0 0 0 0
254 426 0 0 0 0 0 0 0 0 213 83 0 0
257 132 0 0 0 0 0 0 0 0 0 0 0 0
258 396 0 0 0 0 0 0 0 0 132 55 0 0
259 132 1 1 0 0 0 0 0 0 0 0 0 0
262 1134 0 0 405 0 0 0 0 0 81 2 0 0
269 10 1 1 0 0 0 4 0 0 0 0 0 0
272 4 0 0 0 0 0 0 0 0 2 0 0 0
279 286 1 1 2 0 0 0 0 0 94 8 0 0
280 276 0 0 92 4 1 0 0 0 92 26 0 0
281 350 1 1 210 3 0 0 0 0 0 0 0 0
285 16 0 0 6 0 0 4 0 0 0 0 2 1
286 2 0 0 0 0 0 2 0 0 0 0 0 0
288 2 0 0 0 0 0 2 0 0 0 0 0 0
289 6 1 1 4 0 0 2 0 0 0 0 0 0
305 3 1 1 0 0 0 1 0 0 1 0 0 0
313 2 0 0 1 0 0 0 0 0 0 0 0 0
315 2 0 0 0 0 0 0 0 0 1 0 0 0
318 1 0 0 0 0 0 1 0 0 0 0 0 0
319 1 1 1 0 0 0 1 0 0 0 0 0 0
320 2 0 0 1 0 0 1 0 0 0 0 0 0
323 574 0 0 246 0 0 0 0 0 82 13 0 0
324 492 1 1 164 0 0 0 0 0 0 0 0 0
331 328 0 0 82 0 0 0 0 0 82 22 0 0
342 410 1 1 164 0 0 0 0 0 0 0 0 0
347 164 0 0 164 1 0 82 0 0 0 0 82 1
349 328 0 0 164 0 0 82 0 0 0 0 0 0
363 27599 4 4 4246 0 0 19107 6 1 0 0 0 0
364 2123 0 0 2123 3 2 0 0 0 0 0 0 0
370 2123 0 0 2123 0 0 0 0 0 0 0 0 0
374 13520 2 2 13520 22 7 0 0 0 0 0 0 0
377 13520 0 0 0 0 0 0 0 0 6760 0 0 0
381 26258 2 2 2123 0 0 6369 3 1 6760 18 0 0
385 13520 0 0 6760 14 5 0 0 0 6760 0 0 0
389 13520 2 2 6760 2 0 0 0 0 6760 10 0 0
395 20280 2 2 6760 11 4 0 0 0 6760 0 0 0
399 6760 0 0 0 0 0 6760 0 0 0 0 0 0
400 6760 0 0 0 0 0 6760 0 0 0 0 0 0
403 33800 0 0 20280 39 13 0 0 0 6760 4 0 0
404 20280 2 2 13520 9 1 6760 0 0 0 0 0 0
407 6760 0 0 6760 0 0 0 0 0 0 0 0 0
408 13520 0 0 0 0 0 0 0 0 6760 0 0 0
410 6760 0 0 6760 531 126 0 0 0 0 0 0 0
411 6369 0 0 0 0 0 2123 0 0 0 0 0 0
412 13520 0 0 13520 0 0 0 0 0 0 0 0 0
415 33800 0 0 13520 0 0 0 0 0 0 0 0 0
418 47320 0 0 0 0 0 0 0 0 6760 2181 0 0
421 4316 0 0 4316 813 200 0 0 0 0 0 0 0
422 8632 2 2 0 0 0 0 0 0 0 0 0 0
423 4316 0 0 0 0 0 0 0 0 2158 6 0 0
425 25836 1 1 6459 0 0 10765 0 0 0 0 0 0
428 26620 1 1 5324 1428 466 0 0 0 5324 2349 0 0
430 6345 0 0 2115 0 0 0 0 0 0 0 0 0
431 29610 1 1 10575 0 0 12690 3 1 0 0 0 0
432 4230 0 0 0 0 0 0 0 0 0 0 0 0
435 6345 0 0 0 0 0 0 0 0 2115 10 0 0
438 9667 0 0 8 0 0 0 0 0 3217 48 0 0
452 16856 2 2 10535 0 0 0 0 0 0 0 0 0
469 93 1 1 47 0 0 0 0 0 46 4 0 0
471 2 0 0 0 0 0 0 0 0 1 1 0 0
477 4216 1 1 2108 0 0 0 0 0 2108 0 0 0
528 4216 0 0 0 0 0 0 0 0 2108 0 0 0
535 10860 0 0 2108 0 0 0 0 0 3322 387 0 0
539 4320 1 1 1440 1 0 0 0 0 1440 1 0 0
551 3972 0 0 1986 0 0 1986 0 0 0 0 0 0
552 1986 0 0 0 0 0 1986 0 0 0 0 0 0
553 4216 0 0 0 0 0 0 0 0 0 0 0 0
570 13956 0 0 0 0 0 0 0 0 4652 15 0 0
573 15 0 0 0 0 0 0 0 0 0 0 0 0
574 16984 2 2 14861 0 0 0 0 0 0 0 0 0
fl=./elf/./elf/dl-minimal-malloc.c
fn=__minimal_calloc
78 85 2 2 0 0 0 0 0 0 0 0 0 0
82 17 0 0 0 0 0 0 0 0 0 0 0 0
85 17 0 0 0 0 0 0 0 0 0 0 0 0
86 51 0 0 0 0 0 0 0 0 17 12 0 0
fn=__minimal_free
95 8 0 0 0 0 0 0 0 0 0 0 0 0
97 32 2 1 16 0 0 0 0 0 8 0 0 0
fn=__minimal_malloc
35 210 1 1 0 0 0 84 0 0 0 0 0 0
36 126 0 0 42 4 1 0 0 0 42 1 0 0
41 3 0 0 0 0 0 1 0 0 0 0 0 0
42 2 1 1 1 0 0 0 0 0 0 0 0 0
43 2 0 0 0 0 0 0 0 0 0 0 0 0
47 168 1 1 42 0 0 42 0 0 0 0 0 0
50 282 0 0 0 0 0 0 0 0 81 3 0 0
55 12 1 1 3 0 0 0 0 0 0 0 0 0
56 12 0 0 0 0 0 0 0 0 3 0 0 0
58 3 0 0 0 0 0 0 0 0 0 0 0 0
59 24 0 0 0 0 0 3 1 1 0 0 0 0
61 6 0 0 0 0 0 0 0 0 3 0 0 0
63 6 0 0 3 0 0 0 0 0 3 1 0 0
65 8 0 0 0 0 0 3 0 0 0 0 0 0
68 43 0 0 1 0 0 42 4 1 0 0 0 0
69 46 0 0 0 0 0 42 0 0 0 0 0 0
71 168 0 0 126 0 0 0 0 0 0 0 0 0
fl=./elf/./elf/dl-minimal.c
fn=__rtld_malloc_init_real
76 8 1 1 0 0 0 5 0 0 0 0 0 0
86 2 0 0 0 0 0 1 0 0 0 0 0 0
87 1 0 0 0 0 0 1 0 0 0 0 0 0
89 1 0 0 0 0 0 1 0 0 0 0 0 0
91 6 0 0 0 0 0 1 0 0 0 0 0 0
92 5 1 1 0 0 0 1 0 0 0 0 0 0
93 5 0 0 0 0 0 1 0 0 0 0 0 0
94 4 0 0 0 0 0 1 0 0 0 0 0 0
99 1 0 0 0 0 0 1 0 0 0 0 0 0
100 1 0 0 0 0 0 1 0 0 0 0 0 0
101 1 1 1 0 0 0 1 0 0 0 0 0 0
102 1 0 0 0 0 0 1 0 0 0 0 0 0
103 7 0 0 6 0 0 0 0 0 0 0 0 0
fn=__rtld_malloc_init_stubs
42 1 1 1 0 0 0 0 0 0 0 0 0 0
43 2 0 0 0 0 0 1 1 1 0 0 0 0
44 2 0 0 0 0 0 1 0 0 0 0 0 0
45 2 1 1 0 0 0 1 0 0 0 0 0 0
46 2 0 0 0 0 0 1 0 0 0 0 0 0
47 1 0 0 1 0 0 0 0 0 0 0 0 0
fn=lookup_malloc_symbol
61 28 1 1 0 0 0 12 0 0 0 0 0 0
63 4 0 0 0 0 0 4 0 0 0 0 0 0
64 28 1 1 4 0 0 12 0 0 0 0 0 0
68 28 0 0 16 0 0 0 0 0 4 0 0 0
69 28 0 0 12 0 0 0 0 0 4 0 0 0
71 4 1 1 0 0 0 4 0 0 0 0 0 0
72 20 0 0 16 0 0 0 0 0 0 0 0 0
fn=strsep
239 2 1 1 0 0 0 0 0 0 0 0 0 0
242 4 0 0 2 1 1 0 0 0 2 0 0 0
244 2 0 0 2 0 0 0 0 0 0 0 0 0
245 4 0 0 0 0 0 0 0 0 2 1 0 0
249 77 1 1 15 0 0 0 0 0 15 4 0 0
254 56 0 0 28 0 0 0 0 0 28 7 0 0
256 84 0 0 28 1 1 0 0 0 28 3 0 0
264 14 0 0 0 0 0 0 0 0 0 0 0 0
267 1 0 0 0 0 0 1 0 0 0 0 0 0
271 4 0 0 2 0 0 0 0 0 0 0 0 0
fl=./elf/./elf/dl-misc.c
fn=_dl_higher_prime_number
87 2 1 1 0 0 0 0 0 0 0 0 0 0
124 2 0 0 0 0 0 0 0 0 0 0 0 0
125 2 0 0 0 0 0 0 0 0 0 0 0 0
127 26 1 1 0 0 0 0 0 0 12 9 0 0
129 80 0 0 0 0 0 0 0 0 0 0 0 0
130 37 0 0 10 4 2 0 0 0 10 3 0 0
131 6 0 0 0 0 0 0 0 0 0 0 0 0
145 2 0 0 2 0 0 0 0 0 0 0 0 0
146 2 0 0 2 0 0 0 0 0 0 0 0 0
fn=_dl_name_match_p
68 744 1 1 0 0 0 248 0 0 0 0 0 0
69 496 0 0 124 0 0 124 1 1 124 0 0 0
70 20 0 0 0 0 0 0 0 0 0 0 0 0
72 124 0 0 124 0 0 0 0 0 0 0 0 0
74 488 0 0 0 0 0 0 0 0 244 52 0 0
75 700 1 1 140 0 0 140 0 0 140 28 0 0
80 120 0 0 120 0 0 0 0 0 0 0 0 0
82 104 0 0 0 0 0 0 0 0 0 0 0 0
83 496 0 0 372 0 0 0 0 0 0 0 0 0
fn=_dl_sysdep_read_whole_file
36 9 1 1 0 0 0 4 0 0 0 0 0 0
39 3 0 0 0 0 0 1 0 0 0 0 0 0
40 2 0 0 0 0 0 0 0 0 1 1 0 0
42 6 1 1 0 0 0 1 0 0 1 0 0 0
44 2 0 0 1 0 0 1 1 1 0 0 0 0
47 2 0 0 0 0 0 0 0 0 1 1 0 0
49 8 0 0 0 0 0 1 0 0 0 0 0 0
60 3 0 0 0 0 0 1 0 0 0 0 0 0
63 7 0 0 5 0 0 0 0 0 0 0 0 0
fl=./elf/./elf/dl-object.c
fn=_dl_add_to_namespace_list
31 36 2 2 0 0 0 18 0 0 0 0 0 0
33 18 0 0 6 0 0 6 0 0 0 0 6 1
35 47 0 0 6 0 0 0 0 0 6 1 0 0
38 80 0 0 20 0 0 0 0 0 20 15 0 0
40 5 0 0 0 0 0 5 0 0 0 0 0 0
42 5 0 0 0 0 0 5 0 0 0 0 0 0
45 2 0 0 0 0 0 1 0 0 0 0 0 0
46 18 1 1 6 0 0 0 0 0 0 0 0 0
47 12 0 0 6 0 0 6 0 0 0 0 0 0
48 12 0 0 0 0 0 6 0 0 0 0 0 0
50 12 0 0 6 0 0 0 0 0 0 0 6 1
51 18 0 0 18 0 0 0 0 0 0 0 0 0
fn=_dl_new_object
59 84 1 1 0 0 0 48 3 3 0 0 0 0
62 12 1 1 0 0 0 0 0 0 6 1 0 0
64 2 2 2 0 0 0 0 0 0 1 1 0 0
66 3 0 0 1 0 0 0 0 0 1 0 0 0
67 2 1 1 0 0 0 0 0 0 1 0 0 0
71 2 0 0 0 0 0 0 0 0 0 0 0 0
77 5 0 0 0 0 0 1 1 1 0 0 0 0
80 10 0 0 5 0 0 5 0 0 0 0 0 0
83 20 0 0 0 0 0 5 0 0 0 0 0 0
87 10 0 0 0 0 0 0 0 0 0 0 0 0
92 11 0 0 0 0 0 6 0 0 0 0 0 0
95 12 0 0 0 0 0 0 0 0 6 0 0 0
98 6 0 0 0 0 0 6 5 5 0 0 0 0
99 6 0 0 0 0 0 6 6 6 0 0 0 0
100 12 0 0 6 0 0 0 0 0 0 0 0 0
103 12 0 0 0 0 0 6 1 1 0 0 0 0
104 42 1 1 12 0 0 18 2 2 0 0 0 0
106 6 0 0 0 0 0 6 0 0 0 0 0 0
119 22 0 0 11 0 0 0 0 0 11 6 0 0
125 1 0 0 0 0 0 0 0 0 0 0 0 0
127 42 1 1 12 6 6 12 0 0 0 0 0 0
130 12 0 0 6 0 0 0 0 0 6 4 0 0
131 17 1 1 0 0 0 6 6 6 0 0 0 0
132 6 0 0 0 0 0 6 0 0 0 0 0 0
136 6 0 0 0 0 0 6 0 0 0 0 0 0
139 75 1 1 7 0 0 0 0 0 23 13 0 0
141 16 0 0 0 0 0 16 4 4 0 0 0 0
149 12 1 1 0 0 0 6 0 0 0 0 0 0
150 6 0 0 0 0 0 6 6 6 0 0 0 0
153 1 1 1 0 0 0 0 0 0 0 0 0 0
155 36 0 0 6 1 1 0 0 0 6 1 0 0
157 20 0 0 0 0 0 5 3 3 0 0 0 0
160 14 0 0 0 0 0 0 0 0 6 0 0 0
164 20 0 0 5 0 0 0 0 0 5 0 0 0
168 30 1 1 5 0 0 0 0 0 10 4 0 0
176 2 1 1 0 0 0 1 0 0 0 0 0 0
179 12 0 0 0 0 0 6 2 2 0 0 0 0
189 18 0 0 6 0 0 0 0 0 6 1 0 0
191 25 1 1 0 0 0 15 0 0 0 0 0 0
195 15 0 0 0 0 0 0 0 0 5 0 0 0
200 20 0 0 0 0 0 0 0 0 5 0 0 0
208 5 0 0 0 0 0 0 0 0 0 0 0 0
212 5 0 0 0 0 0 0 0 0 0 0 0 0
245 20 0 0 5 0 0 5 0 0 0 0 0 0
250 168 0 0 0 0 0 0 0 0 0 0 0 0
251 168 0 0 84 0 0 0 0 0 84 30 0 0
253 10 0 0 0 0 0 0 0 0 0 0 0 0
256 5 0 0 0 0 0 5 0 0 0 0 0 0
259 5 0 0 0 0 0 5 2 2 0 0 0 0
263 54 1 1 42 0 0 0 0 0 0 0 0 0
fl=./elf/./elf/dl-reloc.c
fn=_dl_relocate_object
194 91 1 1 0 0 0 56 0 0 0 0 0 0
204 12 0 0 0 0 0 0 0 0 0 0 0 0
205 21 0 0 0 0 0 14 0 0 0 0 0 0
208 14 0 0 0 0 0 7 0 0 0 0 0 0
210 21 1 1 0 0 0 0 0 0 7 0 0 0
212 7 0 0 7 0 0 0 0 0 0 0 0 0
213 21 0 0 7 2 0 0 0 0 7 6 0 0
232 14 1 1 7 0 0 0 0 0 7 0 0 0
238 35 0 0 14 0 0 0 0 0 7 4 0 0
239 14 1 1 7 6 0 0 0 0 7 5 0 0
240 2 0 0 0 0 0 0 0 0 0 0 0 0
242 14 0 0 0 0 0 0 0 0 7 0 0 0
249 28 2 2 7 1 0 7 0 0 7 0 0 0
288 410 7 7 177 29 0 52 0 0 47 16 0 0
291 42 0 0 14 0 0 0 0 0 14 0 0 0
308 3218 1 1 0 0 0 0 0 0 1609 3 0 0
315 7 0 0 7 0 0 0 0 0 0 0 0 0
318 14 0 0 7 0 0 0 0 0 7 0 0 0
335 21 0 0 7 5 0 0 0 0 7 7 0 0
337 56 0 0 49 2 0 0 0 0 0 0 0 0
343 42 2 2 21 0 0 0 0 0 0 0 0 0
346 14 0 0 0 0 0 0 0 0 0 0 0 0
350 14 0 0 0 0 0 0 0 0 7 0 0 0
351 42 0 0 0 0 0 7 0 0 7 1 0 0
fl=./elf/./elf/dl-runtime.c
fn=_dl_fixup
46 88 4 4 0 0 0 44 0 0 0 0 0 0
48 55 0 0 44 6 6 0 0 0 11 9 0 0
49 33 0 0 22 2 2 0 0 0 0 0 0 0
54 11 0 0 11 2 1 0 0 0 0 0 0 0
55 44 2 2 11 4 2 0 0 0 0 0 0 0
56 77 0 0 11 11 3 11 0 0 0 0 0 0
58 22 0 0 11 0 0 0 0 0 0 0 0 0
63 22 0 0 0 0 0 0 0 0 11 0 0 0
67 22 0 0 11 11 9 0 0 0 11 2 0 0
69 44 0 0 11 6 3 0 0 0 0 0 0 0
71 33 2 2 11 4 2 0 0 0 11 3 0 0
75 33 0 0 22 12 5 0 0 0 0 0 0 0
76 44 0 0 11 2 2 0 0 0 0 0 0 0
84 11 0 0 0 0 0 0 0 0 0 0 0 0
85 33 0 0 11 0 0 0 0 0 11 6 0 0
95 121 2 2 22 4 2 33 2 0 0 0 0 0
99 55 2 2 33 0 0 0 0 0 11 0 0 0
109 110 0 0 44 0 0 11 0 0 22 0 0 0
124 44 0 0 11 0 0 0 0 0 11 0 0 0
133 33 2 2 11 1 1 0 0 0 11 4 0 0
159 33 0 0 11 2 2 0 0 0 11 0 0 0
163 66 0 0 55 0 0 0 0 0 0 0 0 0
fl=./elf/./elf/dl-setup_hash.c
fn=_dl_setup_hash
25 14 1 1 0 0 0 0 0 0 0 0 0 0
28 21 1 1 7 0 0 0 0 0 7 0 0 0
31 21 0 0 14 0 0 0 0 0 7 0 0 0
32 14 0 0 7 5 5 7 1 1 0 0 0 0
33 7 0 0 7 0 0 0 0 0 0 0 0 0
34 7 0 0 7 0 0 0 0 0 0 0 0 0
36 21 0 0 0 0 0 0 0 0 7 0 0 0
37 7 0 0 0 0 0 7 0 0 0 0 0 0
38 21 0 0 7 0 0 7 0 0 0 0 0 0
40 28 1 1 0 0 0 7 0 0 0 0 0 0
41 14 0 0 0 0 0 0 0 0 0 0 0 0
45 21 0 0 0 0 0 7 0 0 0 0 0 0
50 7 0 0 7 0 0 0 0 0 0 0 0 0
fl=./elf/./elf/dl-sort-maps.c
fn=_dl_sort_maps
145 70 0 0 14 0 0 14 0 0 14 0 0 0
186 2 0 0 0 0 0 0 0 0 0 0 0 0
187 50 0 0 0 0 0 0 0 0 16 13 0 0
188 28 0 0 28 0 0 0 0 0 0 0 0 0
223 38 6 6 2 0 0 0 0 0 4 3 0 0
228 4 0 0 0 0 0 2 0 0 0 0 0 0
230 2 0 0 0 0 0 2 0 0 0 0 0 0
231 16 0 0 0 0 0 0 0 0 0 0 0 0
233 36 0 0 0 0 0 0 0 0 12 0 0 0
235 14 2 2 14 0 0 0 0 0 0 0 0 0
238 28 0 0 14 0 0 0 0 0 14 13 0 0
256 4 0 0 2 0 0 0 0 0 2 2 0 0
269 2 2 2 0 0 0 0 0 0 0 0 0 0
276 10 2 2 0 0 0 2 0 0 0 0 0 0
290 22 4 3 0 0 0 14 0 0 0 0 0 0
298 6 0 0 2 1 1 0 0 0 2 2 0 0
302 18 4 4 14 0 0 0 0 0 0 0 0 0
fn=_dl_sort_maps_init
281 2 1 1 0 0 0 0 0 0 0 0 0 0
282 4 0 0 0 0 0 1 0 0 0 0 0 0
283 1 0 0 0 0 0 1 0 0 0 0 0 0
284 3 0 0 1 0 0 0 0 0 0 0 0 0
285 2 0 0 1 0 0 0 0 0 0 0 0 0
fn=dfs_traversal.part.0
140 112 2 2 0 0 0 56 0 0 0 0 0 0
148 14 2 2 14 0 0 0 0 0 0 0 0 0
150 42 0 0 14 3 3 0 0 0 14 3 0 0
152 176 0 0 44 6 6 0 0 0 44 18 0 0
155 66 0 0 33 0 0 0 0 0 33 0 0 0
161 49 1 1 7 0 0 0 0 0 21 11 0 0
176 42 0 0 14 0 0 14 0 0 0 0 0 0
177 14 0 0 0 0 0 14 0 0 0 0 0 0
178 84 1 1 70 0 0 0 0 0 0 0 0 0
fl=./elf/./elf/dl-tunables.c
fn=__GI___tunable_set_val
102 45 1 1 5 0 0 0 0 0 5 0 0 0
111 5 0 0 5 0 0 0 0 0 0 0 0 0
112 25 0 0 10 0 0 0 0 0 5 0 0 0
113 40 1 1 10 0 0 0 0 0 5 0 0 0
116 15 0 0 0 0 0 0 0 0 5 0 0 0
119 10 0 0 0 0 0 0 0 0 5 3 0 0
123 10 0 0 0 0 0 0 0 0 5 2 0 0
130 10 1 1 0 0 0 0 0 0 5 0 0 0
131 10 0 0 0 0 0 0 0 0 5 2 0 0
134 30 0 0 0 0 0 5 0 0 0 0 0 0
135 5 0 0 0 0 0 5 0 0 0 0 0 0
136 5 0 0 0 0 0 5 0 0 0 0 0 0
137 5 0 0 0 0 0 5 0 0 0 0 0 0
157 25 1 1 0 0 0 0 0 0 0 0 0 0
161 5 0 0 5 0 0 0 0 0 0 0 0 0
fn=__GI___tunables_init
71 160 0 0 32 0 0 0 0 0 64 3 0 0
74 62 0 0 0 0 0 0 0 0 0 0 0 0
77 2261 1 1 323 14 14 0 0 0 615 48 0 0
81 62 1 1 0 0 0 0 0 0 31 0 0 0
86 124 0 0 0 0 0 0 0 0 0 0 0 0
273 7 0 0 1 0 0 0 0 0 1 0 0 0
282 9 2 2 0 0 0 6 1 1 0 0 0 0
305 4340 0 0 0 0 0 0 0 0 1085 31 0 0
311 6820 1 1 2170 35 35 0 0 0 2170 312 0 0
323 124 0 0 31 0 0 0 0 0 0 0 0 0
357 8 0 0 7 0 0 0 0 0 0 0 0 0
fn=__tunable_get_val
405 36 1 1 0 0 0 0 0 0 0 0 0 0
408 390 1 1 36 28 17 0 0 0 47 23 0 0
417 46 0 0 36 3 0 10 0 0 0 0 0 0
427 26 0 0 0 0 0 26 0 0 0 0 0 0
428 26 0 0 0 0 0 0 0 0 0 0 0 0
434 180 0 0 36 7 0 0 0 0 36 32 0 0
436 36 1 1 36 0 0 0 0 0 0 0 0 0
fl=./elf/./elf/dl-tunables.h
fn=__GI___tunable_set_val
121 10 0 0 0 0 0 0 0 0 5 0 0 0
122 5 0 0 0 0 0 0 0 0 0 0 0 0
131 20 1 1 0 0 0 0 0 0 0 0 0 0
fn=__GI___tunables_init
140 508 0 0 352 1 1 0 0 0 21 6 0 0
141 1324 1 1 0 0 0 0 0 0 362 32 0 0
fl=./elf/./elf/dl-version.c
fn=_dl_check_all_versions
361 6 1 1 0 0 0 4 0 0 0 0 0 0
363 2 0 0 0 0 0 0 0 0 0 0 0 0
365 26 0 0 7 0 0 0 0 0 8 5 0 0
366 7 0 0 0 0 0 0 0 0 0 0 0 0
367 63 1 1 7 0 0 7 0 0 7 5 0 0
370 7 0 0 5 0 0 0 0 0 0 0 0 0
fn=_dl_check_map_versions
36 192 1 1 24 0 0 0 0 0 66 7 0 0
37 54 0 0 54 0 0 0 0 0 0 0 0 0
38 330 1 1 0 0 0 66 0 0 66 9 0 0
56 188 0 0 141 0 0 0 0 0 47 12 0 0
64 141 1 1 47 0 0 0 0 0 47 0 0 0
70 141 0 0 47 0 0 0 0 0 47 0 0 0
86 47 0 0 47 1 0 0 0 0 0 0 0 0
87 94 0 0 0 0 0 0 0 0 47 2 0 0
89 47 0 0 47 0 0 0 0 0 0 0 0 0
94 1707 1 1 689 38 38 94 0 0 689 8 0 0
108 1378 0 0 689 10 10 0 0 0 689 50 0 0
110 47 1 1 47 1 1 0 0 0 0 0 0 0
113 388 0 0 59 3 2 47 0 0 47 0 0 0
120 1926 0 0 642 11 11 0 0 0 642 0 0 0
124 642 0 0 0 0 0 0 0 0 0 0 0 0
142 24 0 0 0 0 0 24 0 0 0 0 0 0
155 70 2 2 0 0 0 56 0 0 0 0 0 0
156 7 0 0 0 0 0 7 0 0 0 0 0 0
164 7 1 1 0 0 0 0 0 0 0 0 0 0
170 21 0 0 7 0 0 0 0 0 7 0 0 0
172 35 0 0 14 0 0 7 0 0 7 0 0 0
174 14 0 0 7 0 0 7 0 0 0 0 0 0
175 14 1 1 7 0 0 7 0 0 0 0 0 0
177 14 0 0 0 0 0 0 0 0 7 2 0 0
180 15 0 0 10 0 0 5 0 0 0 0 0 0
184 15 0 0 5 4 4 0 0 0 5 0 0 0
197 7 0 0 0 0 0 0 0 0 0 0 0 0
198 7 0 0 0 0 0 0 0 0 0 0 0 0
200 24 0 0 24 1 1 0 0 0 0 0 0 0
208 36 0 0 12 0 0 0 0 0 12 0 0 0
213 48 0 0 24 1 1 0 0 0 0 0 0 0
217 451 1 1 359 0 0 0 0 0 47 13 0 0
219 47 0 0 47 5 5 0 0 0 0 0 0 0
221 129 0 0 47 7 7 47 0 0 0 0 0 0
224 188 1 1 47 0 0 0 0 0 0 0 0 0
227 141 0 0 47 0 0 0 0 0 47 13 0 0
232 35 0 0 0 0 0 0 0 0 0 0 0 0
236 48 1 1 24 0 0 0 0 0 12 5 0 0
241 14 0 0 0 0 0 7 0 0 0 0 0 0
250 15 2 2 7 0 0 0 0 0 7 2 0 0
253 20 0 0 15 0 0 0 0 0 0 0 0 0
256 484 0 0 121 3 3 0 0 0 0 0 0 0
259 363 0 0 121 2 2 0 0 0 121 28 0 0
263 116 0 0 0 0 0 0 0 0 0 0 0 0
267 12 1 1 0 0 0 0 0 0 6 0 0 0
272 6 0 0 0 0 0 6 1 0 0 0 0 0
273 12 0 0 0 0 0 0 0 0 0 0 0 0
274 12 0 0 0 0 0 0 0 0 6 0 0 0
284 6 0 0 0 0 0 6 0 0 0 0 0 0
287 30 1 1 18 1 0 6 0 0 6 0 0 0
289 18 0 0 6 0 0 0 0 0 6 1 0 0
292 20 0 0 15 0 0 0 0 0 0 0 0 0
294 7 0 0 0 0 0 0 0 0 0 0 0 0
296 36 0 0 12 0 0 0 0 0 0 0 0 0
299 141 2 2 47 0 0 0 0 0 0 0 0 0
301 188 0 0 0 0 0 0 0 0 47 20 0 0
303 235 0 0 47 0 0 47 0 0 0 0 0 0
304 94 0 0 0 0 0 47 18 18 0 0 0 0
305 141 0 0 47 0 0 47 3 3 0 0 0 0
306 141 0 0 47 0 0 47 1 1 0 0 0 0
309 141 0 0 47 0 0 0 0 0 47 14 0 0
314 35 0 0 0 0 0 0 0 0 0 0 0 0
317 36 0 0 12 0 0 0 0 0 12 3 0 0
322 7 0 0 0 0 0 0 0 0 0 0 0 0
327 18 1 1 6 0 0 0 0 0 6 1 0 0
330 20 0 0 15 0 0 0 0 0 0 0 0 0
334 116 0 0 116 0 0 0 0 0 0 0 0 0
336 242 0 0 121 0 0 0 0 0 121 12 0 0
340 116 0 0 116 0 0 0 0 0 0 0 0 0
341 580 0 0 116 0 0 116 30 30 0 0 0 0
342 348 0 0 116 0 0 116 0 0 0 0 0 0
343 116 0 0 0 0 0 116 15 15 0 0 0 0
346 363 0 0 121 0 0 0 0 0 121 8 0 0
350 116 0 0 0 0 0 0 0 0 0 0 0 0
356 63 1 1 56 0 0 0 0 0 0 0 0 0
fl=./elf/./elf/do-rel.h
fn=_dl_relocate_object
49 42 0 0 14 0 0 14 0 0 0 0 0 0
50 14 1 1 7 0 0 0 0 0 0 0 0 0
52 10 0 0 0 0 0 6 0 0 0 0 0 0
53 12 1 1 0 0 0 8 0 0 0 0 0 0
60 42 0 0 14 0 0 0 0 0 14 6 0 0
63 3551 1 1 4 0 0 0 0 0 1177 11 0 0
65 4692 1 1 1173 439 439 0 0 0 1173 9 0 0
67 171 0 0 0 0 0 0 0 0 0 0 0 0
76 24 0 0 0 0 0 0 0 0 0 0 0 0
77 193 0 0 2 0 0 0 0 0 63 35 0 0
78 114 0 0 57 0 0 0 0 0 57 0 0 0
86 60 1 1 30 0 0 10 0 0 0 0 0 0
88 20 0 0 0 0 0 0 0 0 0 0 0 0
100 30 1 1 0 0 0 0 0 0 10 3 0 0
110 16 0 0 0 0 0 0 0 0 8 0 0 0
113 6340 0 0 0 0 0 0 0 0 2114 13 0 0
114 4212 0 0 2106 268 265 0 0 0 0 0 0 0
120 40 0 0 10 7 0 10 1 0 10 2 0 0
124 32 0 0 16 0 0 8 0 0 8 0 0 0
126 10243 1 1 3417 0 0 0 0 0 3417 23 0 0
128 17045 0 0 10227 1814 1092 0 0 0 0 0 0 0
129 13636 0 0 3409 0 0 3409 1 0 0 0 0 0
130 10227 1 1 6818 0 0 3409 0 0 0 0 0 0
131 13636 0 0 3409 2 0 0 0 0 0 0 0 0
133 10227 1 1 0 0 0 0 0 0 3409 2 0 0
135 10 1 1 2 0 0 4 1 0 0 0 0 0
138 2 0 0 0 0 0 0 0 0 0 0 0 0
142 3407 0 0 0 0 0 3407 0 0 0 0 0 0
145 10278 2 2 3407 0 0 0 0 0 3407 8 0 0
146 87 1 1 29 0 0 0 0 0 29 5 0 0
158 30 1 1 12 0 0 0 0 0 6 3 0 0
159 16 1 1 2 0 0 0 0 0 4 1 0 0
160 6 1 1 2 0 0 0 0 0 2 0 0 0
163 6 0 0 4 0 0 0 0 0 0 0 0 0
165 8 0 0 2 0 0 2 0 0 0 0 0 0
166 2 0 0 2 0 0 0 0 0 0 0 0 0
167 6 0 0 4 0 0 2 0 0 0 0 0 0
175 25 0 0 8 0 0 1 0 0 8 6 0 0
177 42 1 1 12 1 1 6 0 0 0 0 0 0
178 12 0 0 12 0 0 0 0 0 0 0 0 0
180 18 0 0 0 0 0 0 0 0 6 1 0 0
188 6 0 0 0 0 0 6 0 0 0 0 0 0
191 18 0 0 6 0 0 0 0 0 6 0 0 0
205 4 0 0 1 0 0 0 0 0 1 1 0 0
fn=_dl_start
49 4 0 0 2 0 0 0 0 0 0 0 0 0
50 1 0 0 1 0 0 0 0 0 0 0 0 0
86 10 0 0 4 0 0 0 0 0 0 0 0 0
88 4 0 0 0 0 0 0 0 0 0 0 0 0
113 431 0 0 0 0 0 0 0 0 144 7 0 0
114 284 1 1 142 18 18 0 0 0 0 0 0 0
118 4 0 0 2 0 0 0 0 0 2 0 0 0
126 28 0 0 0 0 0 0 0 0 9 2 0 0
128 21 1 1 7 2 2 0 0 0 0 0 0 0
129 14 0 0 0 0 0 0 0 0 0 0 0 0
130 14 0 0 7 0 0 0 0 0 0 0 0 0
fl=./elf/./elf/get-dynamic-info.h
fn=_dl_map_object_from_fd
39 10 0 0 0 0 0 0 0 0 5 0 0 0
43 5 0 0 0 0 0 0 0 0 0 0 0 0
45 499 0 0 126 36 36 0 0 0 126 5 0 0
49 242 0 0 0 0 0 0 0 0 121 32 0 0
54 129 1 1 0 0 0 0 0 0 31 9 0 0
55 88 0 0 0 0 0 0 0 0 0 0 0 0
56 25 0 0 0 0 0 0 0 0 5 2 0 0
58 5 0 0 0 0 0 0 0 0 0 0 0 0
59 25 1 1 0 0 0 0 0 0 5 2 0 0
61 5 0 0 0 0 0 0 0 0 0 0 0 0
62 25 2 2 0 0 0 0 0 0 5 0 0 0
64 25 0 0 0 0 0 0 0 0 0 0 0 0
68 121 0 0 0 0 0 121 29 29 0 0 0 0
72 20 0 0 5 0 0 0 0 0 10 0 0 0
82 17 1 1 7 0 0 0 0 0 5 3 0 0
83 20 0 0 10 0 0 0 0 0 5 0 0 0
84 20 0 0 10 0 0 0 0 0 5 0 0 0
85 20 0 0 10 0 0 0 0 0 5 0 0 0
87 20 0 0 10 0 0 0 0 0 5 0 0 0
92 19 1 1 9 1 1 0 0 0 5 1 0 0
93 19 0 0 9 1 1 0 0 0 5 1 0 0
94 20 0 0 10 0 0 0 0 0 5 0 0 0
97 15 0 0 5 0 0 0 0 0 5 1 0 0
102 8 0 0 4 0 0 0 0 0 4 0 0 0
109 10 1 1 5 0 0 0 0 0 5 0 0 0
110 15 0 0 10 0 0 0 0 0 5 0 0 0
132 15 0 0 5 1 1 0 0 0 5 3 0 0
137 4 0 0 2 0 0 2 0 0 0 0 0 0
139 4 0 0 0 0 0 0 0 0 2 2 0 0
141 4 0 0 0 0 0 0 0 0 2 2 0 0
143 4 0 0 0 0 0 0 0 0 2 0 0 0
147 15 1 1 5 0 0 0 0 0 5 4 0 0
149 3 0 0 1 0 0 1 0 0 0 0 0 0
150 2 0 0 0 0 0 0 0 0 1 0 0 0
159 2 1 1 1 0 0 0 0 0 0 0 0 0
160 3 1 1 0 0 0 0 0 0 1 1 0 0
165 2 0 0 0 0 0 0 0 0 1 0 0 0
169 10 0 0 5 0 0 0 0 0 5 5 0 0
fl=./elf/./elf/libc_early_init.c
fn=__libc_early_init
33 7 1 1 1 0 0 2 0 0 0 0 0 0
35 1 0 0 0 0 0 1 0 0 0 0 0 0
38 2 1 1 1 1 0 1 1 1 0 0 0 0
41 1 0 0 0 0 0 1 1 1 0 0 0 0
47 4 0 0 2 0 0 0 0 0 1 0 0 0
49 2 0 0 1 0 0 0 0 0 0 0 0 0
fl=./elf/./elf/rtld.c
fn=_dl_start
85 8 1 1 0 0 0 2 1 1 0 0 0 0
488 3 0 0 0 0 0 1 0 0 0 0 0 0
489 1 0 0 0 0 0 1 0 0 0 0 0 0
490 6 0 0 0 0 0 1 0 0 0 0 0 0
492 2 1 1 0 0 0 1 1 1 0 0 0 0
501 1 0 0 0 0 0 1 0 0 0 0 0 0
507 4 1 0 1 0 0 1 0 0 0 0 0 0
509 2 0 0 1 0 0 0 0 0 1 0 0 0
527 10 2 2 0 0 0 7 2 2 0 0 0 0
553 1 0 0 0 0 0 1 1 1 0 0 0 0
556 2 1 1 0 0 0 1 1 1 0 0 0 0
557 1 0 0 1 1 1 0 0 0 0 0 0 0
573 56 3 3 12 0 0 8 1 1 7 2 0 0
575 1 1 1 1 0 0 0 0 0 0 0 0 0
588 1 0 0 0 0 0 1 0 0 0 0 0 0
592 2 0 0 0 0 0 1 0 0 0 0 0 0
607 9 0 0 7 2 0 0 0 0 0 0 0 0
fn=dl_main
85 16 3 3 0 0 0 1 0 0 0 0 0 0
92 12 1 1 0 0 0 0 0 0 0 0 0 0
93 2 0 0 1 0 0 1 0 0 0 0 0 0
101 7 0 0 3 0 0 0 0 0 0 0 0 0
205 2 0 0 0 0 0 1 0 0 0 0 0 0
207 1 1 1 0 0 0 1 0 0 0 0 0 0
232 2 1 1 2 1 1 0 0 0 0 0 0 0
233 4 1 1 3 0 0 0 0 0 1 1 0 0
234 4 0 0 0 0 0 0 0 0 2 2 0 0
304 3 0 0 0 0 0 3 0 0 0 0 0 0
310 1 0 0 0 0 0 1 0 0 0 0 0 0
311 2 0 0 0 0 0 1 0 0 0 0 0 0
862 1 0 0 1 0 0 0 0 0 0 0 0 0
864 1 1 1 0 0 0 1 0 0 0 0 0 0
870 1 0 0 1 0 0 0 0 0 0 0 0 0
873 1 0 0 0 0 0 1 0 0 0 0 0 0
875 1 0 0 0 0 0 1 0 0 0 0 0 0
880 1 0 0 0 0 0 1 0 0 0 0 0 0
1140 2 0 0 1 0 0 1 0 0 0 0 0 0
1143 1 0 0 0 0 0 1 0 0 0 0 0 0
1146 1 0 0 0 0 0 1 0 0 0 0 0 0
1148 2 0 0 1 1 1 1 1 1 0 0 0 0
1150 1 0 0 1 0 0 0 0 0 0 0 0 0
1151 1 0 0 1 0 0 0 0 0 0 0 0 0
1166 1 0 0 0 0 0 0 0 0 0 0 0 0
1169 46 4 4 2 0 0 0 0 0 14 12 0 0
1170 117 1 1 22 7 7 0 0 0 29 7 9 5
1174 3 1 1 2 0 0 1 0 0 0 0 0 0
1179 3 1 1 2 0 0 1 0 0 0 0 0 0
1180 9 0 0 2 0 0 1 0 0 0 0 0 0
1189 2 0 0 0 0 0 1 0 0 0 0 0 0
1190 2 0 0 2 1 1 0 0 0 0 0 0 0
1192 1 0 0 0 0 0 1 0 0 0 0 0 0
1199 3 1 1 1 0 0 0 0 0 1 1 0 0
1211 1 0 0 0 0 0 0 0 0 0 0 0 0
1217 1 0 0 0 0 0 1 0 0 0 0 0 0
1225 8 0 0 4 0 0 0 0 0 0 0 0 0
1226 18 2 2 5 1 1 0 0 0 0 0 0 0
1227 8 0 0 4 0 0 0 0 0 4 3 0 0
1228 1 0 0 0 0 0 1 0 0 0 0 0 0
1230 12 0 0 4 0 0 0 0 0 0 0 0 0
1231 14 1 1 0 0 0 0 0 0 7 4 0 0
1235 8 0 0 4 3 3 0 0 0 0 0 0 0
1236 8 0 0 4 0 0 0 0 0 4 0 0 0
1237 4 0 0 0 0 0 4 0 0 0 0 0 0
1238 10 0 0 5 0 0 0 0 0 5 3 0 0
1239 1 0 0 0 0 0 1 0 0 0 0 0 0
1243 12 1 1 0 0 0 0 0 0 0 0 0 0
1271 2 0 0 1 0 0 1 1 1 0 0 0 0
1275 4 0 0 2 1 1 1 0 0 0 0 0 0
1277 1 0 0 0 0 0 0 0 0 0 0 0 0
1281 26 0 0 13 0 0 0 0 0 13 1 0 0
1282 61 1 1 13 0 0 0 0 0 24 13 0 0
1288 17 0 0 0 0 0 1 0 0 0 0 0 0
1294 3 0 0 1 1 1 0 0 0 1 1 0 0
1297 4 0 0 2 0 0 0 0 0 1 1 0 0
1299 3 1 1 1 0 0 0 0 0 1 1 0 0
1301 2 0 0 1 0 0 0 0 0 1 0 0 0
1320 14 2 2 0 0 0 10 1 1 0 0 0 0
1325 1 0 0 0 0 0 0 0 0 0 0 0 0
1326 1 0 0 0 0 0 1 0 0 0 0 0 0
1332 1 0 0 0 0 0 1 1 1 0 0 0 0
1348 3 0 0 2 0 0 1 0 0 0 0 0 0
1349 4 1 1 2 0 0 0 0 0 1 1 0 0
1627 10 2 2 0 0 0 2 0 0 0 0 0 0
1629 2 0 0 0 0 0 0 0 0 1 0 0 0
1630 2 0 0 1 0 0 1 0 0 0 0 0 0
1631 2 0 0 1 0 0 1 0 0 0 0 0 0
1632 3 1 1 2 0 0 1 0 0 0 0 0 0
1636 3 0 0 0 0 0 1 0 0 0 0 0 0
1637 2 0 0 1 0 0 0 0 0 1 0 0 0
1662 3 0 0 1 0 0 0 0 0 1 0 0 0
1663 6 0 0 2 0 0 1 0 0 1 0 0 0
1664 3 1 1 2 0 0 0 0 0 0 0 0 0
1665 3 0 0 3 0 0 0 0 0 0 0 0 0
1668 1 0 0 0 0 0 1 0 0 0 0 0 0
1670 1 0 0 0 0 0 1 1 1 0 0 0 0
1671 1 1 1 0 0 0 1 1 1 0 0 0 0
1673 2 0 0 1 0 0 0 0 0 1 0 0 0
1674 2 0 0 0 0 0 1 0 0 0 0 0 0
1678 2 0 0 1 0 0 0 0 0 1 0 0 0
1680 2 0 0 1 0 0 0 0 0 1 0 0 0
1688 3 0 0 1 0 0 0 0 0 1 1 0 0
1695 2 1 1 0 0 0 1 0 0 0 0 0 0
1698 2 0 0 1 0 0 0 0 0 1 0 0 0
1723 9 0 0 1 0 0 2 0 0 3 0 0 0
1731 4 0 0 1 0 0 2 0 0 0 0 0 0
1733 1 0 0 0 0 0 1 0 0 0 0 0 0
1738 2 0 0 1 0 0 0 0 0 1 1 0 0
1741 4 1 1 2 0 0 1 0 0 0 0 0 0
1742 4 0 0 1 0 0 1 0 0 0 0 0 0
1743 2 0 0 0 0 0 1 0 0 0 0 0 0
1744 1 0 0 0 0 0 1 0 0 0 0 0 0
1745 1 1 1 1 0 0 0 0 0 0 0 0 0
1746 1 0 0 1 0 0 0 0 0 0 0 0 0
1751 2 0 0 1 0 0 0 0 0 1 0 0 0
1752 3 1 1 1 0 0 1 0 0 0 0 0 0
1764 2 0 0 1 1 1 0 0 0 1 0 0 0
1765 2 0 0 1 0 0 0 0 0 1 0 0 0
1767 2 0 0 1 0 0 0 0 0 0 0 0 0
1769 1 0 0 0 0 0 1 0 0 0 0 0 0
1770 3 1 1 1 0 0 1 0 0 0 0 0 0
1775 5 0 0 0 0 0 0 0 0 1 1 0 0
1776 5 0 0 1 1 1 0 0 0 1 1 0 0
1778 4 1 1 2 1 1 1 1 1 0 0 0 0
1784 2 0 0 1 1 1 0 0 0 1 1 0 0
1786 3 1 1 2 0 0 0 0 0 0 0 0 0
1793 2 1 1 1 0 0 0 0 0 1 0 0 0
1797 1 1 1 0 0 0 1 0 0 0 0 0 0
1798 2 0 0 1 0 0 0 0 0 1 0 0 0
1822 2 0 0 0 0 0 2 0 0 0 0 0 0
1828 2 0 0 1 0 0 1 0 0 0 0 0 0
1829 1 0 0 0 0 0 1 0 0 0 0 0 0
1830 1 1 1 0 0 0 0 0 0 0 0 0 0
1834 3 0 0 0 0 0 1 0 0 0 0 0 0
1839 3 0 0 2 0 0 0 0 0 1 0 0 0
1841 1 0 0 0 0 0 0 0 0 0 0 0 0
1843 2 0 0 1 0 0 0 0 0 1 1 0 0
1847 5 0 0 1 0 0 1 0 0 0 0 0 0
1852 2 0 0 1 0 0 0 0 0 1 0 0 0
1868 6 1 1 0 0 0 1 0 0 1 0 0 0
1944 4 0 0 2 0 0 0 0 0 1 1 0 0
1948 19 3 3 1 0 0 0 0 0 2 1 0 0
1949 1 0 0 0 0 0 0 0 0 0 0 0 0
1952 3 0 0 0 0 0 1 0 0 0 0 0 0
1953 1 0 0 1 0 0 0 0 0 0 0 0 0
1954 2 0 0 0 0 0 0 0 0 1 0 0 0
1955 2 0 0 0 0 0 0 0 0 1 0 0 0
1960 3 0 0 1 0 0 0 0 0 1 1 0 0
1970 8 0 0 1 0 0 1 0 0 0 0 0 0
1976 31 1 1 1 0 0 0 0 0 8 6 0 0
1977 17 0 0 15 0 0 0 0 0 0 0 0 0
1980 4 0 0 3 0 0 1 0 0 0 0 0 0
1981 3 1 1 1 0 0 0 0 0 1 0 0 0
1982 1 0 0 0 0 0 1 0 0 0 0 0 0
1984 23 0 0 0 0 0 0 0 0 6 0 0 0
1985 22 1 1 7 0 0 0 0 0 6 4 0 0
1995 2 1 1 0 0 0 1 0 0 0 0 0 0
1997 3 0 0 1 0 0 1 0 0 0 0 0 0
1998 2 0 0 0 0 0 0 0 0 1 0 0 0
2000 2 0 0 0 0 0 1 0 0 0 0 0 0
2002 3 0 0 0 0 0 0 0 0 1 1 0 0
2004 3 0 0 1 0 0 0 0 0 0 0 0 0
2005 1 0 0 1 0 0 0 0 0 0 0 0 0
2006 2 1 1 0 0 0 0 0 0 1 1 0 0
2018 2 0 0 0 0 0 0 0 0 1 0 0 0
2019 2 0 0 0 0 0 1 0 0 0 0 0 0
2020 3 0 0 1 0 0 0 0 0 1 1 0 0
2031 4 1 1 0 0 0 1 1 1 0 0 0 0
2032 4 0 0 0 0 0 1 0 0 0 0 0 0
2033 5 1 1 0 0 0 1 0 0 0 0 0 0
2043 2 0 0 1 1 0 1 0 0 0 0 0 0
2044 2 0 0 0 0 0 0 0 0 1 1 0 0
2045 4 1 1 0 0 0 1 0 0 0 0 0 0
2047 2 0 0 1 0 0 0 0 0 1 0 0 0
2052 3 0 0 1 0 0 0 0 0 1 0 0 0
2282 3 0 0 1 0 0 0 0 0 1 1 0 0
2331 1 1 0 1 0 0 0 0 0 0 0 0 0
2338 2 0 0 0 0 0 1 0 0 0 0 0 0
2342 2 1 1 1 0 0 1 0 0 0 0 0 0
2348 2 0 0 1 0 0 1 0 0 0 0 0 0
2351 2 0 0 0 0 0 0 0 0 1 0 0 0
2359 2 0 0 2 0 0 0 0 0 0 0 0 0
2361 2 0 0 0 0 0 0 0 0 1 1 0 0
2415 3 1 1 1 0 0 0 0 0 0 0 0 0
2418 1 1 1 1 0 0 0 0 0 0 0 0 0
2422 1 0 0 1 0 0 0 0 0 0 0 0 0
2423 35 2 2 1 1 0 1 0 0 8 3 0 0
2425 14 0 0 14 4 0 0 0 0 0 0 0 0
2430 14 0 0 14 5 0 0 0 0 0 0 0 0
2432 16 0 0 0 0 0 0 0 0 8 1 0 0
2434 1 1 1 0 0 0 1 0 0 0 0 0 0
2435 1 0 0 1 0 0 0 0 0 0 0 0 0
2438 7 0 0 7 0 0 0 0 0 0 0 0 0
2440 21 1 1 0 0 0 0 0 0 7 1 0 0
2441 48 0 0 12 5 0 6 0 0 0 0 0 0
2445 18 0 0 9 3 0 0 0 0 9 5 0 0
2446 6 0 0 0 0 0 2 0 0 0 0 0 0
2454 2 1 1 1 0 0 0 0 0 1 0 0 0
2459 4 0 0 2 0 0 0 0 0 2 1 0 0
2461 1 0 0 1 0 0 0 0 0 0 0 0 0
2468 3 0 0 0 0 0 1 0 0 0 0 0 0
2471 2 1 1 1 0 0 0 0 0 1 1 0 0
2481 3 1 1 2 1 0 0 0 0 1 0 0 0
2483 4 0 0 1 0 0 0 0 0 2 0 0 0
2493 1 0 0 0 0 0 1 0 0 0 0 0 0
2498 2 0 0 0 0 0 1 0 0 0 0 0 0
2501 1 0 0 0 0 0 1 0 0 0 0 0 0
2507 1 0 0 1 0 0 0 0 0 0 0 0 0
2508 5 0 0 1 0 0 1 0 0 0 0 0 0
2516 3 0 0 1 0 0 1 0 0 0 0 0 0
2523 1 0 0 0 0 0 1 0 0 0 0 0 0
2527 3 1 1 0 0 0 1 0 0 0 0 0 0
2532 3 0 0 0 0 0 1 0 0 0 0 0 0
2533 1 0 0 0 0 0 1 0 0 0 0 0 0
2534 1 0 0 0 0 0 1 0 0 0 0 0 0
2535 1 0 0 0 0 0 0 0 0 0 0 0 0
2539 1 0 0 0 0 0 1 0 0 0 0 0 0
2544 8 0 0 7 2 0 0 0 0 0 0 0 0
2677 3 0 0 1 0 0 2 0 0 0 0 0 0
2679 1 0 0 0 0 0 0 0 0 0 0 0 0
2683 6 1 1 1 0 0 1 1 1 0 0 0 0
2685 16 0 0 0 0 0 3 0 0 3 1 0 0
2687 2 0 0 0 0 0 0 0 0 0 0 0 0
2689 107 0 0 21 0 0 0 0 0 40 10 0 0
2690 19 1 1 0 0 0 0 0 0 0 0 0 0
2698 13 0 0 2 1 1 0 0 0 2 0 2 2
2719 2 1 1 1 0 0 0 0 0 1 0 0 0
2726 6 1 1 3 0 0 0 0 0 3 1 0 0
2728 2 0 0 0 0 0 1 0 0 0 0 0 0
2729 1 0 0 0 0 0 0 0 0 0 0 0 0
2774 3 1 1 1 0 0 0 0 0 1 0 0 0
2775 5 1 1 2 0 0 0 0 0 2 1 0 0
2777 2 1 1 0 0 0 1 0 0 0 0 0 0
2778 2 0 0 0 0 0 1 0 0 0 0 0 0
2779 1 0 0 0 0 0 0 0 0 0 0 0 0
2818 1 0 0 0 0 0 0 0 0 0 0 0 0
2829 1 0 0 0 0 0 0 0 0 0 0 0 0
2845 4 1 1 1 0 0 0 0 0 1 0 0 0
2877 2 0 0 0 0 0 0 0 0 1 1 0 0
fn=handle_preload_list
191 3 1 1 1 0 0 0 0 0 1 0 0 0
831 1 1 1 0 0 0 1 0 0 0 0 0 0
835 1 0 0 0 0 0 1 0 0 0 0 0 0
836 2 0 0 1 0 0 1 0 0 0 0 0 0
837 1 0 0 0 0 0 1 0 0 0 0 0 0
839 1 0 0 1 0 0 0 0 0 0 0 0 0
841 7 0 0 0 0 0 1 0 0 0 0 0 0
842 3 0 0 1 0 0 0 0 0 1 0 0 0
850 3 0 0 1 0 0 0 0 0 0 0 0 0
894 12 1 1 1 1 1 8 1 1 0 0 0 0
895 3 1 1 0 0 0 0 0 0 0 0 0 0
899 5 0 0 2 0 0 0 0 0 2 0 0 0
902 4 0 0 0 0 0 1 0 0 0 0 0 0
903 3 0 0 0 0 0 0 0 0 1 1 0 0
905 5 1 1 0 0 0 1 0 0 0 0 0 0
906 2 0 0 0 0 0 1 0 0 0 0 0 0
912 1 0 0 0 0 0 0 0 0 0 0 0 0
914 2 0 0 1 0 0 0 0 0 0 0 0 0
916 2 0 0 1 0 0 0 0 0 1 0 0 0
917 1 0 0 0 0 0 0 0 0 0 0 0 0
920 9 0 0 7 0 0 0 0 0 0 0 0 0
fn=init_tls
756 3 1 1 0 0 0 2 0 0 0 0 0 0
758 2 0 0 1 0 0 1 0 0 0 0 0 0
762 3 0 0 1 0 0 0 0 0 1 0 0 0
768 2 1 1 0 0 0 1 0 0 0 0 0 0
771 1 0 0 0 0 0 1 0 0 0 0 0 0
772 1 0 0 0 0 0 0 0 0 0 0 0 0
773 1 0 0 0 0 0 0 0 0 0 0 0 0
777 1 0 0 0 0 0 0 0 0 0 0 0 0
779 1 0 0 0 0 0 1 0 0 0 0 0 0
783 2 0 0 1 1 1 0 0 0 1 0 0 0
784 2 0 0 0 0 0 0 0 0 0 0 0 0
785 18 1 1 1 0 0 0 0 0 8 7 0 0
786 7 1 1 7 0 0 0 0 0 0 0 0 0
787 14 0 0 7 0 0 0 0 0 7 5 0 0
791 6 0 0 0 0 0 2 1 1 0 0 0 0
793 2 0 0 0 0 0 0 0 0 0 0 0 0
795 3 0 0 1 0 0 0 0 0 1 0 0 0
798 2 1 1 0 0 0 1 0 0 0 0 0 0
801 1 0 0 0 0 0 1 0 0 0 0 0 0
808 2 0 0 0 0 0 1 0 0 0 0 0 0
809 2 0 0 0 0 0 0 0 0 1 0 0 0
815 2 0 0 1 0 0 1 0 0 0 0 0 0
818 8 0 0 0 0 0 2 0 0 1 0 0 0
821 1 0 0 0 0 0 1 0 0 0 0 0 0
822 1 0 0 0 0 0 1 0 0 0 0 0 0
825 5 0 0 3 0 0 0 0 0 0 0 0 0
fn=map_doit
663 3 1 1 0 0 0 1 0 0 0 0 0 0
665 4 0 0 1 0 0 0 0 0 0 0 0 0
666 6 1 1 2 0 0 2 0 0 0 0 0 0
668 2 0 0 2 0 0 0 0 0 0 0 0 0
fn=version_check_doit
696 3 1 1 0 0 0 1 0 0 0 0 0 0
698 6 1 1 2 0 0 1 0 0 1 1 0 0
702 2 0 0 2 0 0 0 0 0 0 0 0 0
fl=./elf/./get-dynamic-info.h
fn=_dl_start
45 75 0 0 19 5 5 0 0 0 19 1 0 0
49 36 1 1 0 0 0 0 0 0 18 8 0 0
54 21 0 0 0 0 0 0 0 0 5 3 0 0
55 14 0 0 0 0 0 0 0 0 0 0 0 0
56 5 0 0 0 0 0 0 0 0 1 1 0 0
58 1 0 0 0 0 0 0 0 0 0 0 0 0
59 5 1 1 0 0 0 0 0 0 1 1 0 0
61 1 0 0 0 0 0 0 0 0 0 0 0 0
62 5 1 1 0 0 0 0 0 0 1 0 0 0
64 5 0 0 0 0 0 0 0 0 0 0 0 0
68 19 0 0 0 0 0 18 6 6 0 0 0 0
72 3 0 0 0 0 0 0 0 0 1 0 0 0
82 4 1 1 2 0 0 0 0 0 1 0 0 0
83 4 0 0 2 0 0 0 0 0 1 0 0 0
84 4 0 0 2 0 0 0 0 0 1 0 0 0
85 4 0 0 2 0 0 0 0 0 1 0 0 0
87 4 1 1 2 0 0 0 0 0 1 0 0 0
92 4 0 0 2 0 0 0 0 0 1 0 0 0
93 4 0 0 2 0 0 0 0 0 1 0 0 0
94 4 0 0 2 0 0 0 0 0 1 0 0 0
97 3 1 1 1 0 0 0 0 0 1 0 0 0
102 2 0 0 1 0 0 0 0 0 1 0 0 0
109 3 0 0 1 0 0 0 0 0 1 0 0 0
110 3 0 0 2 0 0 0 0 0 1 0 0 0
118 2 0 0 1 1 1 0 0 0 1 0 0 0
119 2 1 1 1 0 0 0 0 0 1 0 0 0
124 3 0 0 1 0 0 0 0 0 1 1 0 0
127 3 0 0 1 0 0 0 0 0 1 1 0 0
fn=dl_main
39 3 1 1 1 0 0 0 0 0 1 0 0 0
43 1 0 0 0 0 0 0 0 0 0 0 0 0
45 119 0 0 30 8 8 0 0 0 30 2 0 0
49 58 1 1 0 0 0 0 0 0 29 10 0 0
54 25 0 0 0 0 0 0 0 0 6 3 0 0
55 17 0 0 0 0 0 0 0 0 0 0 0 0
56 5 0 0 0 0 0 0 0 0 1 1 0 0
58 1 0 0 0 0 0 0 0 0 0 0 0 0
59 5 1 1 0 0 0 0 0 0 1 0 0 0
61 1 0 0 0 0 0 0 0 0 0 0 0 0
62 5 0 0 0 0 0 0 0 0 1 0 0 0
64 5 0 0 0 0 0 0 0 0 0 0 0 0
68 29 0 0 0 0 0 29 6 6 0 0 0 0
72 5 2 2 2 0 0 0 0 0 2 1 0 0
82 3 0 0 1 0 0 0 0 0 1 1 0 0
83 4 0 0 2 0 0 0 0 0 1 0 0 0
84 4 1 1 2 0 0 0 0 0 1 0 0 0
85 4 0 0 2 0 0 0 0 0 1 0 0 0
87 4 0 0 2 0 0 0 0 0 1 0 0 0
92 4 0 0 2 0 0 0 0 0 1 0 0 0
93 4 1 1 2 0 0 0 0 0 1 0 0 0
94 5 0 0 2 0 0 0 0 0 1 0 0 0
97 3 0 0 1 0 0 0 0 0 1 0 0 0
102 2 0 0 1 0 0 0 0 0 1 0 0 0
109 2 0 0 1 0 0 0 0 0 1 0 0 0
110 3 0 0 2 0 0 0 0 0 1 0 0 0
132 3 1 1 1 0 0 0 0 0 1 0 0 0
137 2 0 0 1 0 0 1 0 0 0 0 0 0
139 2 0 0 0 0 0 0 0 0 1 1 0 0
141 2 0 0 0 0 0 0 0 0 1 1 0 0
143 2 0 0 0 0 0 0 0 0 1 0 0 0
144 1 0 0 0 0 0 1 0 0 0 0 0 0
147 3 1 1 1 0 0 0 0 0 1 0 0 0
149 3 0 0 1 0 0 1 0 0 0 0 0 0
150 2 0 0 0 0 0 0 0 0 1 1 0 0
159 2 0 0 1 0 0 0 0 0 0 0 0 0
160 3 1 1 0 0 0 0 0 0 1 1 0 0
165 2 0 0 0 0 0 0 0 0 1 0 0 0
166 2 0 0 1 0 0 1 0 0 0 0 0 0
169 2 1 1 1 0 0 0 0 0 1 1 0 0
fl=./elf/./setup-vdso.h
fn=dl_main
24 2 0 0 1 1 1 0 0 0 1 1 0 0
fl=./io/../sysdeps/unix/sysv/linux/access.c
fn=access
25 1 1 1 0 0 0 0 0 0 0 0 0 0
27 7 0 0 0 0 0 1 0 0 1 1 0 0
31 1 0 0 1 0 0 0 0 0 0 0 0 0
fl=./io/../sysdeps/unix/sysv/linux/close_nocancel.c
fn=__GI___close_nocancel
25 6 1 1 0 0 0 0 0 0 0 0 0 0
26 24 0 0 0 0 0 0 0 0 6 0 0 0
27 6 0 0 6 0 0 0 0 0 0 0 0 0
fl=./io/../sysdeps/unix/sysv/linux/fstat64.c
fn=fstat
29 14 2 2 0 0 0 0 0 0 0 0 0 0
30 14 0 0 0 0 0 0 0 0 7 0 0 0
35 21 0 0 0 0 0 0 0 0 0 0 0 0
fl=./io/../sysdeps/unix/sysv/linux/fstatat64.c
fn=fstatat
98 34 0 0 0 0 0 0 0 0 0 0 0 0
153 34 2 2 0 0 0 0 0 0 0 0 0 0
167 18 0 0 0 0 0 9 0 0 0 0 0 0
168 60 1 1 9 0 0 0 0 0 17 4 0 0
169 8 0 0 8 0 0 0 0 0 0 0 0 0
fl=./io/../sysdeps/unix/sysv/linux/open64_nocancel.c
fn=__open_nocancel
28 76 1 1 0 0 0 19 2 2 0 0 0 0
31 133 1 1 0 0 0 0 0 0 38 0 0 0
39 172 0 0 0 0 0 13 0 0 19 4 0 0
41 19 0 0 19 0 0 0 0 0 0 0 0 0
fl=./io/../sysdeps/unix/sysv/linux/pread64_nocancel.c
fn=__pread64_nocancel
25 8 1 1 0 0 0 0 0 0 0 0 0 0
26 16 0 0 0 0 0 0 0 0 4 0 0 0
27 4 0 0 4 0 0 0 0 0 0 0 0 0
fl=./io/../sysdeps/unix/sysv/linux/read_nocancel.c
fn=__read_nocancel
25 5 1 1 0 0 0 0 0 0 0 0 0 0
26 20 0 0 0 0 0 0 0 0 5 0 0 0
27 5 0 0 5 0 0 0 0 0 0 0 0 0
fl=./io/../sysdeps/unix/sysv/linux/stat64.c
fn=stat
28 20 1 1 0 0 0 0 0 0 0 0 0 0
29 40 0 0 0 0 0 0 0 0 0 0 0 0
fl=./io/../sysdeps/unix/sysv/linux/write.c
fn=write
25 4 2 2 0 0 0 0 0 0 0 0 0 0
26 28 2 2 4 0 0 0 0 0 8 0 0 0
27 4 0 0 4 0 0 0 0 0 0 0 0 0
fl=./libio/../include/sys/sysmacros.h
fn=_IO_file_doallocate
47 6 0 0 0 0 0 0 0 0 0 0 0 0
fl=./libio/./libio/filedoalloc.c
fn=_IO_file_doallocate
78 9 1 1 1 0 0 4 1 1 0 0 0 0
84 9 1 1 3 2 2 1 1 1 2 0 1 1
86 4 1 1 1 0 0 0 0 0 1 1 0 0
89 2 0 0 0 0 0 0 0 0 1 0 0 0
91 2 1 1 1 1 1 0 0 0 0 0 0 0
94 2 0 0 1 0 0 0 0 0 0 0 0 0
97 4 0 0 1 0 0 0 0 0 1 0 0 0
101 3 0 0 0 0 0 1 0 0 0 0 0 0
102 2 0 0 0 0 0 0 0 0 1 0 0 0
104 4 0 0 0 0 0 1 0 0 0 0 0 0
105 1 1 1 0 0 0 0 0 0 0 0 0 0
106 8 0 0 6 0 0 0 0 0 1 0 0 0
fl=./libio/./libio/fileops.c
fn=_IO_do_write@@GLIBC_2.2.5
423 41 4 4 0 0 0 24 0 0 0 0 0 0
425 31 0 0 0 0 0 0 0 0 5 4 0 0
426 33 0 0 29 0 0 0 0 0 0 0 0 0
433 8 0 0 4 0 0 0 0 0 4 0 0 0
440 16 2 2 8 0 0 0 0 0 4 2 0 0
443 4 0 0 4 0 0 0 0 0 0 0 0 0
448 20 0 0 4 1 1 4 0 0 0 0 4 1
449 20 0 0 4 0 0 0 0 0 4 0 0 0
451 12 0 0 4 0 0 8 0 0 0 0 0 0
452 8 0 0 0 0 0 4 0 0 0 0 0 0
453 4 0 0 0 0 0 4 0 0 0 0 0 0
454 8 1 1 4 0 0 0 0 0 4 0 0 0
455 16 2 2 4 0 0 0 0 0 4 1 0 0
fn=_IO_file_overflow@@GLIBC_2.2.5
731 215 1 1 0 0 0 129 0 0 0 0 0 0
732 172 0 0 43 0 0 0 0 0 43 6 0 0
739 213 0 0 43 0 0 0 0 0 85 12 0 0
742 2 1 1 0 0 0 0 0 0 1 1 0 0
744 2 1 1 0 0 0 1 1 1 0 0 0 0
745 6 0 0 1 0 0 2 0 0 0 0 0 0
754 3 1 1 1 0 0 0 0 0 1 0 0 0
763 3 0 0 1 0 0 0 0 0 1 0 0 0
765 1 0 0 0 0 0 1 0 0 0 0 0 0
766 1 0 0 0 0 0 1 0 0 0 0 0 0
767 2 0 0 0 0 0 1 0 0 0 0 0 0
768 3 0 0 1 0 0 2 0 0 0 0 0 0
770 3 0 0 0 0 0 1 0 0 0 0 0 0
771 5 1 1 1 0 0 0 0 0 1 0 0 0
772 1 0 0 0 0 0 1 0 0 0 0 0 0
774 86 0 0 0 0 0 0 0 0 43 5 0 0
775 10 0 0 0 0 0 0 0 0 0 0 0 0
776 47 0 0 42 0 0 0 0 0 0 0 0 0
777 76 0 0 38 0 0 0 0 0 38 0 0 0
780 114 0 0 0 0 0 76 0 0 0 0 0 0
781 114 0 0 38 0 0 0 0 0 38 2 0 0
782 152 0 0 0 0 0 0 0 0 38 0 0 0
786 38 0 0 0 0 0 0 0 0 0 0 0 0
787 167 1 1 167 0 0 0 0 0 0 0 0 0
fn=_IO_file_setbuf@@GLIBC_2.2.5
381 3 1 1 0 0 0 1 0 0 0 0 0 0
382 3 0 0 0 0 0 1 0 0 1 1 0 0
385 1 0 0 1 0 0 0 0 0 0 0 0 0
387 3 1 1 0 0 0 3 0 0 0 0 0 0
389 2 0 0 0 0 0 0 0 0 0 0 0 0
390 2 0 0 2 0 0 0 0 0 0 0 0 0
fn=_IO_file_stat
1146 1 1 1 0 0 0 0 0 0 0 0 0 0
1147 2 0 0 1 0 0 0 0 0 0 0 0 0
fn=_IO_file_sync@@GLIBC_2.2.5
792 5 1 1 0 0 0 2 0 0 0 0 0 0
797 4 1 1 2 0 0 0 0 0 1 1 0 0
799 1 0 0 1 0 0 0 0 0 0 0 0 0
800 2 0 0 1 0 0 0 0 0 1 1 0 0
811 2 1 1 0 0 0 1 0 0 0 0 0 0
815 4 0 0 3 0 0 0 0 0 0 0 0 0
fn=_IO_file_write@@GLIBC_2.2.5
1173 28 2 2 0 0 0 16 0 0 0 0 0 0
1175 32 0 0 0 0 0 0 0 0 8 2 0 0
1179 12 1 1 4 0 0 0 0 0 0 0 0 0
1180 12 0 0 4 0 0 4 0 0 4 3 0 0
1181 8 0 0 0 0 0 0 0 0 4 0 0 0
1186 4 0 0 0 0 0 0 0 0 0 0 0 0
1187 4 0 0 0 0 0 0 0 0 0 0 0 0
1189 12 1 1 0 0 0 0 0 0 0 0 0 0
1190 12 0 0 4 0 0 0 0 0 4 2 0 0
1193 24 0 0 20 0 0 0 0 0 0 0 0 0
fn=_IO_file_xsputn@@GLIBC_2.2.5
443 8 2 2 0 0 0 0 0 0 0 0 0 0
1197 120 1 1 0 0 0 90 2 2 0 0 0 0
1203 60 0 0 0 0 0 0 0 0 15 2 0 0
1204 15 0 0 0 0 0 0 0 0 0 0 0 0
1210 60 0 0 15 0 0 0 0 0 15 8 0 0
1212 58 0 0 29 1 1 0 0 0 0 0 0 0
1213 28 0 0 0 0 0 0 0 0 14 8 0 0
1216 252 1 1 0 0 0 0 0 0 109 24 0 0
1218 297 0 0 99 0 0 0 0 0 99 4 0 0
1220 4 1 1 0 0 0 0 0 0 0 0 0 0
1227 3 0 0 1 0 0 0 0 0 1 1 0 0
1231 13 1 1 0 0 0 0 0 0 4 0 0 0
1233 14 0 0 0 0 0 0 0 0 0 0 0 0
1235 56 0 0 0 0 0 28 0 0 0 0 0 0
1236 14 0 0 0 0 0 0 0 0 0 0 0 0
1237 42 0 0 0 0 0 0 0 0 0 0 0 0
1239 28 0 0 0 0 0 0 0 0 14 4 0 0
1243 30 0 0 10 0 0 5 0 0 5 0 5 1
1249 10 0 0 10 0 0 0 0 0 0 0 0 0
1250 35 0 0 0 0 0 0 0 0 5 4 0 0
1252 10 0 0 0 0 0 0 0 0 5 0 0 0
1263 15 1 1 0 0 0 0 0 0 5 2 0 0
1264 4 0 0 0 0 0 1 0 0 0 0 0 0
1266 3 0 0 0 0 0 0 0 0 0 0 0 0
1267 135 1 1 105 0 0 0 0 0 0 0 0 0
fl=./libio/./libio/genops.c
fn=_IO_cleanup
786 6 1 1 0 0 0 3 0 0 0 0 0 0
787 11 1 1 4 0 0 2 0 0 2 0 0 0
790 12 0 0 4 0 0 0 0 0 4 2 0 0
799 9 1 1 3 1 1 0 0 0 3 3 0 0
801 6 0 0 2 0 0 0 0 0 2 1 0 0
807 13 1 1 5 0 0 2 0 0 3 0 0 0
815 5 1 1 2 1 1 0 0 0 2 1 0 0
817 2 0 0 0 0 0 1 0 0 0 0 0 0
819 4 2 2 2 0 0 1 0 0 0 0 0 0
820 1 0 0 0 0 0 1 0 0 0 0 0 0
824 5 0 0 2 0 0 1 0 0 0 0 1 1
826 3 0 0 1 0 0 0 0 0 1 1 0 0
830 5 1 1 1 0 0 0 0 0 2 0 0 0
831 8 0 0 3 0 0 2 0 0 3 1 0 0
838 3 0 0 0 0 0 3 0 0 0 0 0 0
842 9 1 1 3 0 0 2 0 0 3 0 0 0
843 2 0 0 0 0 0 1 0 0 0 0 0 0
863 11 1 1 1 0 0 7 0 0 0 0 0 0
866 3 0 0 0 0 0 1 0 0 0 0 0 0
878 12 0 0 9 0 0 0 0 0 1 0 0 0
fn=_IO_default_setbuf
330 5 1 1 1 0 0 0 0 0 1 1 0 0
332 4 0 0 0 0 0 1 0 0 0 0 0 0
337 2 0 0 0 0 0 1 0 0 0 0 0 0
452 9 2 2 0 0 0 4 0 0 0 0 0 0
453 5 0 0 2 0 0 1 0 0 1 0 1 1
455 4 0 0 0 0 0 0 0 0 1 1 0 0
457 3 1 1 1 0 0 1 0 0 0 0 0 0
458 2 0 0 0 0 0 0 0 0 0 0 0 0
462 1 0 0 0 0 0 0 0 0 0 0 0 0
466 4 0 0 0 0 0 3 0 0 0 0 0 0
467 1 0 0 0 0 0 0 0 0 0 0 0 0
468 6 0 0 5 0 0 0 0 0 0 0 0 0
fn=_IO_default_xsputn
371 13 1 1 0 0 0 6 0 0 0 0 0 0
374 2 0 0 0 0 0 0 0 0 1 0 0 0
375 1 0 0 0 0 0 0 0 0 0 0 0 0
379 24 1 1 10 0 0 0 0 0 5 2 0 0
399 38 1 1 12 0 0 4 0 0 9 1 4 1
401 4 0 0 0 0 0 0 0 0 0 0 0 0
404 8 2 2 7 0 0 0 0 0 0 0 0 0
fn=_IO_doallocbuf
343 4 1 1 0 0 0 3 0 0 0 0 0 0
344 2 0 0 1 0 0 0 0 0 1 1 0 0
346 4 0 0 1 0 0 0 0 0 1 1 0 0
347 5 0 0 2 1 1 1 0 0 1 1 1 1
350 4 1 1 4 0 0 0 0 0 0 0 0 0
fn=_IO_flush_all_lockp
686 12 2 2 1 0 0 7 0 0 0 0 0 0
687 1 0 0 0 0 0 0 0 0 0 0 0 0
691 6 0 0 0 0 0 3 0 0 0 0 0 0
692 11 1 1 4 0 0 2 0 0 2 1 0 0
695 12 0 0 4 3 3 0 0 0 4 1 0 0
697 3 1 1 0 0 0 3 0 0 0 0 0 0
698 6 0 0 0 0 0 0 0 0 3 2 0 0
701 21 2 2 9 4 4 0 0 0 6 0 0 0
709 6 1 1 0 0 0 0 0 0 3 2 0 0
711 3 0 0 0 0 0 3 0 0 0 0 0 0
715 9 0 0 3 0 0 2 0 0 3 0 0 0
716 2 1 1 0 0 0 1 0 0 0 0 0 0
720 12 0 0 9 0 0 0 0 0 1 0 0 0
fn=_IO_setb
329 9 1 1 0 0 0 2 0 0 0 0 0 0
330 4 1 1 2 0 0 0 0 0 1 1 0 0
332 1 0 0 0 0 0 1 0 0 0 0 0 0
335 6 0 0 0 0 0 1 0 0 0 0 0 0
338 4 0 0 3 0 0 0 0 0 0 0 0 0
fn=__overflow
199 102 1 1 0 0 0 34 0 0 0 0 0 0
201 102 0 0 34 0 0 0 0 0 34 4 0 0
203 102 1 1 68 0 0 0 0 0 0 0 34 1
204 68 0 0 34 0 0 0 0 0 0 0 0 0
fl=./libio/./libio/libioP.h
fn=_IO_cleanup
940 4 0 0 0 0 0 0 0 0 0 0 0 0
942 2 0 0 0 0 0 0 0 0 0 0 0 0
943 2 0 0 0 0 0 0 0 0 1 0 0 0
fn=_IO_default_setbuf
940 3 0 0 0 0 0 0 0 0 0 0 0 0
942 2 0 0 0 0 0 0 0 0 0 0 0 0
943 2 0 0 0 0 0 0 0 0 1 1 0 0
fn=_IO_default_xsputn
940 3 0 0 0 0 0 0 0 0 0 0 0 0
942 8 0 0 0 0 0 0 0 0 0 0 0 0
943 8 0 0 0 0 0 0 0 0 4 2 0 0
fn=_IO_do_write@@GLIBC_2.2.5
940 16 0 0 0 0 0 0 0 0 0 0 0 0
942 8 2 2 0 0 0 0 0 0 0 0 0 0
943 8 0 0 0 0 0 0 0 0 4 2 0 0
fn=_IO_doallocbuf
940 3 1 1 0 0 0 0 0 0 0 0 0 0
942 2 0 0 0 0 0 0 0 0 0 0 0 0
943 2 0 0 0 0 0 0 0 0 1 0 0 0
fn=_IO_file_doallocate
940 3 0 0 0 0 0 0 0 0 0 0 0 0
942 2 0 0 0 0 0 0 0 0 0 0 0 0
943 2 0 0 0 0 0 0 0 0 1 0 0 0
fn=_IO_file_xsputn@@GLIBC_2.2.5
940 15 0 0 0 0 0 0 0 0 0 0 0 0
942 10 1 1 0 0 0 0 0 0 0 0 0 0
943 10 0 0 0 0 0 0 0 0 5 0 0 0
fn=_IO_flush_all_lockp
940 4 1 1 0 0 0 0 0 0 0 0 0 0
fn=__overflow
940 102 0 0 0 0 0 0 0 0 0 0 0 0
942 68 0 0 0 0 0 0 0 0 0 0 0 0
943 68 0 0 0 0 0 0 0 0 34 0 0 0
fl=./libio/./libio/vtables.c
fn=check_stdfiles_vtables
83 1 1 1 0 0 0 0 0 0 0 0 0 0
84 4 0 0 2 1 0 0 0 0 1 1 0 0
85 3 1 1 2 1 0 0 0 0 1 0 0 0
86 3 0 0 2 2 0 0 0 0 1 0 0 0
88 1 0 0 1 0 0 0 0 0 0 0 0 0
fl=./malloc/./malloc/arena.c
fn=free
162 83731947 0 0 0 0 0 0 0 0 27910649 171405 0 0
fn=malloc
162 7214572 1 1 0 0 0 0 0 0 3607286 518 0 0
315 1 1 1 0 0 0 1 0 0 0 0 0 0
fn=ptmalloc_init.part.0
313 6 1 1 1 0 0 3 0 0 0 0 0 0
318 1 0 0 0 0 0 1 0 0 0 0 0 0
343 2 2 2 1 0 0 0 0 0 1 1 0 0
347 3 0 0 1 1 0 1 0 0 0 0 0 0
352 4 0 0 0 0 0 1 0 0 0 0 0 0
353 4 1 1 0 0 0 1 0 0 0 0 0 0
354 4 0 0 0 0 0 1 0 0 0 0 0 0
355 4 0 0 0 0 0 1 0 0 0 0 0 0
356 4 1 1 0 0 0 1 0 0 0 0 0 0
357 4 0 0 0 0 0 1 0 0 0 0 0 0
358 4 0 0 0 0 0 1 0 0 0 0 0 0
360 4 1 1 0 0 0 1 0 0 0 0 0 0
361 4 0 0 0 0 0 1 0 0 0 0 0 0
362 4 0 0 0 0 0 1 0 0 0 0 0 0
365 4 0 0 0 0 0 1 0 0 0 0 0 0
366 4 1 1 0 0 0 1 0 0 0 0 0 0
367 2 0 0 1 1 1 0 0 0 1 1 0 0
430 7 0 0 5 0 0 0 0 0 1 0 0 0
fn=sysmalloc
565 55 1 1 0 0 0 55 0 0 0 0 0 0
fl=./malloc/./malloc/malloc.c
fn=_int_free
2012 28104318 1 1 9368106 112 29 0 0 0 9368106 2 0 0
3181 37085088 1 1 18542544 0 0 18542544 0 0 0 0 0 0
3183 74170176 0 0 18542544 76 18 18542544 0 0 0 0 0 0
3184 18542544 0 0 0 0 0 18542544 0 0 0 0 0 0
3185 37085088 0 0 0 0 0 18542544 0 0 0 0 0 0
4421 307017150 2 2 27910650 125 30 195374550 202 17 0 0 0 0
4431 83731950 0 0 27910650 0 0 0 0 0 0 0 0 0
4437 139553250 0 0 0 0 0 0 0 0 27910650 0 0 0
4438 55821300 0 0 0 0 0 0 0 0 27910650 2305 0 0
4442 111642600 0 0 0 0 0 0 0 0 27910650 0 0 0
4449 55821300 0 0 0 0 0 0 0 0 0 0 0 0
4450 195374550 1 1 83731950 128 30 0 0 0 55821300 1057 0 0
4453 27910508 0 0 0 0 0 0 0 0 0 0 0 0
4459 83731524 0 0 55821016 226 0 0 0 0 27910508 0 0 0
4479 139552540 1 1 55821016 63 15 0 0 0 27910508 6185669 0 0
4482 18542544 0 0 0 0 0 0 0 0 0 0 0 0
4493 18736212 0 0 9368106 150 25 0 0 0 9368106 8 0 0
4504 37471856 0 0 9367964 1502716 62637 0 0 0 9367964 0 0 0
4506 28103892 0 0 9367964 105 7 0 0 0 9367964 0 0 0
4527 9367964 0 0 0 0 0 9367964 0 0 0 0 0 0
4528 9367964 0 0 0 0 0 0 0 0 0 0 0 0
4532 28103892 0 0 9367964 0 0 0 0 0 0 0 0 0
4534 28103892 0 0 9367964 0 0 0 0 0 9367964 0 0 0
4538 18735928 0 0 0 0 0 0 0 0 9367964 26426 0 0
4540 37471856 0 0 0 0 0 9367964 0 0 0 0 0 0
4541 9367964 0 0 0 0 0 9367964 0 0 0 0 0 0
4560 37471856 0 0 0 0 0 0 0 0 9367964 255 0 0
4569 284 0 0 142 0 0 0 0 0 142 0 0 0
4572 142 0 0 142 0 0 0 0 0 0 0 0 0
4575 710 0 0 0 0 0 142 49 0 142 0 0 0
4578 142 1 1 0 0 0 0 0 0 0 0 0 0
4582 426 0 0 142 113 0 0 0 0 142 0 0 0
4585 312 0 0 142 111 28 0 0 0 156 6 0 0
4587 42 1 1 14 7 0 0 0 0 0 0 0 0
4590 426 0 0 142 94 0 0 0 0 142 0 0 0
4593 284 0 0 0 0 0 0 0 0 0 0 0 0
4594 284 0 0 0 0 0 0 0 0 142 0 0 0
4595 284 1 1 142 114 7 0 0 0 142 0 0 0
4601 284 0 0 142 0 0 0 0 0 142 131 0 0
4602 5 0 0 5 0 0 0 0 0 0 0 0 0
4603 5 0 0 0 0 0 0 0 0 0 0 0 0
4604 5 0 0 0 0 0 0 0 0 0 0 0 0
4605 20 0 0 5 2 0 0 0 0 5 0 0 0
4607 10 0 0 0 0 0 5 2 0 0 0 0 0
4610 284 2 2 142 0 0 0 0 0 142 2 0 0
4615 280 0 0 140 96 11 0 0 0 140 23 0 0
4616 42 2 2 0 0 0 21 0 0 0 0 0 0
4617 42 0 0 0 0 0 0 0 0 0 0 0 0
4619 119 0 0 119 0 0 0 0 0 0 0 0 0
4627 140 0 0 0 0 0 0 0 0 0 0 0 0
4628 560 0 0 140 0 0 0 0 0 0 0 0 0
4629 280 0 0 140 91 0 0 0 0 140 0 0 0
4631 140 0 0 0 0 0 140 31 0 0 0 0 0
4633 280 2 2 0 0 0 0 0 0 140 6 0 0
4635 420 1 1 0 0 0 140 33 0 0 0 0 0
4638 140 0 0 0 0 0 140 0 0 0 0 0 0
4639 140 0 0 0 0 0 140 0 0 0 0 0 0
4641 420 0 0 0 0 0 140 0 0 0 0 0 0
4642 140 0 0 0 0 0 140 0 0 0 0 0 0
4653 2 1 1 0 0 0 0 0 0 0 0 0 0
4654 6 0 0 0 0 0 2 0 0 0 0 0 0
4655 4 0 0 0 0 0 2 0 0 0 0 0 0
4672 284 0 0 0 0 0 0 0 0 142 47 0 0
4673 186 1 1 62 0 0 0 0 0 62 15 0 0
4674 45 0 0 0 0 0 15 7 7 0 0 0 0
4676 186 3 3 0 0 0 0 0 0 62 22 0 0
4678 310 2 2 186 118 50 0 0 0 62 3 0 0
4680 3 1 1 1 0 0 1 0 0 0 0 0 0
4692 426 0 0 142 7 0 0 0 0 142 8 0 0
4702 307017150 2 2 251195850 30 0 0 0 0 27910650 0 0 0
fn=_int_malloc
1343 7214574 2 2 0 0 0 0 0 0 3607287 0 0 0
1362 18036434 1 1 0 0 0 0 0 0 3607287 6 0 0
2005 10812664 1 1 3604226 3 0 0 0 0 3604212 2773 0 0
3177 5761157 0 0 292 0 0 5760865 0 0 0 0 0 0
3181 18636433 1 1 8133488 14 0 8133488 5 0 0 0 0 0
3183 23113964 1 1 11527588 4 0 8133689 0 0 0 0 0 0
3184 3075 0 0 0 0 0 3075 0 0 0 0 0 0
3185 17288453 0 0 5760573 0 0 5763940 0 0 0 0 0 0
3186 584 0 0 0 0 0 0 0 0 0 0 0 0
3193 9225 1 1 6150 0 0 0 0 0 0 0 0 0
3194 6150 0 0 0 0 0 0 0 0 3075 1 0 0
3196 12300 0 0 3075 0 0 3075 0 0 0 0 0 0
3197 3075 0 0 3075 0 0 0 0 0 0 0 0 0
3198 3075 0 0 0 0 0 3075 0 0 0 0 0 0
3771 32465583 2 2 0 0 0 21643722 927 1 0 0 0 0
3811 7214574 2 2 0 0 0 0 0 0 3607287 0 0 0
3838 7214576 0 0 3607287 28 4 0 0 0 3607287 18 0 0
3841 1076405 0 0 0 0 0 0 0 0 0 0 0 0
3843 3607131 0 0 3607130 5 1 0 0 0 0 0 0 0
3845 14806435 2 2 0 0 0 0 0 0 3607130 659572 0 0
3847 2152810 1 1 0 0 0 0 0 0 1076405 0 0 0
3850 3229215 0 0 1076405 0 0 0 0 0 1076405 2 0 0
3851 6458430 0 0 1076405 41733 0 1076405 0 0 0 0 0 0
3853 10821387 0 0 0 0 0 0 0 0 0 0 0 0
3856 2152810 0 0 1076405 10511 0 0 0 0 0 0 0 0
3857 2152810 1 1 0 0 0 0 0 0 1076405 0 0 0
3863 2152810 0 0 0 0 0 0 0 0 0 0 0 0
3864 6458430 0 0 3229215 0 0 0 0 0 2152810 0 0 0
3869 6836978 0 0 1076405 0 0 0 0 0 0 0 0 0
3870 32253016 2 2 13029998 0 0 0 0 0 13029998 1095179 0 0
3872 11521146 0 0 0 0 0 0 0 0 5760573 0 0 0
3874 17281719 1 1 5760573 0 0 0 0 0 5760573 30 0 0
3875 34563438 0 0 5760573 679885 0 5760573 0 0 0 0 0 0
3901 314 0 0 0 0 0 0 0 0 157 5 0 0
3903 2530640 0 0 0 0 0 2530640 48808 1 0 0 0 0
3904 5061480 3 3 0 0 0 0 0 0 0 0 0 0
3906 7592193 0 0 2530731 39342 4 0 0 0 2530731 97 0 0
3908 91 0 0 91 36 0 0 0 0 0 0 0 0
3909 182 0 0 91 41 0 0 0 0 91 0 0 0
3911 91 0 0 91 28 0 0 0 0 0 0 0 0
3912 91 0 0 0 0 0 91 0 0 0 0 0 0
3913 91 0 0 0 0 0 91 0 0 0 0 0 0
3915 273 1 1 0 0 0 0 0 0 91 2 0 0
3921 182 0 0 0 0 0 0 0 0 0 0 0 0
3922 546 0 0 273 0 0 0 0 0 182 0 0 0
3927 1331 0 0 182 0 0 0 0 0 292 17 0 0
3928 732 0 0 0 0 0 0 0 0 366 92 0 0
3932 292 0 0 292 0 0 0 0 0 0 0 0 0
3933 292 0 0 292 195 0 0 0 0 0 0 0 0
3934 584 0 0 0 0 0 0 0 0 292 47 0 0
3936 292 0 0 0 0 0 292 0 0 0 0 0 0
3937 292 0 0 0 0 0 292 166 0 0 0 0 0
3944 91 0 0 0 0 0 0 0 0 0 0 0 0
3963 5842 4 4 0 0 0 1813 41 2 385 176 0 0
3964 453 0 0 151 9 1 0 0 0 151 13 0 0
3965 409 0 0 0 0 0 136 135 28 0 0 0 0
3982 12653952 0 0 2530790 14 0 5061581 22055 1 0 0 0 0
3983 7592373 1 1 0 0 0 0 0 0 0 0 0 0
3984 7592373 0 0 5061582 28 0 0 0 0 2530791 1 0 0
3988 2530791 0 0 0 0 0 2530791 0 0 0 0 0 0
3993 2369457 0 0 0 0 0 0 0 0 0 0 0 0
3994 10163968 1 1 2542341 37907 2 0 0 0 2545416 7815 0 0
3996 2377515 0 0 2377515 9529 0 0 0 0 0 0 0 0
3997 9510060 0 0 2377515 26849 0 0 0 0 0 0 0 0
3998 2377515 0 0 0 0 0 0 0 0 0 0 0 0
4000 4755030 1 1 0 0 0 0 0 0 2377515 44 0 0
4001 7132545 0 0 2377515 61 5 0 0 0 2377515 3 0 0
4003 2377515 0 0 2377515 40262 0 0 0 0 0 0 0 0
4004 9510060 0 0 0 0 0 0 0 0 2377515 0 0 0
4006 9510060 0 0 2377515 0 0 0 0 0 2377515 22 0 0
4008 4755030 1 1 2377515 2941 0 0 0 0 2377515 0 0 0
4009 4755030 0 0 2377515 0 0 0 0 0 2377515 2 0 0
4011 4755030 0 0 0 0 0 0 0 0 2377515 0 0 0
4022 9510060 0 0 0 0 0 0 0 0 2377515 701 0 0
4023 4738642 1 1 2369321 0 0 0 0 0 2369321 190 0 0
4024 4738270 0 0 2369135 0 0 0 0 0 2369135 199071 0 0
4025 4738914 0 0 0 0 0 2369457 0 0 0 0 0 0
4028 4725884 0 0 2362942 0 0 0 0 0 0 0 0 0
4029 2362942 0 0 0 0 0 0 0 0 0 0 0 0
4030 2362942 0 0 0 0 0 2362942 0 0 0 0 0 0
4031 7088826 0 0 0 0 0 2362942 0 0 0 0 0 0
4032 2362942 0 0 0 0 0 2362942 1211071 930524 0 0 0 0
4033 4725884 0 0 0 0 0 0 0 0 2362942 15398 0 0
4035 4549622 1 1 0 0 0 2274811 568729 457908 0 0 0 0
4039 18903536 0 0 0 0 0 2362942 0 0 0 0 0 0
4041 7088826 0 0 0 0 0 2362942 98 1 0 0 0 0
4042 2362942 0 0 0 0 0 2362942 0 0 0 0 0 0
4045 2366031 0 0 0 0 0 0 0 0 0 0 0 0
4053 14573 0 0 0 0 0 14573 0 0 0 0 0 0
4054 14573 0 0 0 0 0 14573 0 0 0 0 0 0
4058 29146 0 0 0 0 0 0 0 0 14573 2459 0 0
4060 6178 2 2 0 0 0 3089 0 0 0 0 0 0
4061 10132431 2 2 0 0 0 5061582 21 0 3089 3 0 0
4066 6178 0 0 3089 0 0 0 0 0 3089 4 0 0
4067 7120671 2 2 4745064 0 0 2369457 0 0 3075 3 0 0
4071 6150 0 0 0 0 0 0 0 0 0 0 0 0
4087 22968 1 1 0 0 0 0 0 0 11484 883 0 0
4089 14418 0 0 0 0 0 0 0 0 0 0 0 0
4090 28836 0 0 0 0 0 0 0 0 0 0 0 0
4091 7209 0 0 7209 370 199 0 0 0 0 0 0 0
4095 55922 2 2 0 0 0 0 0 0 11036 2623 0 0
4096 17100 1 1 0 0 0 0 0 0 0 0 0 0
4097 4275 0 0 4275 566 224 0 0 0 0 0 0 0
4100 8550 0 0 0 0 0 0 0 0 4275 944 0 0
4103 6816 2 2 0 0 0 3408 7 0 0 0 0 0
4105 13632 0 0 6816 231 1 0 0 0 3408 1 0 0
4106 6816 0 0 3408 0 0 0 0 0 3408 650 0 0
4112 2244 0 0 0 0 0 561 138 0 0 0 0 0
4113 561 0 0 561 36 1 0 0 0 0 0 0 0
4114 1683 0 0 0 0 0 1122 12 1 0 0 0 0
4118 14235 1 1 5694 163 4 0 0 0 2847 1 0 0
4119 21630 0 0 0 0 0 0 0 0 10815 2739 0 0
4121 7968 0 0 7968 315 8 0 0 0 0 0 0 0
4122 23904 0 0 7968 512 4 0 0 0 7968 2 0 0
4125 2847 0 0 0 0 0 0 0 0 2847 477 0 0
4128 1216 0 0 608 4 0 0 0 0 0 0 0 0
4131 6717 0 0 2239 82 7 2239 531 0 0 0 0 0
4133 6717 0 0 4478 24 2 0 0 0 2239 0 0 0
4135 2239 0 0 0 0 0 2239 0 0 0 0 0 0
4136 6717 0 0 2239 0 0 2239 0 0 0 0 0 0
4138 2847 0 0 2847 12 0 0 0 0 0 0 0 0
4139 5694 0 0 2847 2 0 0 0 0 2847 36 0 0
4144 2601 1 1 0 0 0 867 217 0 0 0 0 0
4147 68904 1 1 11484 1651 0 0 0 0 0 0 0 0
4149 45936 0 0 0 0 0 11484 0 0 0 0 0 0
4150 11484 0 0 0 0 0 11484 870 0 0 0 0 0
4151 11484 0 0 0 0 0 11484 0 0 0 0 0 0
4156 22968 0 0 22968 0 0 0 0 0 0 0 0 0
4157 22968 0 0 0 0 0 0 0 0 11484 262 0 0
4158 7108371 0 0 2369457 0 0 2369457 0 0 0 0 0 0
4159 8 0 0 2 0 0 0 0 0 4 2 0 0
4166 34452 1 1 0 0 0 0 0 0 11484 0 0 0
4174 3075 0 0 0 0 0 0 0 0 0 0 0 0
4183 329652 1 1 0 0 0 0 0 0 164826 93 0 0
4185 548 0 0 137 0 0 0 0 0 0 0 0 0
4188 411 0 0 137 95 5 0 0 0 137 13 0 0
4189 220 0 0 110 72 2 0 0 0 110 20 0 0
4192 200 1 1 200 59 8 0 0 0 0 0 0 0
4193 2520 0 0 484 334 1 0 0 0 484 189 0 0
4195 384 0 0 384 186 1 0 0 0 0 0 0 0
4199 200 0 0 100 0 0 0 0 0 100 11 0 0
4200 112 0 0 56 5 0 0 0 0 0 0 0 0
4201 56 0 0 56 6 0 0 0 0 0 0 0 0
4204 200 0 0 0 0 0 0 0 0 0 0 0 0
4205 300 1 1 0 0 0 200 0 0 0 0 0 0
4208 300 0 0 100 0 0 0 0 0 100 62 0 0
4210 15 0 0 15 0 0 0 0 0 0 0 0 0
4211 45 2 2 0 0 0 0 0 0 15 0 0 0
4217 85 0 0 0 0 0 0 0 0 0 0 0 0
4221 340 0 0 85 0 0 0 0 0 0 0 0 0
4222 170 0 0 85 0 0 0 0 0 85 3 0 0
4225 85 0 0 0 0 0 85 81 26 0 0 0 0
4226 85 0 0 0 0 0 85 0 0 0 0 0 0
4227 85 0 0 0 0 0 85 0 0 0 0 0 0
4228 170 1 1 0 0 0 0 0 0 85 36 0 0
4230 96 0 0 0 0 0 48 11 7 0 0 0 0
4233 680 0 0 0 0 0 85 0 0 0 0 0 0
4235 255 0 0 0 0 0 85 20 5 0 0 0 0
4236 85 0 0 0 0 0 85 0 0 0 0 0 0
4239 100 0 0 0 0 0 0 0 0 0 0 0 0
4256 329452 2 2 164726 2 0 0 0 0 0 0 0 0
4257 329452 0 0 0 0 0 0 0 0 0 0 0 0
4258 329452 0 0 0 0 0 0 0 0 0 0 0 0
4259 329452 0 0 164726 5115 1 0 0 0 0 0 0 0
4260 494178 0 0 0 0 0 0 0 0 0 0 0 0
4265 356191 1 1 0 0 0 0 0 0 176420 1844 0 0
4269 1273048 1 1 0 0 0 0 0 0 477096 73 0 0
4272 1757620 3 3 477059 0 0 0 0 0 477059 653 0 0
4274 18096 0 0 0 0 0 0 0 0 0 0 0 0
4275 9048 0 0 0 0 0 0 0 0 0 0 0 0
4279 190910 0 0 0 0 0 0 0 0 95455 7499 0 0
4281 82588 0 0 0 0 0 0 0 0 0 0 0 0
4283 165176 0 0 0 0 0 0 0 0 82588 6962 0 0
4287 12867 0 0 12867 4284 5 0 0 0 0 0 0 0
4290 25734 0 0 0 0 0 0 0 0 12867 3263 0 0
4292 16590 1 1 0 0 0 3318 0 0 0 0 0 0
4293 3318 0 0 0 0 0 0 0 0 0 0 0 0
4294 3318 0 0 0 0 0 0 0 0 0 0 0 0
4299 28647 1 1 19098 4264 44 0 0 0 0 0 0 0
4302 19098 0 0 0 0 0 0 0 0 9549 0 0 0
4304 19098 0 0 0 0 0 0 0 0 0 0 0 0
4307 38196 0 0 0 0 0 28647 0 0 0 0 0 0
4310 38196 0 0 19098 0 0 0 0 0 9549 1219 0 0
4312 3219 0 0 3219 0 0 0 0 0 0 0 0 0
4313 9657 1 1 0 0 0 0 0 0 3219 2 0 0
4320 6330 0 0 0 0 0 0 0 0 0 0 0 0
4325 25320 1 1 6330 0 0 0 0 0 0 0 0 0
4326 12660 0 0 6330 0 0 0 0 0 6330 0 0 0
4329 6330 0 0 0 0 0 6330 2716 632 0 0 0 0
4330 6330 0 0 0 0 0 6330 0 0 0 0 0 0
4331 6330 0 0 0 0 0 6330 0 0 0 0 0 0
4334 12660 0 0 0 0 0 0 0 0 6330 18 0 0
4335 6319 0 0 0 0 0 6319 0 0 0 0 0 0
4336 12660 0 0 0 0 0 0 0 0 6330 418 0 0
4338 7936 1 1 0 0 0 3968 953 332 0 0 0 0
4341 50640 0 0 0 0 0 6330 0 0 0 0 0 0
4343 18990 0 0 0 0 0 6330 14 0 0 0 0 0
4344 6330 0 0 0 0 0 6330 0 0 0 0 0 0
4347 9549 0 0 0 0 0 0 0 0 0 0 0 0
4369 155177 0 0 155177 0 0 0 0 0 0 0 0 0
4370 310354 0 0 155177 1718 2 0 0 0 0 0 0 0
4372 310354 0 0 155177 9 2 0 0 0 155177 2 0 0
4375 465787 1 1 0 0 0 256 0 0 155177 25372 0 0
4377 155049 0 0 0 0 0 0 0 0 0 0 0 0
4378 310098 1 1 155049 0 0 0 0 0 0 0 0 0
4379 155049 0 0 0 0 0 155049 0 0 0 0 0 0
4380 1240392 1 1 0 0 0 155049 0 0 0 0 0 0
4382 310098 0 0 0 0 0 155049 116390 116390 0 0 0 0
4385 155049 0 0 0 0 0 0 0 0 0 0 0 0
4392 384 0 0 128 0 0 0 0 0 128 72 0 0
4394 132 0 0 0 0 0 66 0 0 0 0 0 0
4396 264 0 0 132 0 0 0 0 0 66 2 0 0
4397 7214704 0 0 66 0 0 66 0 0 0 0 0 0
4399 37959600 4 4 0 0 0 22775760 25176 0 0 0 0 0
4407 310 1 1 62 0 0 62 0 0 0 0 0 0
4408 124 0 0 0 0 0 0 0 0 62 3 0 0
4413 32465583 3 3 25251009 16 0 0 0 0 0 0 0 0
fn=free
3352 111642624 1 1 0 0 0 55821312 0 0 0 0 0 0
3356 55821312 0 0 0 0 0 0 0 0 27910656 0 0 0
3364 55821312 0 0 55821312 298 64 0 0 0 0 0 0 0
3366 27910656 0 0 0 0 0 0 0 0 0 0 0 0
3368 83731968 1 1 27910656 2435687 34681 0 0 0 27910656 2024315 0 0
3372 21 0 0 7 7 2 0 0 0 7 0 0 0
3374 28 0 0 7 7 1 0 0 0 7 1 0 0
3376 12 0 0 0 0 0 6 0 0 0 0 0 0
3377 12 1 1 0 0 0 6 0 0 0 0 0 0
3378 6 0 0 0 0 0 0 0 0 0 0 0 0
3381 14 1 1 0 0 0 7 5 0 0 0 0 0
3385 83731947 0 0 55821298 253 60 0 0 0 27910649 4 0 0
3391 55821298 1 1 0 0 0 27910649 92 15 0 0 0 0
3394 27910656 0 0 0 0 0 27910656 15 0 0 0 0 0
3395 111642624 0 0 83731968 15 0 0 0 0 0 0 0 0
fn=malloc
1343 55821316 0 0 0 0 0 0 0 0 27910658 328681 0 0
1362 139553289 2 2 0 0 0 0 0 0 27910658 45 0 0
3193 48606744 0 0 24303372 116 56 0 0 0 0 0 0 0
3194 48606744 0 0 0 0 0 0 0 0 24303372 0 0 0
3196 97213488 0 0 24303372 175974 24 24303372 0 0 0 0 0 0
3197 48606744 0 0 0 0 0 24303372 0 0 0 0 0 0
3198 24303372 0 0 0 0 0 24303372 0 0 0 0 0 0
3241 4 0 0 2 0 0 1 0 0 1 0 0 0
3287 167463948 1 1 0 0 0 83731974 11 1 0 0 0 0
3294 55821316 0 0 27910658 12 3 0 0 0 27910658 13086 0 0
3304 83731971 1 1 0 0 0 0 0 0 0 0 0 0
3306 111642632 0 0 55821316 27 4 0 0 0 27910658 1 0 0
3309 55821316 0 0 27910658 13 2 0 0 0 27910658 185 0 0
3311 83731527 1 1 27910509 110 29 0 0 0 27910509 2457478 0 0
3319 10821858 1 1 3607286 10 1 0 0 0 3607286 9 0 0
3321 14429144 1 1 0 0 0 3607286 1 0 0 0 0 0
3322 18036430 0 0 3607286 9 0 0 0 0 3607286 133211 0 0
3347 139553290 0 0 111642632 19 0 0 0 0 0 0 0 0
fn=malloc_consolidate
4715 1736 1 1 0 0 0 1302 196 36 0 0 0 0
4730 217 0 0 0 0 0 217 0 0 0 0 0 0
4732 434 0 0 0 0 0 217 130 29 0 0 0 0
4743 217 1 1 0 0 0 0 0 0 0 0 0 0
4745 4340 0 0 4340 29 0 0 0 0 2170 14 0 0
4746 4340 0 0 0 0 0 0 0 0 2170 400 0 0
4749 4893058 1 1 0 0 0 0 0 0 2446529 32 0 0
4753 7339587 0 0 2446529 2388042 113 0 0 0 0 0 0 0
4754 9786116 0 0 0 0 0 0 0 0 2446529 1 0 0
4759 12232645 1 1 2446529 595171 75 0 0 0 0 0 0 0
4762 4893058 0 0 0 0 0 0 0 0 0 0 0 0
4763 2446529 0 0 0 0 0 0 0 0 0 0 0 0
4764 7339587 0 0 2446529 1186581 128 0 0 0 0 0 0 0
4766 4893058 0 0 0 0 0 0 0 0 2446529 600415 0 0
4767 1206476 0 0 1206476 0 0 0 0 0 0 0 0 0
4768 1206476 0 0 0 0 0 0 0 0 0 0 0 0
4769 1206476 0 0 0 0 0 0 0 0 0 0 0 0
4770 4825904 0 0 1206476 1044545 10 0 0 0 1206476 15 0 0
4772 12064760 1 1 4825904 0 0 6032380 54 6 0 0 0 0
4775 4893058 1 1 2446529 14 0 0 0 0 2446529 67 0 0
4778 4893046 1 1 2446523 1980732 25486 0 0 0 2446523 565908 0 0
4779 1183254 1 1 0 0 0 0 0 0 0 0 0 0
4780 8282778 0 0 2366508 0 0 3549762 7 1 0 0 0 0
4782 2526538 0 0 0 0 0 1263269 0 0 0 0 0 0
4784 2446523 0 0 2446523 0 0 0 0 0 0 0 0 0
4785 4893046 0 0 0 0 0 2446523 0 0 0 0 0 0
4786 4893046 0 0 2446523 0 0 2446523 15 0 0 0 0 0
4788 4893046 0 0 0 0 0 0 0 0 2446523 95057 0 0
4789 401928 0 0 0 0 0 200964 23314 0 0 0 0 0
4793 7339569 0 0 0 0 0 2446523 0 0 0 0 0 0
4795 2446523 0 0 0 0 0 2446523 0 0 0 0 0 0
4796 3629777 0 0 0 0 0 2446523 0 0 0 0 0 0
4800 6 0 0 0 0 0 0 0 0 0 0 0 0
4801 12 0 0 0 0 0 6 0 0 0 0 0 0
4802 12 0 0 0 0 0 6 0 0 0 0 0 0
4805 7339240 0 0 0 0 0 0 0 0 2446529 368 0 0
4808 6510 0 0 2170 0 0 0 0 0 2170 708 0 0
4809 1736 0 0 1519 29 0 0 0 0 0 0 0 0
fn=munmap_chunk
3044 7 2 2 0 0 0 0 0 0 0 0 0 0
3045 14 0 0 14 14 4 0 0 0 0 0 0 0
3046 21 0 0 7 0 0 0 0 0 0 0 0 0
3048 14 0 0 0 0 0 0 0 0 7 0 0 0
3050 7 0 0 0 0 0 0 0 0 0 0 0 0
3051 14 0 0 7 0 0 0 0 0 0 0 0 0
3052 14 2 2 7 0 0 0 0 0 0 0 0 0
3058 28 0 0 0 0 0 0 0 0 0 0 0 0
3059 35 0 0 0 0 0 0 0 0 7 0 0 0
3062 7 0 0 14 0 0 0 0 0 7 0 0 0
3063 21 0 0 14 0 0 0 0 0 7 0 0 0
3068 14 2 2 0 0 0 0 0 0 0 0 0 0
3069 7 0 0 0 0 0 0 0 0 0 0 0 0
fn=ptmalloc_init.part.0
1966 385 1 1 0 0 0 0 0 0 127 8 0 0
1969 381 0 0 0 0 0 127 33 32 0 0 0 0
1977 1 0 0 0 0 0 1 1 1 0 0 0 0
1978 1 0 0 0 0 0 1 1 1 0 0 0 0
1980 1 0 0 0 0 0 1 0 0 0 0 0 0
3162 7 1 1 0 0 0 1 0 0 1 0 0 0
fn=sysmalloc
2028 216 0 0 54 0 0 0 0 0 54 0 0 0
2548 558 2 2 0 0 0 372 8 1 0 0 0 0
2568 248 0 0 186 120 4 62 0 0 0 0 0 0
2579 124 1 1 0 0 0 0 0 0 62 1 0 0
2580 179 0 0 62 61 3 55 1 0 62 3 0 0
2581 21 0 0 14 6 1 0 0 0 7 0 0 0
2585 35 0 0 7 0 0 0 0 0 7 0 0 0
2594 28 0 0 0 0 0 7 7 1 0 0 0 0
2595 14 0 0 0 0 0 0 0 0 7 0 0 0
2606 55 0 0 55 0 0 0 0 0 0 0 0 0
2607 165 0 0 55 0 0 0 0 0 0 0 0 0
2608 55 0 0 0 0 0 0 0 0 0 0 0 0
2610 106 2 2 0 0 0 0 0 0 0 0 0 0
2617 598 0 0 0 0 0 0 0 0 163 0 0 0
2623 165 1 1 0 0 0 0 0 0 55 0 0 0
2626 165 0 0 0 0 0 0 0 0 55 2 0 0
2687 110 2 2 55 0 0 0 0 0 0 0 0 0
2696 220 0 0 55 0 0 0 0 0 0 0 0 0
2709 165 0 0 55 54 1 0 0 0 55 0 0 0
2713 3 1 1 0 0 0 1 0 0 0 0 0 0
2717 275 0 0 0 0 0 55 0 0 0 0 0 0
2725 110 1 1 0 0 0 0 0 0 55 3 0 0
2727 110 1 1 0 0 0 55 8 2 0 0 0 0
2728 165 0 0 55 0 0 0 0 0 55 2 0 0
2729 110 1 1 55 0 0 0 0 0 0 0 0 0
2730 55 0 0 0 0 0 0 0 0 0 0 0 0
2733 110 0 0 0 0 0 0 0 0 55 44 0 0
2746 8 0 0 2 0 0 0 0 0 2 0 0 0
2752 16 0 0 0 0 0 4 0 0 0 0 0 0
2754 6 0 0 2 0 0 0 0 0 2 0 0 0
2758 2 0 0 2 0 0 0 0 0 0 0 0 0
2762 4 0 0 0 0 0 0 0 0 2 0 0 0
2764 110 1 1 55 1 0 0 0 0 55 1 0 0
2765 2 1 1 0 0 0 1 0 0 0 0 0 0
2766 271 0 0 108 0 0 55 0 0 0 0 0 0
2772 224 1 1 0 0 0 0 0 0 55 1 0 0
2773 208 0 0 0 0 0 52 0 0 0 0 0 0
2775 8 3 3 3 0 0 0 0 0 4 2 0 0
2802 2 0 0 0 0 0 0 0 0 0 0 0 0
2815 3 1 1 0 0 0 0 0 0 1 1 0 0
2837 2 0 0 0 0 0 0 0 0 0 0 0 0
2838 7 0 0 0 0 0 0 0 0 0 0 0 0
2840 2 1 1 0 0 0 0 0 0 1 0 0 0
2841 4 0 0 0 0 0 2 0 0 0 0 0 0
2853 3 0 0 1 0 0 0 0 0 1 0 0 0
2867 4 0 0 0 0 0 0 0 0 2 0 0 0
2886 4 0 0 0 0 0 0 0 0 2 0 0 0
2895 3 0 0 0 0 0 3 0 0 0 0 0 0
2896 12 0 0 0 0 0 3 3 3 0 0 0 0
2897 7 1 1 2 0 0 3 0 0 0 0 0 0
2908 6 1 1 0 0 0 0 0 0 3 1 0 0
2915 4 0 0 0 0 0 0 0 0 0 0 0 0
2916 6 0 0 0 0 0 2 0 0 0 0 0 0
2924 2 0 0 0 0 0 2 1 1 0 0 0 0
2926 2 0 0 0 0 0 2 0 0 0 0 0 0
2931 4 0 0 0 0 0 0 0 0 2 1 0 0
2933 5 1 1 0 0 0 1 0 0 0 0 0 0
2941 111 2 2 56 0 0 0 0 0 55 1 0 0
2942 55 0 0 0 0 0 55 0 0 0 0 0 0
2946 54 0 0 53 0 0 0 0 0 0 0 0 0
2947 110 0 0 55 0 0 0 0 0 0 0 0 0
2950 110 0 0 0 0 0 0 0 0 55 2 0 0
2952 55 0 0 0 0 0 0 0 0 0 0 0 0
2953 55 0 0 0 0 0 0 0 0 0 0 0 0
2954 55 0 0 0 0 0 55 0 0 0 0 0 0
2955 440 2 2 0 0 0 55 0 0 0 0 0 0
2956 110 0 0 0 0 0 55 45 45 0 0 0 0
2958 110 0 0 0 0 0 0 0 0 0 0 0 0
2964 682 2 2 558 0 0 0 0 0 62 54 0 0
fn=sysmalloc_mmap.constprop.0
2028 28 0 0 7 0 0 0 0 0 7 0 0 0
2420 21 1 1 0 0 0 21 0 0 0 0 0 0
2433 21 0 0 0 0 0 0 0 0 0 0 0 0
2438 14 1 1 0 0 0 0 0 0 7 2 0 0
2441 70 0 0 0 0 0 7 6 1 0 0 0 0
2444 14 1 1 0 0 0 0 0 0 7 0 0 0
2448 14 0 0 0 0 0 0 0 0 7 0 0 0
2466 21 0 0 0 0 0 0 0 0 7 0 0 0
2484 7 0 0 0 0 0 7 7 7 0 0 0 0
2485 21 0 0 0 0 0 7 0 0 0 0 0 0
2489 21 1 1 14 0 0 0 0 0 7 0 0 0
2490 27 0 0 10 0 0 0 0 0 10 3 0 0
2493 21 0 0 14 0 0 0 0 0 7 0 0 0
2494 35 1 1 14 0 0 0 0 0 14 1 0 0
2499 35 0 0 28 0 0 0 0 0 0 0 0 0
fn=sysmalloc_mmap_fallback.constprop.0
2028 8 1 1 2 0 0 0 0 0 2 0 0 0
2508 18 1 1 0 0 0 10 0 0 0 0 0 0
2512 2 0 0 2 0 0 0 0 0 0 0 0 0
2515 4 0 0 2 0 0 0 0 0 2 1 0 0
2516 5 0 0 0 0 0 0 0 0 0 0 0 0
2519 4 0 0 0 0 0 0 0 0 2 2 0 0
2523 4 1 1 0 0 0 0 0 0 2 0 0 0
2524 2 0 0 0 0 0 0 0 0 0 0 0 0
2526 18 0 0 0 0 0 2 0 0 0 0 0 0
2529 4 0 0 0 0 0 0 0 0 2 0 0 0
2533 4 0 0 0 0 0 0 0 0 2 2 0 0
2540 2 0 0 2 0 0 0 0 0 0 0 0 0
2542 2 0 0 0 0 0 2 0 0 0 0 0 0
2544 14 0 0 12 0 0 0 0 0 0 0 0 0
fn=systrim.constprop.0
2977 3 0 0 0 0 0 3 0 0 0 0 0 0
2986 3 1 1 2 0 0 0 0 0 0 0 0 0
2988 1 0 0 0 0 0 0 0 0 0 0 0 0
2989 2 0 0 0 0 0 0 0 0 1 0 0 0
2994 3 0 0 1 1 0 0 0 0 1 1 0 0
2995 1 0 0 0 0 0 0 0 0 0 0 0 0
2998 5 0 0 2 2 0 0 0 0 0 0 0 0
3000 2 0 0 0 0 0 0 0 0 1 1 0 0
3007 3 1 1 0 0 0 1 0 0 0 0 0 0
3008 4 0 0 1 0 0 0 0 0 1 0 0 0
3020 3 0 0 0 0 0 1 0 0 0 0 0 0
3021 2 0 0 0 0 0 1 0 0 0 0 0 0
3023 1 0 0 0 0 0 0 0 0 0 0 0 0
3025 2 0 0 0 0 0 0 0 0 0 0 0 0
3029 2 0 0 0 0 0 0 0 0 1 0 0 0
3032 1 0 0 1 0 0 0 0 0 0 0 0 0
3033 4 0 0 1 0 0 1 0 0 0 0 0 0
3035 2 0 0 0 0 0 0 0 0 0 0 0 0
3040 4 0 0 4 0 0 0 0 0 0 0 0 0
fn=tcache_init.part.0
3235 3 1 1 0 0 0 2 0 0 0 0 0 0
3244 8 0 0 3 0 0 0 0 0 2 0 0 0
3245 4 1 1 0 0 0 1 0 0 0 0 0 0
3246 2 0 0 0 0 0 0 0 0 1 0 0 0
3254 4 0 0 2 0 0 0 0 0 2 0 0 0
3261 2 0 0 0 0 0 0 0 0 1 0 0 0
3263 2 0 0 1 0 0 1 0 0 0 0 0 0
3264 88 1 1 0 0 0 81 9 9 80 10 0 0
3267 4 0 0 3 0 0 0 0 0 0 0 0 0
fn=unlink_chunk.constprop.0
1626 2399405 1 1 0 0 0 0 0 0 0 0 0 0
1628 11997025 0 0 4798810 5841 272 0 0 0 2399405 4 0 0
1631 11997025 1 1 4798810 362480 29 0 0 0 0 0 0 0
1632 2399405 0 0 2399405 0 0 0 0 0 0 0 0 0
1634 9597620 0 0 4798810 4549143 511 0 0 0 4798810 32 0 0
1637 2399405 0 0 0 0 0 2399405 0 0 0 0 0 0
1638 2399405 0 0 0 0 0 2399405 0 0 0 0 0 0
1639 5402479 0 0 201223 46842 29 0 0 0 2600628 161058 0 0
1641 7346 0 0 3673 2271 54 0 0 0 3673 149 0 0
1642 22038 1 1 7346 662 222 0 0 0 3673 0 0 0
1645 7346 0 0 3673 1006 7 0 0 0 3673 6 0 0
1647 12 0 0 0 0 0 0 0 0 6 0 0 0
1651 6 0 0 0 0 0 6 0 0 0 0 0 0
1653 12 0 0 6 0 0 6 0 0 0 0 0 0
1654 18 0 0 6 0 0 6 0 0 0 0 0 0
1659 3667 0 0 0 0 0 3667 0 0 0 0 0 0
1660 7334 0 0 3667 0 0 3667 0 0 0 0 0 0
1663 4798810 0 0 2399405 0 0 0 0 0 0 0 0 0
fl=./malloc/./malloc/morecore.c
fn=__glibc_morecore
25 118 2 2 0 0 0 0 0 0 0 0 0 0
26 118 0 0 59 0 0 0 0 0 59 0 0 0
27 2 0 0 0 0 0 0 0 0 0 0 0 0
29 59 0 0 0 0 0 59 0 0 0 0 0 0
30 118 0 0 0 0 0 0 0 0 59 2 0 0
34 118 0 0 59 0 0 0 0 0 0 0 0 0
fl=./malloc/./malloc/scratch_buffer_set_array_size.c
fn=__libc_scratch_buffer_set_array_size
30 50 2 2 0 0 0 15 0 0 0 0 0 0
34 5 0 0 0 0 0 0 0 0 0 0 0 0
35 10 0 0 0 0 0 0 0 0 5 2 0 0
45 10 0 0 5 0 0 0 0 0 5 2 0 0
46 5 0 0 0 0 0 0 0 0 0 0 0 0
63 20 1 1 20 0 0 0 0 0 0 0 0 0
fl=./math/../sysdeps/ieee754/dbl-64/e_log.c
fn=__ieee754_log_fma
39 1199492 0 0 0 0 0 0 0 0 0 0 0 0
49 599746 1 1 0 0 0 0 0 0 0 0 0 0
61 2998730 1 1 0 0 0 0 0 0 599746 39198 0 0
65 113199 0 0 0 0 0 0 0 0 37733 0 0 0
67 37733 0 0 37733 11 2 0 0 0 0 0 0 0
68 37733 0 0 0 0 0 0 0 0 0 0 0 0
69 37733 0 0 0 0 0 0 0 0 0 0 0 0
70 113199 1 1 113199 1 0 0 0 0 0 0 0 0
71 150932 1 1 113199 8 2 0 0 0 0 0 0 0
72 188665 0 0 150932 0 0 0 0 0 0 0 0 0
75 150932 0 0 37733 9 2 0 0 0 0 0 0 0
76 37733 0 0 0 0 0 0 0 0 0 0 0 0
77 75466 1 1 37733 0 0 0 0 0 0 0 0 0
78 75466 0 0 0 0 0 0 0 0 0 0 0 0
79 75466 0 0 0 0 0 0 0 0 0 0 0 0
80 113199 0 0 0 0 0 0 0 0 0 0 0 0
81 37733 0 0 0 0 0 0 0 0 0 0 0 0
82 37733 0 0 0 0 0 0 0 0 0 0 0 0
83 37733 0 0 37733 0 0 0 0 0 0 0 0 0
85 1686039 0 0 0 0 0 0 0 0 562013 0 0 0
102 1124026 0 0 0 0 0 0 0 0 0 0 0 0
103 1124026 0 0 0 0 0 0 0 0 0 0 0 0
104 562013 0 0 0 0 0 0 0 0 0 0 0 0
105 1686039 0 0 0 0 0 0 0 0 0 0 0 0
106 2810065 1 1 0 0 0 0 0 0 0 0 0 0
114 1686039 1 1 1124026 2938 34 0 0 0 0 0 0 0
119 1124026 0 0 0 0 0 0 0 0 0 0 0 0
122 1124026 0 0 1124026 8 2 0 0 0 0 0 0 0
123 562013 0 0 0 0 0 0 0 0 0 0 0 0
124 1686039 0 0 562013 0 0 0 0 0 0 0 0 0
127 562013 0 0 0 0 0 0 0 0 0 0 0 0
130 5058117 1 1 2810065 7 2 0 0 0 0 0 0 0
131 562013 0 0 562013 0 0 0 0 0 0 0 0 0
fl=./math/../sysdeps/ieee754/dbl-64/math_config.h
fn=__ieee754_log_fma
67 599746 0 0 0 0 0 0 0 0 0 0 0 0
fl=./math/../sysdeps/x86_64/fpu/multiarch/e_asin.c
fn=__acos_finite@GLIBC_2.15
35 1 1 1 0 0 0 0 0 0 0 0 0 0
fn=__asin_finite@GLIBC_2.15
27 2 1 1 1 0 0 0 0 0 0 0 0 0
fl=./math/../sysdeps/x86_64/fpu/multiarch/e_atan2.c
fn=__atan2_finite@GLIBC_2.15
26 2 1 1 1 0 0 0 0 0 0 0 0 0
fl=./math/../sysdeps/x86_64/fpu/multiarch/e_exp.c
fn=__exp_finite@GLIBC_2.15
27 2 2 2 1 0 0 0 0 0 0 0 0 0
fl=./math/../sysdeps/x86_64/fpu/multiarch/e_exp2f.c
fn=exp2f@@GLIBC_2.27
27 2 1 1 1 0 0 0 0 0 0 0 0 0
fl=./math/../sysdeps/x86_64/fpu/multiarch/e_expf.c
fn=expf@@GLIBC_2.27
27 2 1 1 1 0 0 0 0 0 0 0 0 0
fl=./math/../sysdeps/x86_64/fpu/multiarch/e_log.c
fn=__log_finite@GLIBC_2.15
27 2 2 2 1 0 0 0 0 0 0 0 0 0
fl=./math/../sysdeps/x86_64/fpu/multiarch/e_log2f.c
fn=log2f@@GLIBC_2.27
27 2 1 1 1 0 0 0 0 0 0 0 0 0
fl=./math/../sysdeps/x86_64/fpu/multiarch/e_logf.c
fn=logf@@GLIBC_2.27
27 2 1 1 1 0 0 0 0 0 0 0 0 0
fl=./math/../sysdeps/x86_64/fpu/multiarch/e_pow.c
fn=__pow_finite@GLIBC_2.15
27 2 1 1 1 0 0 0 0 0 0 0 0 0
fl=./math/../sysdeps/x86_64/fpu/multiarch/e_powf.c
fn=powf@@GLIBC_2.27
30 1 1 1 0 0 0 0 0 0 0 0 0 0
fl=./math/../sysdeps/x86_64/fpu/multiarch/ifunc-avx-fma4.h
fn=__atan2_finite@GLIBC_2.15
32 5 1 1 2 0 0 0 0 0 1 0 0 0
33 2 0 0 1 0 0 0 0 0 1 1 0 0
fn=__exp_finite@GLIBC_2.15
32 5 0 0 2 0 0 0 0 0 1 1 0 0
33 2 0 0 1 0 0 0 0 0 1 1 0 0
fn=__log_finite@GLIBC_2.15
32 5 0 0 2 0 0 0 0 0 1 0 0 0
33 2 0 0 1 0 0 0 0 0 1 1 0 0
fn=cos
32 5 1 1 2 0 0 0 0 0 1 0 0 0
33 2 0 0 1 0 0 0 0 0 1 1 0 0
fn=sin
32 5 0 0 2 0 0 0 0 0 1 0 0 0
33 2 0 0 1 0 0 0 0 0 1 1 0 0
fl=./math/../sysdeps/x86_64/fpu/multiarch/ifunc-fma.h
fn=cosf
29 4 1 1 2 0 0 0 0 0 1 0 0 0
30 3 0 0 1 0 0 0 0 0 0 0 0 0
fn=exp2f@@GLIBC_2.27
29 4 0 0 2 0 0 0 0 0 1 0 0 0
30 3 1 1 1 0 0 0 0 0 0 0 0 0
fn=expf@@GLIBC_2.27
29 4 1 1 2 0 0 0 0 0 1 0 0 0
30 3 0 0 1 0 0 0 0 0 0 0 0 0
fn=log2f@@GLIBC_2.27
29 4 0 0 2 0 0 0 0 0 1 0 0 0
30 3 1 1 1 0 0 0 0 0 0 0 0 0
fn=logf@@GLIBC_2.27
29 4 0 0 2 0 0 0 0 0 1 0 0 0
30 3 0 0 1 0 0 0 0 0 0 0 0 0
fn=powf@@GLIBC_2.27
29 4 0 0 2 0 0 0 0 0 1 0 0 0
30 4 0 0 2 0 0 0 0 0 0 0 0 0
fn=sincosf
29 4 1 1 2 0 0 0 0 0 1 0 0 0
30 3 0 0 1 0 0 0 0 0 0 0 0 0
fn=sinf
29 4 0 0 2 0 0 0 0 0 1 0 0 0
30 3 0 0 1 0 0 0 0 0 0 0 0 0
fl=./math/../sysdeps/x86_64/fpu/multiarch/ifunc-fma4.h
fn=__acos_finite@GLIBC_2.15
31 4 0 0 2 0 0 0 0 0 1 0 0 0
32 2 1 1 1 0 0 0 0 0 1 1 0 0
35 1 0 0 1 0 0 0 0 0 0 0 0 0
fn=__asin_finite@GLIBC_2.15
31 4 0 0 2 0 0 0 0 0 1 0 0 0
32 2 0 0 1 0 0 0 0 0 1 1 0 0
fn=__pow_finite@GLIBC_2.15
31 4 0 0 2 0 0 0 0 0 1 0 0 0
32 2 0 0 1 0 0 0 0 0 1 0 0 0
fl=./math/../sysdeps/x86_64/fpu/multiarch/s_cosf.c
fn=cosf
26 2 1 1 1 0 0 0 0 0 0 0 0 0
fl=./math/../sysdeps/x86_64/fpu/multiarch/s_fma.c
fn=fma
49 6 1 1 3 0 0 0 0 0 1 1 0 0
fl=./math/../sysdeps/x86_64/fpu/multiarch/s_sin.c
fn=cos
34 2 1 1 1 0 0 0 0 0 0 0 0 0
fn=sin
27 2 1 1 1 0 0 0 0 0 0 0 0 0
fl=./math/../sysdeps/x86_64/fpu/multiarch/s_sincosf.c
fn=sincosf
26 2 1 1 1 0 0 0 0 0 0 0 0 0
fl=./math/../sysdeps/x86_64/fpu/multiarch/s_sinf.c
fn=sinf
26 2 1 1 1 0 0 0 0 0 0 0 0 0
fl=./math/./w_log_template.c
fn=log@@GLIBC_2.29
31 599746 1 1 0 0 0 0 0 0 0 0 0 0
32 1799238 0 0 0 0 0 0 0 0 599746 2737 0 0
41 599746 1 1 0 0 0 0 0 0 0 0 0 0
fl=./misc/../sysdeps/unix/syscall-template.S
fn=mprotect
117 45 1 1 0 0 0 0 0 0 9 0 0 0
122 9 0 0 9 0 0 0 0 0 0 0 0 0
fn=munmap
117 40 5 5 0 0 0 0 0 0 8 0 0 0
122 8 0 0 8 0 0 0 0 0 0 0 0 0
fl=./misc/../sysdeps/unix/sysv/linux/brk.c
fn=brk
35 57 1 1 0 0 0 0 0 0 0 0 0 0
36 228 0 0 57 0 0 57 0 0 0 0 0 0
37 114 0 0 0 0 0 0 0 0 57 4 0 0
39 4 0 0 2 0 0 2 0 0 0 0 0 0
40 4 0 0 2 0 0 0 0 0 0 0 0 0
43 55 0 0 0 0 0 0 0 0 0 0 0 0
44 55 0 0 55 0 0 0 0 0 0 0 0 0
fl=./misc/../sysdeps/unix/sysv/linux/mmap64.c
fn=mmap
47 70 2 2 0 0 0 0 0 0 0 0 0 0
50 70 0 0 0 0 0 0 0 0 35 0 0 0
58 140 0 0 0 0 0 0 0 0 35 0 0 0
60 35 0 0 35 0 0 0 0 0 0 0 0 0
fl=./misc/./misc/init-misc.c
fn=__init_misc
30 5 2 2 0 0 0 2 0 0 0 0 0 0
31 5 0 0 1 0 0 0 0 0 2 0 0 0
33 3 0 0 0 0 0 1 0 0 0 0 0 0
37 5 0 0 1 0 0 1 1 0 0 0 0 0
38 3 0 0 2 0 0 1 0 0 0 0 0 0
40 4 0 0 3 0 0 0 0 0 0 0 0 0
fl=./misc/./misc/sbrk.c
fn=sbrk
37 295 1 1 0 0 0 177 2 0 0 0 0 0
40 118 0 0 118 110 4 0 0 0 0 0 0 0
43 118 0 0 59 55 2 0 0 0 59 6 0 0
58 118 1 1 0 0 0 0 0 0 59 5 0 0
59 4 0 0 0 0 0 1 0 0 1 0 0 0
60 2 0 0 0 0 0 0 0 0 0 0 0 0
62 118 0 0 0 0 0 0 0 0 59 3 0 0
63 4 0 0 4 0 0 0 0 0 0 0 0 0
66 224 1 1 0 0 0 0 0 0 112 4 0 0
68 2 0 0 0 0 0 0 0 0 0 0 0 0
74 168 0 0 0 0 0 56 46 0 56 4 0 0
78 295 1 1 236 0 0 0 0 0 0 0 0 0
fl=./nptl/../sysdeps/unix/sysv/linux/x86/elision-conf.c
fn=__lll_elision_init
96 6 1 1 1 0 0 2 0 0 0 0 0 0
101 5 1 1 0 0 0 1 0 0 0 0 0 0
103 4 0 0 0 0 0 1 0 0 0 0 0 0
105 4 0 0 0 0 0 1 0 0 0 0 0 0
107 4 0 0 0 0 0 1 0 0 0 0 0 0
109 4 1 1 0 0 0 1 0 0 0 0 0 0
113 3 0 0 1 1 1 0 0 0 1 0 0 0
114 1 0 0 0 0 0 1 1 1 0 0 0 0
115 6 0 0 4 0 0 0 0 0 1 0 0 0
fl=./nptl/./nptl/alloca_cutoff.c
fn=__libc_alloca_cutoff
27 5 2 2 0 0 0 0 0 0 0 0 0 0
28 45 2 2 5 2 2 0 0 0 5 2 0 0
35 5 0 0 5 0 0 0 0 0 0 0 0 0
fl=./nptl/./nptl/libc-cleanup.c
fn=__libc_cleanup_pop_restore
39 6 2 2 0 0 0 0 0 0 0 0 0 0
42 12 0 0 6 0 0 6 0 0 0 0 0 0
44 12 0 0 6 0 0 6 0 0 0 0 0 0
45 12 0 0 0 0 0 0 0 0 6 0 0 0
47 6 0 0 6 0 0 0 0 0 0 0 0 0
fn=__libc_cleanup_push_defer
24 6 3 2 0 0 0 0 0 0 0 0 0 0
27 12 0 0 6 2 2 6 0 0 0 0 0 0
30 24 0 0 6 2 2 6 0 0 0 0 0 0
31 6 0 0 0 0 0 6 0 0 0 0 0 0
33 6 0 0 0 0 0 6 0 0 0 0 0 0
34 6 0 0 6 0 0 0 0 0 0 0 0 0
fl=./nptl/./nptl/pthread_mutex_conf.c
fn=__pthread_tunables_init
50 6 2 2 1 0 0 2 0 0 0 0 0 0
51 5 0 0 0 0 0 1 0 0 0 0 0 0
53 4 0 0 0 0 0 1 0 0 0 0 0 0
55 6 0 0 4 0 0 0 0 0 1 0 0 0
fl=./nptl/./nptl/pthread_mutex_lock.c
fn=pthread_mutex_lock@@GLIBC_2.2.5
44 1 1 1 1 0 0 0 0 0 0 0 0 0
45 8 0 0 2 0 0 0 0 0 3 0 0 0
46 1 0 0 0 0 0 1 0 0 0 0 0 0
77 3 1 1 0 0 0 1 0 0 0 0 0 0
80 3 0 0 1 0 0 0 0 0 0 0 0 0
82 1 0 0 0 0 0 0 0 0 0 0 0 0
84 2 1 1 0 0 0 0 0 0 1 0 0 0
88 2 0 0 0 0 0 0 0 0 1 1 0 0
97 2 1 1 0 0 0 0 0 0 1 0 0 0
108 4 1 1 1 0 0 0 0 0 1 1 0 0
112 1 0 0 1 0 0 0 0 0 0 0 0 0
115 2 0 0 1 0 0 0 0 0 1 0 0 0
130 3 0 0 1 0 0 0 0 0 1 0 0 0
131 2 1 1 0 0 0 1 0 0 0 0 0 0
167 1 1 1 1 0 0 0 0 0 0 0 0 0
170 1 0 0 0 0 0 1 0 0 0 0 0 0
172 1 0 0 1 0 0 0 0 0 0 0 0 0
175 1 0 0 0 0 0 0 0 0 0 0 0 0
177 1 0 0 0 0 0 0 0 0 0 0 0 0
178 3 0 0 2 0 0 0 0 0 0 0 0 0
fl=./nptl/./nptl/pthread_mutex_unlock.c
fn=pthread_mutex_unlock@@GLIBC_2.2.5
39 1 0 0 1 0 0 0 0 0 0 0 0 0
40 5 0 0 1 0 0 0 0 0 2 1 0 0
41 2 0 0 0 0 0 1 0 0 0 0 0 0
51 3 0 0 1 0 0 0 0 0 0 0 0 0
52 2 1 1 0 0 0 0 0 0 1 0 0 0
57 2 0 0 0 0 0 0 0 0 1 1 0 0
62 1 0 0 0 0 0 1 0 0 0 0 0 0
65 1 0 0 1 0 0 0 0 0 0 0 0 0
70 1 0 0 0 0 0 0 0 0 0 0 0 0
74 2 1 1 0 0 0 0 0 0 1 1 0 0
80 4 1 1 1 0 0 0 0 0 1 0 0 0
84 3 0 0 2 0 0 0 0 0 1 1 0 0
87 3 1 1 1 0 0 0 0 0 1 0 0 0
367 2 1 1 0 0 0 0 0 0 0 0 0 0
369 2 0 0 1 0 0 0 0 0 0 0 0 0
fl=./posix/../malloc/dynarray-skeleton.c
fn=__unregister_atfork
243 5 0 0 5 0 0 0 0 0 0 0 0 0
fl=./posix/../sysdeps/unix/syscall-template.S
fn=uname
120 5 1 1 0 0 0 0 0 0 1 0 0 0
122 1 0 0 1 0 0 0 0 0 0 0 0 0
fl=./posix/../sysdeps/unix/sysv/linux/_exit.c
fn=_Exit
27 2 1 1 1 0 0 0 0 0 0 0 0 0
30 3 0 0 0 0 0 0 0 0 0 0 0 0
31 2 0 0 0 0 0 0 0 0 0 0 0 0
fl=./posix/./posix/register-atfork.c
fn=__unregister_atfork
65 10 0 0 0 0 0 0 0 0 5 3 0 0
76 15 1 1 0 0 0 5 0 0 0 0 0 0
77 20 0 0 5 1 1 0 0 0 5 0 0 0
103 20 1 1 10 0 0 0 0 0 10 0 0 0
104 10 0 0 10 0 0 0 0 0 0 0 0 0
fl=./resource/../sysdeps/unix/sysv/linux/getrlimit64.c
fn=getrlimit
38 2 1 1 0 0 0 0 0 0 0 0 0 0
39 7 0 0 0 0 0 0 0 0 1 0 0 0
40 1 0 0 1 0 0 0 0 0 0 0 0 0
fl=./setjmp/../sysdeps/x86_64/bsd-_setjmp.S
fn=_setjmp
28 1 1 1 0 0 0 0 0 0 0 0 0 0
30 1 0 0 0 0 0 0 0 0 0 0 0 0
32 1 0 0 0 0 0 0 0 0 0 0 0 0
fl=./setjmp/../sysdeps/x86_64/setjmp.S
fn=__sigsetjmp
30 14 2 2 0 0 0 0 0 0 0 0 0 0
32 14 0 0 0 0 0 14 0 0 0 0 0 0
41 14 0 0 0 0 0 0 0 0 0 0 0 0
42 28 1 1 14 0 0 0 0 0 0 0 0 0
43 14 0 0 0 0 0 14 0 0 0 0 0 0
47 14 0 0 0 0 0 14 0 0 0 0 0 0
48 14 0 0 0 0 0 14 0 0 0 0 0 0
49 14 0 0 0 0 0 14 0 0 0 0 0 0
50 14 0 0 0 0 0 14 0 0 0 0 0 0
51 14 0 0 0 0 0 0 0 0 0 0 0 0
53 28 1 1 14 0 0 0 0 0 0 0 0 0
55 14 0 0 0 0 0 14 1 1 0 0 0 0
56 14 0 0 14 0 0 0 0 0 0 0 0 0
57 14 0 0 0 0 0 0 0 0 0 0 0 0
59 28 0 0 14 0 0 0 0 0 0 0 0 0
61 14 1 1 0 0 0 14 0 0 0 0 0 0
66 1 0 0 1 1 0 0 0 0 0 0 0 0
67 1 0 0 0 0 0 0 0 0 1 1 0 0
69 13 0 0 0 0 0 0 0 0 0 0 0 0
72 13 0 0 0 0 0 0 0 0 0 0 0 0
73 13 0 0 0 0 0 13 0 0 0 0 0 0
80 13 0 0 0 0 0 0 0 0 0 0 0 0
81 13 0 0 13 0 0 0 0 0 0 0 0 0
84 1 1 1 0 0 0 0 0 0 0 0 0 0
fl=./setjmp/./setjmp/sigjmp.c
fn=__sigjmp_save
28 3 0 0 0 0 0 1 0 0 0 0 0 0
29 1 0 0 0 0 0 1 0 0 0 0 0 0
30 2 0 0 0 0 0 0 0 0 1 0 0 0
34 3 0 0 2 0 0 0 0 0 0 0 0 0
fl=./stdio-common/../include/../locale/localeinfo.h
fn=__printf_fp_l
315 15 0 0 10 4 4 5 0 0 0 0 0 0
fl=./stdio-common/../include/rounding-mode.h
fn=__printf_fp_l
52 18 0 0 0 0 0 0 0 0 5 1 0 0
58 8 0 0 0 0 0 0 0 0 4 0 0 0
fl=./stdio-common/../libio/libioP.h
fn=__vfprintf_internal
940 16 0 0 4 2 2 4 0 0 0 0 0 0
942 45 0 0 0 0 0 0 0 0 0 0 0 0
943 30 0 0 11 0 0 0 0 0 15 6 0 0
fl=./stdio-common/../sysdeps/generic/get-rounding-mode.h
fn=__printf_fp_l
94 5 1 1 0 0 0 5 0 0 0 0 0 0
95 35 1 1 5 0 0 0 0 0 15 0 0 0
fl=./stdio-common/../sysdeps/pthread/allocalim.h
fn=__printf_fp_l
27 10 0 0 0 0 0 5 0 0 0 0 0 0
29 25 0 0 5 0 0 0 0 0 5 4 0 0
fl=./stdio-common/./stdio-common/_itoa.c
fn=_itoa_word
163 6 2 2 0 0 0 0 0 0 0 0 0 0
166 12 2 2 0 0 0 0 0 0 0 0 0 0
168 6 0 0 0 0 0 0 0 0 3 3 0 0
177 286 2 2 20 2 2 20 0 0 20 13 0 0
186 6 1 1 3 0 0 0 0 0 0 0 0 0
fl=./stdio-common/./stdio-common/printf-parse.h
fn=__vfprintf_internal
78 30 1 1 5 0 0 0 0 0 5 4 0 0
88 8 0 0 0 0 0 0 0 0 0 0 0 0
111 48 0 0 4 0 0 16 0 0 0 0 0 0
fl=./stdio-common/./stdio-common/printf_fp.c
fn=__printf_fp
1278 15 2 2 0 0 0 0 0 0 0 0 0 0
1279 20 0 0 10 0 0 0 0 0 0 0 0 0
fn=__printf_fp_l
216 80 4 4 5 0 0 45 2 2 0 0 0 0
233 5 0 0 0 0 0 5 0 0 0 0 0 0
234 5 0 0 0 0 0 5 0 0 0 0 0 0
257 5 0 0 0 0 0 5 0 0 0 0 0 0
260 10 0 0 0 0 0 0 0 0 0 0 0 0
266 30 0 0 5 0 0 5 0 0 0 0 0 0
274 5 2 2 0 0 0 5 1 1 0 0 0 0
277 15 0 0 0 0 0 0 0 0 5 0 0 0
280 10 0 0 5 0 0 5 0 0 0 0 0 0
298 15 2 2 5 0 0 0 0 0 5 0 0 0
306 5 0 0 0 0 0 5 0 0 0 0 0 0
387 10 0 0 0 0 0 0 0 0 5 2 0 0
388 10 0 0 5 0 0 5 0 0 0 0 0 0
392 10 1 1 0 0 0 0 0 0 5 2 0 0
396 85 4 4 15 4 4 5 1 1 10 2 0 0
432 25 0 0 5 0 0 0 0 0 0 0 0 0
433 5 0 0 0 0 0 0 0 0 0 0 0 0
434 10 0 0 0 0 0 0 0 0 0 0 0 0
437 90 4 4 5 0 0 5 0 0 10 6 0 0
438 80 1 1 5 2 2 5 0 0 10 2 0 0
439 80 3 3 5 2 2 5 0 0 10 4 0 0
445 5 0 0 0 0 0 5 0 0 0 0 0 0
446 10 0 0 0 0 0 0 0 0 5 0 0 0
449 5 0 0 0 0 0 0 0 0 0 0 0 0
459 5 0 0 0 0 0 0 0 0 0 0 0 0
460 35 0 0 0 0 0 5 0 0 0 0 0 0
463 15 0 0 0 0 0 0 0 0 5 2 0 0
467 20 0 0 0 0 0 0 0 0 0 0 0 0
471 20 0 0 0 0 0 5 2 2 0 0 0 0
472 5 0 0 0 0 0 0 0 0 0 0 0 0
474 30 1 1 0 0 0 0 0 0 0 0 0 0
475 45 2 2 10 0 0 5 0 0 0 0 0 0
476 10 0 0 0 0 0 0 0 0 5 0 0 0
477 25 2 2 5 0 0 10 0 0 0 0 0 0
479 10 1 1 0 0 0 0 0 0 5 2 0 0
484 65 0 0 0 0 0 0 0 0 0 0 0 0
488 385 1 1 125 10 10 0 0 0 65 19 0 0
490 30 1 1 5 0 0 0 0 0 10 0 0 0
493 15 0 0 10 0 0 0 0 0 5 0 0 0
503 10 0 0 10 0 0 0 0 0 0 0 0 0
534 10 0 0 5 0 0 5 0 0 0 0 0 0
535 25 0 0 5 0 0 5 0 0 0 0 0 0
541 30 0 0 10 0 0 5 0 0 0 0 0 0
543 5 0 0 5 0 0 0 0 0 0 0 0 0
546 10 0 0 10 0 0 0 0 0 0 0 0 0
547 10 0 0 0 0 0 0 0 0 5 2 0 0
548 15 4 4 0 0 0 5 0 0 0 0 0 0
551 86 3 3 35 0 0 10 0 0 30 14 0 0
554 55 2 2 28 0 0 18 0 0 0 0 0 0
555 36 0 0 27 0 0 0 0 0 0 0 0 0
556 45 0 0 0 0 0 0 0 0 0 0 0 0
557 36 0 0 0 0 0 0 0 0 0 0 0 0
560 65 1 1 0 0 0 0 0 0 0 0 0 0
562 130 1 1 0 0 0 0 0 0 65 10 0 0
563 10 0 0 5 0 0 5 0 0 0 0 0 0
569 11 0 0 1 0 0 0 0 0 5 0 0 0
573 60 1 1 20 0 0 0 0 0 10 0 0 0
577 15 0 0 5 0 0 0 0 0 0 0 0 0
579 10 0 0 0 0 0 0 0 0 5 3 0 0
605 5 0 0 0 0 0 0 0 0 0 0 0 0
608 40 2 2 0 0 0 0 0 0 10 2 0 0
624 15 0 0 0 0 0 5 0 0 0 0 0 0
626 15 0 0 5 0 0 0 0 0 0 0 0 0
627 30 0 0 10 0 0 5 0 0 0 0 0 0
629 30 1 1 15 0 0 0 0 0 5 2 0 0
643 10 1 1 0 0 0 5 0 0 0 0 0 0
813 5 1 1 0 0 0 0 0 0 0 0 0 0
831 15 1 1 10 0 0 5 0 0 0 0 0 0
841 30 0 0 20 4 4 5 0 0 0 0 0 0
843 10 1 1 0 0 0 0 0 0 5 2 0 0
847 10 0 0 5 0 0 5 0 0 0 0 0 0
848 5 0 0 0 0 0 0 0 0 0 0 0 0
853 10 0 0 5 0 0 0 0 0 5 2 0 0
855 5 1 1 0 0 0 5 0 0 0 0 0 0
856 20 0 0 5 0 0 5 0 0 5 2 0 0
857 5 0 0 0 0 0 5 0 0 0 0 0 0
858 5 0 0 0 0 0 0 0 0 0 0 0 0
859 20 1 1 5 0 0 5 0 0 5 0 0 0
861 15 1 1 5 0 0 5 0 0 0 0 0 0
863 10 0 0 0 0 0 5 0 0 0 0 0 0
883 10 0 0 0 0 0 0 0 0 0 0 0 0
901 15 0 0 5 0 0 0 0 0 5 2 0 0
915 35 3 3 10 0 0 5 0 0 10 0 0 0
916 5 0 0 5 0 0 0 0 0 0 0 0 0
922 5 0 0 0 0 0 0 0 0 0 0 0 0
932 90 3 3 5 0 0 15 0 0 10 2 0 0
933 25 0 0 0 0 0 0 0 0 0 0 0 0
936 15 0 0 5 0 0 0 0 0 5 2 0 0
939 63 1 1 10 0 0 0 0 0 24 8 0 0
942 96 1 1 5 0 0 43 0 0 0 0 0 0
944 5 0 0 0 0 0 0 0 0 0 0 0 0
946 30 0 0 15 0 0 0 0 0 10 0 0 0
948 15 0 0 5 0 0 5 0 0 0 0 0 0
960 15 0 0 0 0 0 5 0 0 0 0 0 0
961 20 0 0 0 0 0 10 0 0 0 0 0 0
962 45 1 1 20 0 0 0 0 0 0 0 0 0
963 60 1 1 10 0 0 0 0 0 20 7 0 0
965 10 0 0 0 0 0 0 0 0 0 0 0 0
966 30 1 1 0 0 0 20 0 0 0 0 0 0
967 10 0 0 0 0 0 0 0 0 0 0 0 0
969 40 0 0 0 0 0 0 0 0 10 0 0 0
978 15 0 0 10 0 0 0 0 0 5 0 0 0
979 25 2 2 0 0 0 15 0 0 0 0 0 0
981 40 0 0 10 0 0 0 0 0 5 3 0 0
1003 12 0 0 4 0 0 0 0 0 4 1 0 0
1007 4 0 0 0 0 0 0 0 0 0 0 0 0
1008 24 3 3 8 0 0 0 0 0 8 2 0 0
1013 8 0 0 4 0 0 0 0 0 4 2 0 0
1017 8 1 1 0 0 0 4 0 0 0 0 0 0
1028 8 0 0 4 0 0 0 0 0 4 0 0 0
1097 15 0 0 0 0 0 0 0 0 5 4 0 0
1104 2 1 1 0 0 0 0 0 0 1 1 0 0
1107 15 1 1 5 0 0 0 0 0 5 3 0 0
1120 15 1 1 5 0 0 0 0 0 5 3 0 0
1166 35 1 1 15 0 0 0 0 0 5 1 0 0
1168 35 1 1 5 0 0 5 0 0 0 0 0 0
1170 40 1 1 10 0 0 0 0 0 15 3 0 0
1175 15 1 1 0 0 0 0 0 0 5 5 0 0
1177 10 1 1 0 0 0 0 0 0 5 1 0 0
1180 25 1 1 10 0 0 0 0 0 10 2 0 0
1188 15 1 1 5 0 0 0 0 0 5 0 0 0
1195 15 0 0 10 0 0 0 0 0 5 2 0 0
1200 20 1 1 5 0 0 10 0 0 0 0 0 0
1202 20 0 0 10 0 0 0 0 0 5 2 0 0
1203 10 0 0 0 0 0 0 0 0 0 0 0 0
1207 20 1 1 5 0 0 5 0 0 0 0 0 0
1209 15 0 0 5 0 0 0 0 0 5 0 0 0
1220 80 2 2 5 0 0 5 0 0 10 4 0 0
1227 162 2 2 15 0 0 15 0 0 39 3 0 0
1228 102 1 1 34 0 0 0 0 0 34 15 0 0
1229 20 0 0 5 0 0 5 0 0 0 0 0 0
1230 58 0 0 0 0 0 0 0 0 29 0 0 0
1233 58 0 0 0 0 0 29 0 0 0 0 0 0
1237 30 1 1 25 0 0 0 0 0 5 0 0 0
1254 589 3 3 102 0 0 34 0 0 112 17 0 0
1257 15 1 1 5 0 0 0 0 0 5 0 0 0
1268 15 0 0 10 0 0 0 0 0 5 2 0 0
1272 60 2 2 45 0 0 0 0 0 5 0 0 0
fn=hack_digit
170 136 1 1 0 0 0 68 0 0 0 0 0 0
173 102 0 0 34 0 0 0 0 0 34 8 0 0
175 102 0 0 34 0 0 0 0 0 34 0 0 0
177 68 0 0 68 0 0 0 0 0 0 0 0 0
183 68 2 2 0 0 0 0 0 0 34 12 0 0
187 272 1 1 68 0 0 34 0 0 0 0 0 0
189 136 0 0 102 0 0 34 0 0 0 0 0 0
190 34 0 0 34 0 0 0 0 0 0 0 0 0
192 68 0 0 34 0 0 34 0 0 0 0 0 0
193 204 1 1 68 0 0 0 0 0 68 0 0 0
200 68 0 0 0 0 0 0 0 0 0 0 0 0
204 102 0 0 0 0 0 34 0 0 0 0 0 0
205 68 0 0 0 0 0 0 0 0 34 2 0 0
206 160 0 0 64 0 0 64 0 0 0 0 0 0
210 170 0 0 102 0 0 0 0 0 0 0 0 0
fl=./stdio-common/./stdio-common/vfprintf-internal.c
fn=__vfprintf_internal
127 214 1 1 0 0 0 0 0 0 36 6 0 0
192 12 0 0 0 0 0 0 0 0 6 2 0 0
239 105 4 4 34 2 2 15 0 0 15 1 15 3
351 15 0 0 0 0 0 0 0 0 5 2 0 0
352 15 0 0 0 0 0 0 0 0 0 0 0 0
354 10 2 2 0 0 0 5 0 0 0 0 0 0
1180 48 2 2 0 0 0 36 6 6 0 0 0 0
1210 20 0 0 12 0 0 8 2 2 0 0 0 0
1214 4 0 0 0 0 0 4 0 0 0 0 0 0
1218 19 2 2 4 0 0 1 0 0 7 6 0 0
1222 20 0 0 8 2 2 0 0 0 8 1 0 0
1233 8 0 0 0 0 0 0 0 0 4 0 0 0
1240 4 0 0 0 0 0 4 0 0 0 0 0 0
1244 24 2 2 12 0 0 12 2 2 0 0 0 0
1248 4 0 0 0 0 0 4 0 0 0 0 0 0
1259 40 2 2 4 2 2 20 2 2 4 2 0 0
1260 52 1 1 28 4 4 4 0 0 12 4 0 0
1263 16 0 0 8 0 0 0 0 0 4 1 0 0
1267 12 1 1 8 0 0 0 0 0 4 0 0 0
1271 32 2 2 12 4 4 4 0 0 12 6 0 0
1291 8 0 0 0 0 0 8 0 0 0 0 0 0
1292 8 0 0 0 0 0 8 0 0 0 0 0 0
1293 8 0 0 0 0 0 8 0 0 0 0 0 0
1294 8 0 0 0 0 0 8 0 0 0 0 0 0
1295 8 0 0 0 0 0 8 0 0 0 0 0 0
1298 8 0 0 0 0 0 0 0 0 0 0 0 0
1299 8 0 0 0 0 0 0 0 0 0 0 0 0
1300 8 0 0 0 0 0 0 0 0 0 0 0 0
1301 8 0 0 0 0 0 0 0 0 0 0 0 0
1302 8 0 0 0 0 0 8 0 0 0 0 0 0
1303 8 0 0 0 0 0 0 0 0 0 0 0 0
1306 8 1 1 0 0 0 8 0 0 0 0 0 0
1307 16 1 1 0 0 0 8 0 0 0 0 8 5
1313 120 1 1 24 5 5 0 0 0 8 8 0 0
1352 24 0 0 16 0 0 8 0 0 0 0 0 0
1392 6 2 2 6 0 0 0 0 0 0 0 0 0
1421 5 2 2 0 0 0 0 0 0 0 0 0 0
1422 15 0 0 5 0 0 0 0 0 5 0 0 0
1448 15 0 0 0 0 0 0 0 0 5 0 0 0
1463 60 1 1 10 3 3 0 0 0 5 0 5 1
1474 9 0 0 3 2 2 0 0 0 0 0 0 0
1491 3 0 0 0 0 0 0 0 0 0 0 0 0
1496 3 1 1 0 0 0 0 0 0 0 0 0 0
1499 16 1 1 0 0 0 0 0 0 0 0 3 1
1500 3 0 0 0 0 0 0 0 0 0 0 0 0
1501 49 1 1 6 0 0 0 0 0 3 2 0 0
1516 256 16 16 57 0 0 28 0 0 48 22 0 0
1517 6 0 0 0 0 0 0 0 0 3 2 0 0
1532 26 0 0 9 0 0 4 0 0 5 2 0 0
1535 170 3 3 40 0 0 30 0 0 0 0 0 0
1555 81 3 3 20 0 0 14 0 0 10 4 0 0
1556 10 1 1 0 0 0 5 0 0 0 0 0 0
1559 10 0 0 0 0 0 0 0 0 5 0 0 0
1564 10 1 1 0 0 0 0 0 0 5 2 0 0
1583 8 0 0 8 0 0 0 0 0 0 0 0 0
1589 8 1 1 0 0 0 0 0 0 0 0 0 0
1593 32 0 0 0 0 0 0 0 0 8 0 0 0
1595 23 1 1 8 0 0 0 0 0 8 1 0 0
1608 44 1 1 20 0 0 8 0 0 16 4 0 0
1609 16 0 0 4 0 0 4 0 0 4 4 0 0
1611 4 0 0 0 0 0 0 0 0 0 0 0 0
1612 48 0 0 36 0 0 0 0 0 4 2 0 0
fl=./stdlib/../sysdeps/ieee754/dbl-64/dbl2mpn.c
fn=__mpn_extract_double
33 15 1 1 0 0 0 0 0 0 0 0 0 0
35 5 0 0 0 0 0 0 0 0 0 0 0 0
37 15 0 0 0 0 0 5 0 0 0 0 0 0
38 25 0 0 0 0 0 5 0 0 0 0 0 0
47 15 0 0 0 0 0 5 0 0 0 0 0 0
56 15 2 2 0 0 0 0 0 0 5 0 0 0
103 10 0 0 0 0 0 5 0 0 0 0 0 0
107 10 0 0 5 0 0 0 0 0 0 0 0 0
fl=./stdlib/../sysdeps/unix/sysv/linux/getrandom.c
fn=getrandom
28 1 1 1 0 0 0 0 0 0 0 0 0 0
29 7 1 1 1 0 0 0 0 0 2 0 0 0
30 1 0 0 1 0 0 0 0 0 0 0 0 0
fl=./stdlib/../sysdeps/x86_64/lshift.S
fn=__mpn_lshift
28 5 1 1 0 0 0 0 0 0 0 0 0 0
29 5 0 0 0 0 0 0 0 0 0 0 0 0
30 5 0 0 0 0 0 0 0 0 0 0 0 0
32 5 0 0 0 0 0 0 0 0 0 0 0 0
33 5 0 0 0 0 0 0 0 0 0 0 0 0
34 5 0 0 0 0 0 0 0 0 5 2 0 0
46 5 1 1 0 0 0 0 0 0 0 0 0 0
47 5 0 0 0 0 0 0 0 0 5 0 0 0
48 5 0 0 5 0 0 0 0 0 0 0 0 0
49 5 0 0 0 0 0 0 0 0 0 0 0 0
50 5 0 0 0 0 0 0 0 0 0 0 0 0
51 5 0 0 0 0 0 0 0 0 0 0 0 0
52 5 0 0 0 0 0 0 0 0 5 2 0 0
58 5 0 0 0 0 0 0 0 0 0 0 0 0
59 5 0 0 0 0 0 5 0 0 0 0 0 0
60 5 0 0 5 0 0 0 0 0 0 0 0 0
fl=./stdlib/../sysdeps/x86_64/mul_1.S
fn=__mpn_mul_1
31 39 1 1 0 0 0 0 0 0 0 0 0 0
32 39 0 0 0 0 0 39 0 0 0 0 0 0
35 39 0 0 0 0 0 0 0 0 0 0 0 0
36 39 0 0 39 0 0 0 0 0 0 0 0 0
37 39 0 0 0 0 0 0 0 0 0 0 0 0
38 39 0 0 0 0 0 0 0 0 0 0 0 0
39 39 0 0 0 0 0 0 0 0 0 0 0 0
41 39 0 0 0 0 0 0 0 0 0 0 0 0
42 39 0 0 0 0 0 0 0 0 0 0 0 0
44 39 0 0 0 0 0 0 0 0 0 0 0 0
45 39 0 0 0 0 0 0 0 0 39 4 0 0
46 39 1 1 0 0 0 0 0 0 0 0 0 0
47 39 0 0 0 0 0 0 0 0 39 2 0 0
48 34 0 0 0 0 0 0 0 0 34 0 0 0
50 34 0 0 0 0 0 0 0 0 0 0 0 0
51 34 0 0 0 0 0 0 0 0 34 0 0 0
52 34 0 0 0 0 0 34 0 0 0 0 0 0
53 34 0 0 0 0 0 0 0 0 0 0 0 0
79 5 2 2 0 0 0 0 0 0 0 0 0 0
80 5 0 0 0 0 0 0 0 0 0 0 0 0
81 5 0 0 0 0 0 0 0 0 0 0 0 0
82 5 0 0 0 0 0 0 0 0 0 0 0 0
83 5 0 0 0 0 0 0 0 0 0 0 0 0
84 5 0 0 0 0 0 0 0 0 0 0 0 0
85 5 0 0 5 0 0 0 0 0 0 0 0 0
86 5 0 0 0 0 0 0 0 0 0 0 0 0
87 5 0 0 0 0 0 0 0 0 0 0 0 0
113 5 1 1 0 0 0 0 0 0 0 0 0 0
114 5 0 0 0 0 0 0 0 0 0 0 0 0
115 5 0 0 0 0 0 0 0 0 5 0 0 0
117 5 0 0 0 0 0 5 0 0 0 0 0 0
118 5 0 0 0 0 0 0 0 0 0 0 0 0
119 5 0 0 0 0 0 0 0 0 0 0 0 0
120 5 0 0 0 0 0 5 0 0 0 0 0 0
121 5 0 0 0 0 0 0 0 0 0 0 0 0
122 39 0 0 0 0 0 0 0 0 0 0 0 0
124 39 0 0 39 0 0 0 0 0 0 0 0 0
127 39 0 0 39 0 0 0 0 0 0 0 0 0
fl=./stdlib/../sysdeps/x86_64/rshift.S
fn=__mpn_rshift
28 10 1 1 0 0 0 0 0 0 0 0 0 0
29 10 0 0 0 0 0 0 0 0 0 0 0 0
30 10 0 0 0 0 0 0 0 0 0 0 0 0
31 10 0 0 0 0 0 0 0 0 10 5 0 0
44 10 1 1 0 0 0 0 0 0 0 0 0 0
45 10 0 0 0 0 0 0 0 0 10 4 0 0
61 10 2 2 0 0 0 0 0 0 10 4 0 0
62 10 0 0 10 0 0 0 0 0 0 0 0 0
63 10 0 0 10 0 0 0 0 0 0 0 0 0
64 10 0 0 0 0 0 0 0 0 0 0 0 0
65 10 0 0 0 0 0 0 0 0 0 0 0 0
66 10 0 0 0 0 0 0 0 0 0 0 0 0
67 10 0 0 0 0 0 0 0 0 10 6 0 0
72 10 0 0 0 0 0 0 0 0 0 0 0 0
73 10 0 0 0 0 0 10 0 0 0 0 0 0
74 10 0 0 0 0 0 0 0 0 0 0 0 0
75 10 0 0 0 0 0 10 0 0 0 0 0 0
76 10 0 0 10 0 0 0 0 0 0 0 0 0
fl=./stdlib/./stdlib/cmp.c
fn=__mpn_cmp
31 10 1 1 0 0 0 0 0 0 0 0 0 0
35 20 0 0 0 0 0 0 0 0 10 4 0 0
37 10 0 0 10 0 0 0 0 0 0 0 0 0
38 10 0 0 10 0 0 0 0 0 0 0 0 0
39 20 1 1 0 0 0 0 0 0 10 0 0 0
47 50 0 0 10 0 0 0 0 0 0 0 0 0
fl=./stdlib/./stdlib/cxa_atexit.c
fn=__cxa_atexit
41 20 0 0 0 0 0 0 0 0 10 0 0 0
43 60 0 0 10 1 0 0 0 0 10 0 0 0
44 20 1 1 0 0 0 10 0 0 0 0 0 0
46 20 0 0 0 0 0 0 0 0 10 0 0 0
53 30 0 0 10 0 0 0 0 0 0 0 0 0
55 10 0 0 0 0 0 10 0 0 0 0 0 0
56 20 0 0 10 0 0 10 5 2 0 0 0 0
58 10 0 0 0 0 0 10 0 0 0 0 0 0
59 40 1 1 20 0 0 0 0 0 20 0 0 0
60 10 0 0 0 0 0 0 0 0 0 0 0 0
69 90 1 1 0 0 0 40 0 0 0 0 0 0
71 60 0 0 40 0 0 0 0 0 0 0 0 0
fn=__new_exitfn
82 50 1 1 0 0 0 20 0 0 0 0 0 0
83 20 0 0 0 0 0 0 0 0 0 0 0 0
88 20 0 0 10 0 0 0 0 0 10 2 0 0
93 44 0 0 11 1 0 0 0 0 11 0 0 0
95 40 1 1 10 1 0 0 0 0 10 5 0 0
96 45 0 0 9 0 0 0 0 0 9 5 0 0
103 1 0 0 0 0 0 1 0 0 0 0 0 0
106 18 0 0 0 0 0 0 0 0 9 0 0 0
124 1 0 0 0 0 0 0 0 0 0 0 0 0
125 2 1 1 0 0 0 1 0 0 0 0 0 0
131 27 0 0 0 0 0 0 0 0 0 0 0 0
132 18 0 0 0 0 0 9 0 0 0 0 0 0
138 10 1 1 0 0 0 10 0 0 0 0 0 0
139 10 0 0 10 0 0 0 0 0 0 0 0 0
143 50 0 0 30 0 0 0 0 0 0 0 0 0
fl=./stdlib/./stdlib/cxa_finalize.c
fn=__cxa_finalize
30 45 1 1 0 0 0 30 0 0 0 0 0 0
33 30 1 1 5 0 0 0 0 0 5 1 0 0
36 30 1 1 10 0 0 0 0 0 10 3 0 0
40 176 0 0 5 0 0 0 0 0 55 14 0 0
41 108 1 1 54 3 3 0 0 0 54 8 0 0
43 9 0 0 9 0 0 0 0 0 0 0 0 0
45 9 0 0 9 0 0 0 0 0 0 0 0 0
76 9 0 0 0 0 0 9 0 0 0 0 0 0
79 27 1 1 18 0 0 0 0 0 0 0 0 0
82 36 0 0 18 0 0 0 0 0 18 0 0 0
83 27 0 0 0 0 0 9 0 0 0 0 9 9
84 36 0 0 9 0 0 0 0 0 9 3 0 0
88 18 0 0 9 0 0 0 0 0 9 0 0 0
94 35 1 1 10 1 1 0 0 0 10 0 0 0
98 30 0 0 5 1 1 0 0 0 5 3 0 0
105 10 0 0 0 0 0 0 0 0 5 0 0 0
106 10 0 0 0 0 0 5 0 0 0 0 0 0
107 20 0 0 10 0 0 0 0 0 10 1 0 0
108 40 1 1 35 0 0 0 0 0 0 0 0 0
fl=./stdlib/./stdlib/cxa_thread_atexit_impl.c
fn=__call_tls_dtors
149 4 1 1 0 0 0 2 0 0 0 0 0 0
150 4 0 0 2 0 0 0 0 0 1 1 0 0
168 4 1 1 3 0 0 0 0 0 0 0 0 0
fl=./stdlib/./stdlib/divrem.c
fn=__mpn_divrem
46 442 1 1 0 0 0 272 2 2 0 0 0 0
47 34 0 0 0 0 0 34 0 0 0 0 0 0
49 68 0 0 0 0 0 0 0 0 34 10 0 0
62 34 2 2 34 0 0 0 0 0 0 0 0 0
63 34 0 0 34 0 0 0 0 0 0 0 0 0
65 68 0 0 0 0 0 0 0 0 34 0 0 0
72 358 2 2 32 0 0 0 0 0 66 2 0 0
73 96 0 0 32 0 0 32 0 0 0 0 0 0
76 68 0 0 0 0 0 0 0 0 34 1 0 0
79 34 1 1 0 0 0 34 0 0 0 0 0 0
234 306 0 0 272 0 0 0 0 0 0 0 0 0
fl=./stdlib/./stdlib/exit.c
fn=__run_exit_handlers
40 11 1 1 0 0 0 7 0 0 0 0 0 0
45 2 0 0 0 0 0 0 0 0 1 1 0 0
46 2 0 0 0 0 0 1 0 0 0 0 0 0
48 5 1 1 1 1 1 0 0 0 1 1 0 0
56 1 0 0 1 1 1 0 0 0 0 0 0 0
58 3 0 0 0 0 0 0 0 0 1 0 0 0
62 1 0 0 0 0 0 1 0 0 0 0 0 0
66 24 0 0 2 1 1 0 0 0 11 1 0 0
68 20 0 0 0 0 0 10 0 0 0 0 0 0
71 88 1 1 10 1 1 0 0 0 29 3 0 0
98 1 0 0 0 0 0 0 0 0 0 0 0 0
105 2 1 1 0 0 0 1 0 0 0 0 0 0
106 1 0 0 1 0 0 0 0 0 0 0 0 0
107 1 0 0 1 1 1 0 0 0 0 0 0 0
109 2 1 1 1 0 0 0 0 0 0 0 0 0
112 4 0 0 2 0 0 0 0 0 2 0 0 0
113 3 0 0 0 0 0 1 0 0 0 0 1 1
114 4 0 0 1 0 0 0 0 0 1 0 0 0
124 2 1 1 1 0 0 1 0 0 0 0 0 0
125 2 0 0 0 0 0 0 0 0 1 1 0 0
131 4 0 0 2 0 0 0 0 0 2 0 0 0
133 2 0 0 1 0 0 0 0 0 1 0 0 0
134 9 1 1 1 1 1 1 0 0 2 0 1 1
136 2 0 0 0 0 0 1 0 0 0 0 0 0
fn=exit
142 4 1 1 1 0 0 1 0 0 0 0 0 0
143 4 1 1 0 0 0 1 0 0 0 0 0 0
fl=./stdlib/./stdlib/mul.c
fn=__mpn_mul
48 85 2 2 5 0 0 45 2 2 0 0 0 0
54 10 0 0 0 0 0 0 0 0 5 0 0 0
66 10 0 0 0 0 0 0 0 0 5 2 0 0
71 5 0 0 5 0 0 0 0 0 0 0 0 0
72 10 1 1 0 0 0 0 0 0 5 2 0 0
81 5 2 2 0 0 0 5 2 2 0 0 0 0
83 15 0 0 5 0 0 5 0 0 0 0 0 0
84 5 2 2 0 0 0 0 0 0 0 0 0 0
88 10 0 0 0 0 0 0 0 0 5 2 0 0
142 55 0 0 45 0 0 0 0 0 5 0 0 0
fl=./string/../include/rtld-malloc.h
fn=strdup
56 12 0 0 6 0 0 6 0 0 0 0 6 1
fl=./string/../sysdeps/x86/cacheinfo.c
fn=__x86_cacheinfo
86 3 1 1 1 0 0 0 0 0 0 0 0 0
fl=./string/../sysdeps/x86/cacheinfo.h
fn=__x86_cacheinfo
61 1 0 0 1 0 0 0 0 0 0 0 0 0
64 3 0 0 1 1 0 0 0 0 1 0 0 0
66 3 0 0 0 0 0 1 0 0 0 0 0 0
67 1 1 1 0 0 0 1 1 1 0 0 0 0
73 3 0 0 1 0 0 0 0 0 1 0 0 0
75 3 0 0 0 0 0 1 0 0 0 0 0 0
76 1 0 0 0 0 0 1 0 0 0 0 0 0
80 2 1 1 1 0 0 1 1 1 0 0 0 0
82 2 0 0 1 0 0 1 1 1 0 0 0 0
83 2 0 0 1 1 0 1 0 0 0 0 0 0
84 2 0 0 1 0 0 1 0 0 0 0 0 0
86 2 0 0 1 0 0 0 0 0 1 1 0 0
fl=./string/../sysdeps/x86_64/memcmp.S
fn=bcmp
22 1 1 1 0 0 0 0 0 0 0 0 0 0
27 1 0 0 0 0 0 0 0 0 0 0 0 0
28 1 0 0 0 0 0 0 0 0 1 0 0 0
29 1 0 0 0 0 0 0 0 0 0 0 0 0
30 1 0 0 0 0 0 0 0 0 1 0 0 0
31 1 0 0 0 0 0 0 0 0 0 0 0 0
32 1 0 0 0 0 0 0 0 0 0 0 0 0
33 1 0 0 0 0 0 0 0 0 0 0 0 0
34 1 0 0 0 0 0 0 0 0 1 0 0 0
37 1 0 0 0 0 0 0 0 0 0 0 0 0
38 1 0 0 0 0 0 0 0 0 1 0 0 0
39 1 1 1 1 0 0 0 0 0 0 0 0 0
40 1 0 0 1 0 0 0 0 0 0 0 0 0
41 1 0 0 0 0 0 0 0 0 0 0 0 0
42 1 0 0 0 0 0 0 0 0 1 0 0 0
43 1 0 0 0 0 0 0 0 0 0 0 0 0
44 1 0 0 0 0 0 0 0 0 0 0 0 0
45 1 0 0 0 0 0 0 0 0 1 0 0 0
47 1 0 0 0 0 0 0 0 0 0 0 0 0
48 1 0 0 0 0 0 0 0 0 1 1 0 0
65 1 1 1 0 0 0 0 0 0 0 0 0 0
66 1 0 0 0 0 0 0 0 0 1 1 0 0
83 1 0 0 0 0 0 0 0 0 0 0 0 0
84 1 0 0 0 0 0 0 0 0 1 0 0 0
85 1 0 0 1 0 0 0 0 0 0 0 0 0
86 1 0 0 1 0 0 0 0 0 0 0 0 0
87 1 0 0 0 0 0 0 0 0 0 0 0 0
91 1 0 0 0 0 0 0 0 0 0 0 0 0
93 1 0 0 0 0 0 0 0 0 0 0 0 0
94 1 0 0 0 0 0 0 0 0 0 0 0 0
98 1 0 0 0 0 0 0 0 0 1 1 0 0
138 1 1 1 0 0 0 0 0 0 0 0 0 0
139 1 0 0 0 0 0 0 0 0 1 0 0 0
140 1 0 0 0 0 0 0 0 0 0 0 0 0
141 1 0 0 0 0 0 0 0 0 0 0 0 0
142 1 0 0 0 0 0 0 0 0 0 0 0 0
143 1 0 0 0 0 0 0 0 0 0 0 0 0
144 1 1 1 0 0 0 0 0 0 0 0 0 0
145 1 0 0 0 0 0 0 0 0 0 0 0 0
146 1 0 0 0 0 0 0 0 0 0 0 0 0
147 1 0 0 0 0 0 0 0 0 0 0 0 0
148 1 0 0 0 0 0 0 0 0 0 0 0 0
149 1 0 0 0 0 0 0 0 0 0 0 0 0
150 1 0 0 1 0 0 0 0 0 0 0 0 0
fl=./string/../sysdeps/x86_64/multiarch/../strchr.S
fn=index
23 28 1 1 0 0 0 0 0 0 0 0 0 0
24 28 0 0 0 0 0 0 0 0 0 0 0 0
25 28 0 0 0 0 0 0 0 0 0 0 0 0
26 28 0 0 0 0 0 0 0 0 0 0 0 0
27 28 0 0 0 0 0 0 0 0 0 0 0 0
28 28 0 0 0 0 0 0 0 0 0 0 0 0
29 28 0 0 0 0 0 0 0 0 0 0 0 0
30 28 0 0 0 0 0 0 0 0 0 0 0 0
31 28 0 0 0 0 0 0 0 0 28 0 0 0
32 28 0 0 28 5 5 0 0 0 0 0 0 0
33 28 0 0 0 0 0 0 0 0 0 0 0 0
34 28 1 1 0 0 0 0 0 0 0 0 0 0
35 28 0 0 0 0 0 0 0 0 0 0 0 0
36 28 0 0 0 0 0 0 0 0 0 0 0 0
37 28 0 0 0 0 0 0 0 0 0 0 0 0
38 28 0 0 0 0 0 0 0 0 0 0 0 0
39 28 0 0 0 0 0 0 0 0 0 0 0 0
40 28 0 0 0 0 0 0 0 0 28 4 0 0
41 24 0 0 0 0 0 0 0 0 0 0 0 0
45 24 0 0 0 0 0 0 0 0 0 0 0 0
46 24 0 0 0 0 0 0 0 0 0 0 0 0
47 24 0 0 24 0 0 0 0 0 0 0 0 0
48 24 0 0 0 0 0 0 0 0 0 0 0 0
50 24 0 0 24 0 0 0 0 0 0 0 0 0
54 4 0 0 4 0 0 0 0 0 0 0 0 0
55 4 0 0 0 0 0 0 0 0 0 0 0 0
56 4 0 0 0 0 0 0 0 0 0 0 0 0
57 4 1 1 0 0 0 0 0 0 0 0 0 0
58 4 0 0 0 0 0 0 0 0 0 0 0 0
59 4 0 0 0 0 0 0 0 0 0 0 0 0
60 4 0 0 4 0 0 0 0 0 0 0 0 0
61 4 0 0 0 0 0 0 0 0 0 0 0 0
62 4 0 0 0 0 0 0 0 0 0 0 0 0
63 4 0 0 0 0 0 0 0 0 0 0 0 0
64 4 0 0 0 0 0 0 0 0 0 0 0 0
65 4 0 0 0 0 0 0 0 0 0 0 0 0
66 4 0 0 0 0 0 0 0 0 0 0 0 0
67 4 0 0 4 0 0 0 0 0 0 0 0 0
68 4 0 0 0 0 0 0 0 0 0 0 0 0
69 4 0 0 0 0 0 0 0 0 0 0 0 0
70 4 0 0 0 0 0 0 0 0 0 0 0 0
71 4 0 0 0 0 0 0 0 0 0 0 0 0
72 4 0 0 0 0 0 0 0 0 0 0 0 0
73 4 1 1 0 0 0 0 0 0 0 0 0 0
74 4 0 0 0 0 0 0 0 0 0 0 0 0
75 4 0 0 0 0 0 0 0 0 0 0 0 0
76 4 0 0 0 0 0 0 0 0 0 0 0 0
77 4 0 0 0 0 0 0 0 0 4 4 0 0
129 4 2 1 0 0 0 0 0 0 0 0 0 0
133 4 0 0 0 0 0 0 0 0 0 0 0 0
134 4 0 0 0 0 0 0 0 0 0 0 0 0
135 4 0 0 4 0 0 0 0 0 0 0 0 0
136 4 0 0 0 0 0 0 0 0 0 0 0 0
138 4 0 0 4 0 0 0 0 0 0 0 0 0
fl=./string/../sysdeps/x86_64/multiarch/ifunc-avx2.h
fn=memrchr
32 2 0 0 0 0 0 0 0 0 1 1 0 0
33 5 1 1 2 0 0 0 0 0 0 0 0 0
34 3 0 0 1 0 0 0 0 0 1 0 0 0
36 2 0 0 0 0 0 0 0 0 0 0 0 0
37 2 0 0 0 0 0 0 0 0 1 1 0 0
40 3 0 0 0 0 0 0 0 0 1 0 0 0
43 4 0 0 0 0 0 0 0 0 0 0 0 0
fn=rindex
32 2 1 1 0 0 0 0 0 0 1 1 0 0
33 5 0 0 2 0 0 0 0 0 0 0 0 0
34 3 0 0 1 0 0 0 0 0 1 0 0 0
36 2 0 0 0 0 0 0 0 0 0 0 0 0
37 2 0 0 0 0 0 0 0 0 1 1 0 0
40 3 0 0 0 0 0 0 0 0 1 0 0 0
43 4 0 0 0 0 0 0 0 0 0 0 0 0
fn=strchrnul
32 2 0 0 0 0 0 0 0 0 1 1 0 0
33 5 0 0 2 0 0 0 0 0 0 0 0 0
34 3 1 1 1 0 0 0 0 0 1 0 0 0
36 2 0 0 0 0 0 0 0 0 0 0 0 0
37 2 1 1 0 0 0 0 0 0 1 1 0 0
40 3 0 0 0 0 0 0 0 0 1 0 0 0
43 4 0 0 0 0 0 0 0 0 0 0 0 0
fn=strlen
32 2 1 1 0 0 0 0 0 0 1 1 0 0
33 5 0 0 2 0 0 0 0 0 0 0 0 0
34 3 0 0 1 0 0 0 0 0 1 0 0 0
36 2 0 0 0 0 0 0 0 0 0 0 0 0
37 2 0 0 0 0 0 0 0 0 1 1 0 0
40 3 0 0 0 0 0 0 0 0 1 0 0 0
43 4 0 0 0 0 0 0 0 0 0 0 0 0
fn=strnlen
32 4 1 1 0 0 0 0 0 0 2 1 0 0
33 10 0 0 4 1 0 0 0 0 0 0 0 0
34 6 0 0 2 0 0 0 0 0 2 0 0 0
36 4 0 0 0 0 0 0 0 0 0 0 0 0
37 4 0 0 0 0 0 0 0 0 2 2 0 0
40 6 0 0 0 0 0 0 0 0 2 0 0 0
43 8 0 0 0 0 0 0 0 0 0 0 0 0
fl=./string/../sysdeps/x86_64/multiarch/ifunc-evex.h
fn=memchr
34 2 0 0 0 0 0 0 0 0 1 0 0 0
35 5 1 1 2 0 0 0 0 0 0 0 0 0
36 3 0 0 1 0 0 0 0 0 1 0 0 0
38 2 0 0 0 0 0 0 0 0 0 0 0 0
39 2 1 1 0 0 0 0 0 0 1 1 0 0
41 2 0 0 0 0 0 0 0 0 0 0 0 0
47 3 0 0 0 0 0 0 0 0 1 0 0 0
50 4 0 0 0 0 0 0 0 0 0 0 0 0
fn=rawmemchr
34 2 0 0 0 0 0 0 0 0 1 1 0 0
35 5 0 0 2 0 0 0 0 0 0 0 0 0
36 3 0 0 1 0 0 0 0 0 1 0 0 0
38 2 0 0 0 0 0 0 0 0 0 0 0 0
39 2 0 0 0 0 0 0 0 0 1 1 0 0
41 2 1 1 0 0 0 0 0 0 0 0 0 0
47 3 0 0 0 0 0 0 0 0 1 0 0 0
50 4 0 0 0 0 0 0 0 0 0 0 0 0
fl=./string/../sysdeps/x86_64/multiarch/ifunc-memcmp.h
fn=bcmp
34 4 0 0 2 0 0 0 0 0 0 0 0 0
35 3 0 0 1 0 0 0 0 0 1 1 0 0
36 2 1 1 0 0 0 0 0 0 1 0 0 0
37 3 0 0 1 0 0 0 0 0 1 0 0 0
39 2 0 0 0 0 0 0 0 0 0 0 0 0
40 2 0 0 0 0 0 0 0 0 1 1 0 0
43 3 0 0 0 0 0 0 0 0 1 0 0 0
46 3 0 0 0 0 0 0 0 0 1 0 0 0
fl=./string/../sysdeps/x86_64/multiarch/ifunc-memmove.h
fn=memcpy@@GLIBC_2.14
52 4 0 0 0 0 0 0 0 0 2 0 0 0
53 6 0 0 4 0 0 0 0 0 0 0 0 0
56 6 0 0 2 0 0 0 0 0 0 0 0 0
57 4 1 1 0 0 0 0 0 0 2 2 0 0
70 4 0 0 0 0 0 0 0 0 2 0 0 0
72 4 1 1 0 0 0 0 0 0 2 1 0 0
80 4 0 0 0 0 0 0 0 0 2 2 0 0
88 4 0 0 0 0 0 0 0 0 2 2 0 0
90 10 1 1 2 0 0 0 0 0 0 0 0 0
fn=memmove
52 6 0 0 0 0 0 0 0 0 3 1 0 0
53 9 0 0 6 0 0 0 0 0 0 0 0 0
56 9 1 1 3 0 0 0 0 0 0 0 0 0
57 6 1 1 0 0 0 0 0 0 3 1 0 0
70 6 0 0 0 0 0 0 0 0 3 0 0 0
72 6 0 0 0 0 0 0 0 0 3 0 0 0
80 6 0 0 0 0 0 0 0 0 3 3 0 0
88 6 0 0 0 0 0 0 0 0 3 3 0 0
90 15 1 1 3 0 0 0 0 0 0 0 0 0
fn=mempcpy
52 2 0 0 0 0 0 0 0 0 1 0 0 0
53 3 0 0 2 0 0 0 0 0 0 0 0 0
56 3 0 0 1 0 0 0 0 0 0 0 0 0
57 2 1 1 0 0 0 0 0 0 1 1 0 0
70 2 0 0 0 0 0 0 0 0 1 1 0 0
72 2 1 1 0 0 0 0 0 0 1 1 0 0
80 2 0 0 0 0 0 0 0 0 1 1 0 0
88 2 0 0 0 0 0 0 0 0 1 1 0 0
90 5 1 1 1 0 0 0 0 0 0 0 0 0
fl=./string/../sysdeps/x86_64/multiarch/ifunc-memset.h
fn=memset
50 10 0 0 4 2 0 0 0 0 2 0 0 0
53 6 0 0 2 1 0 0 0 0 0 0 0 0
54 4 1 1 0 0 0 0 0 0 2 2 0 0
60 4 1 1 0 0 0 0 0 0 0 0 0 0
69 4 0 0 0 0 0 0 0 0 2 0 0 0
71 4 0 0 0 0 0 0 0 0 2 0 0 0
81 4 0 0 0 0 0 0 0 0 2 0 0 0
89 4 0 0 0 0 0 0 0 0 2 0 0 0
91 10 0 0 2 0 0 0 0 0 0 0 0 0
fl=./string/../sysdeps/x86_64/multiarch/ifunc-sse4_2.h
fn=strcspn
30 5 1 1 2 0 0 0 0 0 0 0 0 0
fn=strpbrk
30 5 1 1 2 1 0 0 0 0 0 0 0 0
fn=strspn
30 5 0 0 2 0 0 0 0 0 0 0 0 0
fl=./string/../sysdeps/x86_64/multiarch/ifunc-strcasecmp.h
fn=strcasecmp
32 5 1 1 2 0 0 0 0 0 1 1 0 0
fn=strcasecmp_l
32 5 0 0 2 0 0 0 0 0 1 1 0 0
fn=strncasecmp
32 5 0 0 2 0 0 0 0 0 1 1 0 0
fn=strncasecmp_l
32 5 0 0 2 0 0 0 0 0 1 1 0 0
fl=./string/../sysdeps/x86_64/multiarch/ifunc-strcpy.h
fn=stpcpy
36 4 0 0 2 0 0 0 0 0 0 0 0 0
37 3 0 0 1 0 0 0 0 0 1 1 0 0
39 2 1 1 0 0 0 0 0 0 0 0 0 0
40 2 0 0 0 0 0 0 0 0 1 1 0 0
43 3 0 0 0 0 0 0 0 0 1 0 0 0
46 3 0 0 0 0 0 0 0 0 1 0 0 0
fn=stpncpy
36 4 0 0 2 0 0 0 0 0 0 0 0 0
37 3 1 1 1 0 0 0 0 0 1 1 0 0
39 2 0 0 0 0 0 0 0 0 0 0 0 0
40 2 0 0 0 0 0 0 0 0 1 1 0 0
43 3 0 0 0 0 0 0 0 0 1 0 0 0
46 3 0 0 0 0 0 0 0 0 1 0 0 0
fn=strcat
36 4 0 0 2 0 0 0 0 0 0 0 0 0
37 3 0 0 1 0 0 0 0 0 1 1 0 0
39 2 1 1 0 0 0 0 0 0 0 0 0 0
40 2 0 0 0 0 0 0 0 0 1 1 0 0
43 3 0 0 0 0 0 0 0 0 1 0 0 0
46 3 0 0 0 0 0 0 0 0 1 0 0 0
fn=strcpy
36 4 0 0 2 0 0 0 0 0 0 0 0 0
37 3 0 0 1 0 0 0 0 0 1 1 0 0
39 2 1 1 0 0 0 0 0 0 0 0 0 0
40 2 0 0 0 0 0 0 0 0 1 1 0 0
43 3 0 0 0 0 0 0 0 0 1 0 0 0
46 3 0 0 0 0 0 0 0 0 1 0 0 0
fn=strncpy
36 4 0 0 2 0 0 0 0 0 0 0 0 0
37 3 0 0 1 0 0 0 0 0 1 1 0 0
39 2 1 1 0 0 0 0 0 0 0 0 0 0
40 2 0 0 0 0 0 0 0 0 1 1 0 0
43 3 0 0 0 0 0 0 0 0 1 0 0 0
46 3 0 0 0 0 0 0 0 0 1 0 0 0
fl=./string/../sysdeps/x86_64/multiarch/memchr.c
fn=memchr
29 2 1 1 1 0 0 0 0 0 0 0 0 0
fl=./string/../sysdeps/x86_64/multiarch/memcmp.c
fn=bcmp
29 3 2 2 1 0 0 0 0 0 0 0 0 0
fl=./string/../sysdeps/x86_64/multiarch/memcpy.c
fn=memcpy@@GLIBC_2.14
29 2 1 1 0 0 0 0 0 0 0 0 0 0
fl=./string/../sysdeps/x86_64/multiarch/memmove-vec-unaligned-erms.S
fn=__memcpy_avx_unaligned_erms
307 33 1 1 0 0 0 0 0 0 0 0 0 0
308 33 0 0 0 0 0 0 0 0 0 0 0 0
314 52 0 0 0 0 0 0 0 0 0 0 0 0
315 52 0 0 0 0 0 0 0 0 52 17 0 0
317 17 0 0 17 5 0 0 0 0 0 0 0 0
318 17 0 0 0 0 0 0 0 0 0 0 0 0
319 17 0 0 0 0 0 0 0 0 17 3 0 0
322 2 0 0 2 0 0 0 0 0 0 0 0 0
323 2 0 0 0 0 0 2 0 0 0 0 0 0
324 2 0 0 0 0 0 2 0 0 0 0 0 0
327 4 0 0 2 0 0 0 0 0 0 0 0 0
357 35 0 0 0 0 0 0 0 0 0 0 0 0
358 35 0 0 0 0 0 0 0 0 35 11 0 0
360 18 0 0 0 0 0 0 0 0 0 0 0 0
361 18 0 0 0 0 0 0 0 0 18 5 0 0
363 11 0 0 0 0 0 0 0 0 0 0 0 0
367 11 0 0 0 0 0 0 0 0 11 3 0 0
368 7 0 0 0 0 0 0 0 0 0 0 0 0
369 7 0 0 0 0 0 0 0 0 7 0 0 0
370 7 0 0 7 0 0 0 0 0 0 0 0 0
371 7 0 0 0 0 0 0 0 0 7 1 0 0
372 2 0 0 2 0 0 0 0 0 0 0 0 0
373 2 0 0 0 0 0 2 0 0 0 0 0 0
375 7 0 0 0 0 0 7 0 0 0 0 0 0
377 7 0 0 7 0 0 0 0 0 0 0 0 0
383 4 0 0 4 0 0 0 0 0 0 0 0 0
384 4 0 0 4 0 0 0 0 0 0 0 0 0
385 4 0 0 0 0 0 4 1 1 0 0 0 0
386 4 0 0 0 0 0 4 0 0 0 0 0 0
387 4 0 0 4 0 0 0 0 0 0 0 0 0
394 17 1 1 17 2 2 0 0 0 0 0 0 0
395 17 0 0 17 0 0 0 0 0 0 0 0 0
396 17 0 0 0 0 0 17 0 0 0 0 0 0
397 17 0 0 0 0 0 17 0 0 0 0 0 0
399 17 0 0 17 0 0 0 0 0 0 0 0 0
416 7 3 3 7 0 0 0 0 0 0 0 0 0
417 7 0 0 7 0 0 0 0 0 0 0 0 0
418 7 0 0 0 0 0 7 2 2 0 0 0 0
419 7 0 0 0 0 0 7 0 0 0 0 0 0
420 7 0 0 7 0 0 0 0 0 0 0 0 0
427 1 0 0 1 0 0 0 0 0 0 0 0 0
428 1 0 0 1 0 0 0 0 0 0 0 0 0
429 1 0 0 0 0 0 1 1 1 0 0 0 0
430 1 0 0 0 0 0 1 0 0 0 0 0 0
431 1 0 0 0 0 0 1 1 1 0 0 0 0
432 1 0 0 0 0 0 1 0 0 0 0 0 0
433 2 0 0 1 0 0 0 0 0 0 0 0 0
438 15 1 1 15 0 0 0 0 0 0 0 0 0
439 15 0 0 0 0 0 0 0 0 15 2 0 0
444 7 0 0 0 0 0 0 0 0 0 0 0 0
445 7 0 0 0 0 0 0 0 0 7 2 0 0
447 2 0 0 2 0 0 0 0 0 0 0 0 0
448 2 0 0 0 0 0 0 0 0 0 0 0 0
449 2 0 0 0 0 0 0 0 0 2 1 0 0
451 1 0 0 1 0 0 0 0 0 0 0 0 0
452 1 0 0 1 0 0 0 0 0 0 0 0 0
453 1 0 0 1 0 0 0 0 0 0 0 0 0
454 1 0 0 1 0 0 0 0 0 0 0 0 0
455 1 0 0 1 0 0 0 0 0 0 0 0 0
456 1 1 1 1 0 0 0 0 0 0 0 0 0
457 1 0 0 0 0 0 1 0 0 0 0 0 0
458 1 0 0 0 0 0 1 1 1 0 0 0 0
459 1 0 0 0 0 0 1 0 0 0 0 0 0
460 1 0 0 0 0 0 1 1 1 0 0 0 0
461 1 0 0 0 0 0 1 1 1 0 0 0 0
462 1 0 0 0 0 0 1 0 0 0 0 0 0
463 1 0 0 0 0 0 1 0 0 0 0 0 0
464 1 0 0 0 0 0 1 0 0 0 0 0 0
465 2 0 0 1 0 0 0 0 0 0 0 0 0
469 5 0 0 0 0 0 0 0 0 0 0 0 0
470 5 0 0 0 0 0 0 0 0 0 0 0 0
474 5 0 0 0 0 0 0 0 0 0 0 0 0
476 5 1 1 0 0 0 0 0 0 5 0 0 0
480 5 0 0 5 3 0 0 0 0 0 0 0 0
481 5 0 0 0 0 0 0 0 0 5 0 0 0
492 5 0 0 0 0 0 0 0 0 0 0 0 0
495 5 0 0 0 0 0 0 0 0 0 0 0 0
497 5 0 0 0 0 0 0 0 0 0 0 0 0
499 5 0 0 0 0 0 0 0 0 0 0 0 0
503 5 0 0 0 0 0 0 0 0 0 0 0 0
504 5 0 0 0 0 0 0 0 0 5 2 0 0
513 3 0 0 3 0 0 0 0 0 0 0 0 0
514 3 0 0 3 0 0 0 0 0 0 0 0 0
516 3 0 0 0 0 0 0 0 0 0 0 0 0
518 3 0 0 0 0 0 0 0 0 0 0 0 0
519 3 1 1 3 0 0 0 0 0 0 0 0 0
520 3 0 0 3 0 0 0 0 0 0 0 0 0
523 3 0 0 0 0 0 0 0 0 0 0 0 0
525 3 0 0 0 0 0 0 0 0 0 0 0 0
527 3 0 0 0 0 0 0 0 0 0 0 0 0
529 6 0 0 0 0 0 0 0 0 0 0 0 0
535 25 0 0 25 0 0 0 0 0 0 0 0 0
536 25 0 0 25 0 0 0 0 0 0 0 0 0
537 25 0 0 25 0 0 0 0 0 0 0 0 0
538 25 0 0 25 0 0 0 0 0 0 0 0 0
539 25 0 0 0 0 0 0 0 0 0 0 0 0
540 25 0 0 0 0 0 25 11 11 0 0 0 0
541 25 0 0 0 0 0 25 15 15 0 0 0 0
542 25 1 1 0 0 0 25 10 10 0 0 0 0
543 25 0 0 0 0 0 25 15 15 0 0 0 0
544 25 0 0 0 0 0 0 0 0 0 0 0 0
545 25 0 0 0 0 0 0 0 0 0 0 0 0
546 25 0 0 0 0 0 0 0 0 25 16 0 0
548 3 0 0 0 0 0 3 1 1 0 0 0 0
549 3 0 0 0 0 0 3 2 2 0 0 0 0
550 3 0 0 0 0 0 3 0 0 0 0 0 0
551 3 0 0 0 0 0 3 0 0 0 0 0 0
553 3 0 0 0 0 0 3 0 0 0 0 0 0
557 6 0 0 3 0 0 0 0 0 0 0 0 0
570 2 0 0 2 0 0 0 0 0 0 0 0 0
571 2 0 0 2 0 0 0 0 0 0 0 0 0
573 2 1 1 0 0 0 0 0 0 0 0 0 0
574 2 0 0 2 0 0 0 0 0 0 0 0 0
575 2 0 0 2 0 0 0 0 0 0 0 0 0
577 2 0 0 0 0 0 0 0 0 0 0 0 0
579 2 0 0 0 0 0 0 0 0 0 0 0 0
581 4 0 0 0 0 0 0 0 0 0 0 0 0
587 94 0 0 94 0 0 0 0 0 0 0 0 0
588 94 0 0 94 1 0 0 0 0 0 0 0 0
589 94 0 0 94 0 0 0 0 0 0 0 0 0
590 94 0 0 94 1 0 0 0 0 0 0 0 0
591 94 0 0 0 0 0 0 0 0 0 0 0 0
592 94 0 0 0 0 0 94 94 94 0 0 0 0
593 94 1 1 0 0 0 94 0 0 0 0 0 0
594 94 0 0 0 0 0 94 94 94 0 0 0 0
595 94 0 0 0 0 0 94 0 0 0 0 0 0
596 94 0 0 0 0 0 0 0 0 0 0 0 0
597 94 0 0 0 0 0 0 0 0 0 0 0 0
598 94 0 0 0 0 0 0 0 0 94 11 0 0
600 2 0 0 0 0 0 2 0 0 0 0 0 0
601 2 0 0 0 0 0 2 2 2 0 0 0 0
602 2 0 0 0 0 0 2 0 0 0 0 0 0
603 2 0 0 0 0 0 2 0 0 0 0 0 0
605 2 0 0 0 0 0 2 0 0 0 0 0 0
606 4 0 0 2 0 0 0 0 0 0 0 0 0
615 6 1 1 6 3 0 0 0 0 0 0 0 0
622 6 0 0 0 0 0 0 0 0 0 0 0 0
623 6 0 0 0 0 0 0 0 0 6 0 0 0
629 6 0 0 0 0 0 0 0 0 0 0 0 0
632 6 0 0 0 0 0 0 0 0 0 0 0 0
634 6 0 0 0 0 0 0 0 0 0 0 0 0
637 6 0 0 0 0 0 0 0 0 0 0 0 0
638 6 0 0 0 0 0 0 0 0 0 0 0 0
640 6 0 0 0 0 0 0 0 0 0 0 0 0
642 1031942 0 0 1031936 15803 0 1031936 16127 16123 1031942 22 0 0
644 6 0 0 0 0 0 6 5 0 0 0 0 0
646 6 0 0 0 0 0 6 4 0 0 0 0 0
648 12 0 0 6 5 0 0 0 0 0 0 0 0
653 8 1 1 0 0 0 0 0 0 0 0 0 0
654 8 0 0 0 0 0 0 0 0 0 0 0 0
658 8 0 0 0 0 0 0 0 0 0 0 0 0
660 8 0 0 0 0 0 0 0 0 8 0 0 0
663 8 0 0 0 0 0 0 0 0 0 0 0 0
667 8 0 0 8 8 1 0 0 0 0 0 0 0
668 8 0 0 0 0 0 0 0 0 8 2 0 0
671 6 0 0 6 0 0 0 0 0 0 0 0 0
672 6 0 0 0 0 0 0 0 0 6 2 0 0
727 2 1 1 2 0 0 0 0 0 0 0 0 0
728 2 0 0 0 0 0 0 0 0 2 0 0 0
734 2 0 0 0 0 0 0 0 0 0 0 0 0
735 2 0 0 0 0 0 0 0 0 0 0 0 0
736 2 0 0 0 0 0 0 0 0 2 0 0 0
743 2 0 0 2 2 0 0 0 0 0 0 0 0
749 2 1 1 0 0 0 2 0 0 0 0 0 0
751 2 0 0 0 0 0 2 2 2 0 0 0 0
759 2 0 0 0 0 0 0 0 0 0 0 0 0
760 2 0 0 0 0 0 0 0 0 0 0 0 0
762 2 0 0 0 0 0 0 0 0 0 0 0 0
764 2 0 0 0 0 0 0 0 0 0 0 0 0
766 2 0 0 0 0 0 0 0 0 0 0 0 0
768 2 0 0 0 0 0 0 0 0 0 0 0 0
776 2 0 0 0 0 0 0 0 0 0 0 0 0
777 2 0 0 0 0 0 0 0 0 0 0 0 0
778 2 0 0 0 0 0 0 0 0 2 1 0 0
780 2 0 0 0 0 0 0 0 0 0 0 0 0
781 2 0 0 0 0 0 0 0 0 0 0 0 0
782 2 0 0 2 0 0 0 0 0 0 0 0 0
783 2 0 0 0 0 0 0 0 0 2 0 0 0
786 2 1 1 0 0 0 0 0 0 0 0 0 0
788 4 0 0 0 0 0 0 0 0 0 0 0 0
793 382 0 0 0 0 0 0 0 0 0 0 0 0
795 24448 0 0 0 0 0 0 0 0 0 0 0 0
796 24448 0 0 0 0 0 0 0 0 0 0 0 0
797 24448 0 0 0 0 0 0 0 0 0 0 0 0
798 24448 1 1 0 0 0 0 0 0 0 0 0 0
800 48896 0 0 48896 24442 8 0 0 0 0 0 0 0
801 48896 0 0 48896 24443 1 0 0 0 0 0 0 0
802 12224 1 1 0 0 0 0 0 0 0 0 0 0
804 48896 0 0 0 0 0 48896 24446 24446 0 0 0 0
805 48896 0 0 0 0 0 48896 24448 24448 0 0 0 0
806 12224 0 0 0 0 0 0 0 0 0 0 0 0
807 12224 0 0 0 0 0 0 0 0 0 0 0 0
808 12224 1 1 0 0 0 0 0 0 12224 406 0 0
809 382 0 0 0 0 0 0 0 0 0 0 0 0
810 382 0 0 0 0 0 0 0 0 0 0 0 0
811 382 0 0 0 0 0 0 0 0 0 0 0 0
812 382 0 0 0 0 0 0 0 0 382 4 0 0
813 2 0 0 0 0 0 0 0 0 0 0 0 0
816 2 0 0 0 0 0 0 0 0 0 0 0 0
817 2 0 0 0 0 0 0 0 0 2 0 0 0
822 252 0 0 0 0 0 0 0 0 0 0 0 0
823 252 1 1 0 0 0 0 0 0 0 0 0 0
824 126 0 0 126 126 0 0 0 0 0 0 0 0
825 126 0 0 126 0 0 0 0 0 0 0 0 0
826 126 0 0 126 126 0 0 0 0 0 0 0 0
827 126 0 0 126 0 0 0 0 0 0 0 0 0
828 126 0 0 0 0 0 0 0 0 0 0 0 0
829 126 0 0 0 0 0 0 0 0 0 0 0 0
830 126 0 0 0 0 0 126 126 126 0 0 0 0
831 126 0 0 0 0 0 126 0 0 0 0 0 0
832 126 0 0 0 0 0 126 126 126 0 0 0 0
833 126 0 0 0 0 0 126 0 0 0 0 0 0
834 126 0 0 0 0 0 0 0 0 0 0 0 0
835 126 0 0 0 0 0 0 0 0 0 0 0 0
836 126 0 0 0 0 0 0 0 0 126 14 0 0
840 2 0 0 2 0 0 0 0 0 0 0 0 0
841 2 1 1 2 2 0 0 0 0 0 0 0 0
842 2 0 0 2 0 0 0 0 0 0 0 0 0
843 2 0 0 2 2 0 0 0 0 0 0 0 0
845 2 0 0 0 0 0 2 0 0 0 0 0 0
846 2 0 0 0 0 0 2 2 2 0 0 0 0
847 2 0 0 0 0 0 2 0 0 0 0 0 0
848 2 0 0 0 0 0 2 2 0 0 0 0 0
849 4 0 0 2 2 1 0 0 0 0 0 0 0
fn=__mempcpy_avx_unaligned_erms
294 19 1 1 0 0 0 0 0 0 0 0 0 0
295 19 0 0 0 0 0 0 0 0 0 0 0 0
296 19 0 0 0 0 0 0 0 0 0 0 0 0
297 19 0 0 0 0 0 0 0 0 0 0 0 0
fn=memcpy
212 31 2 2 0 0 0 0 0 0 0 0 0 0
213 31 0 0 0 0 0 0 0 0 0 0 0 0
219 76 0 0 0 0 0 0 0 0 0 0 0 0
220 76 0 0 0 0 0 0 0 0 76 32 0 0
222 31 0 0 31 1 0 0 0 0 0 0 0 0
223 31 1 1 0 0 0 0 0 0 0 0 0 0
224 31 0 0 0 0 0 0 0 0 31 19 0 0
226 16 0 0 16 0 0 0 0 0 0 0 0 0
227 16 0 0 0 0 0 16 5 5 0 0 0 0
228 16 0 0 0 0 0 16 0 0 0 0 0 0
230 16 0 0 16 0 0 0 0 0 0 0 0 0
360 45 1 1 0 0 0 0 0 0 0 0 0 0
361 45 0 0 0 0 0 0 0 0 45 23 0 0
363 13 0 0 0 0 0 0 0 0 0 0 0 0
367 13 0 0 0 0 0 0 0 0 13 6 0 0
368 8 0 0 0 0 0 0 0 0 0 0 0 0
369 8 0 0 0 0 0 0 0 0 8 4 0 0
370 3 0 0 3 2 2 0 0 0 0 0 0 0
371 3 0 0 0 0 0 0 0 0 3 1 0 0
372 2 0 0 2 0 0 0 0 0 0 0 0 0
373 2 0 0 0 0 0 2 1 1 0 0 0 0
375 3 0 0 0 0 0 3 1 1 0 0 0 0
377 8 0 0 8 0 0 0 0 0 0 0 0 0
383 5 0 0 5 0 0 0 0 0 0 0 0 0
384 5 0 0 5 0 0 0 0 0 0 0 0 0
385 5 0 0 0 0 0 5 0 0 0 0 0 0
386 5 0 0 0 0 0 5 0 0 0 0 0 0
387 5 0 0 5 0 0 0 0 0 0 0 0 0
416 32 1 1 32 0 0 0 0 0 0 0 0 0
417 32 0 0 32 0 0 0 0 0 0 0 0 0
418 32 0 0 0 0 0 32 6 6 0 0 0 0
419 32 0 0 0 0 0 32 1 1 0 0 0 0
420 32 0 0 32 0 0 0 0 0 0 0 0 0
427 15 1 1 15 0 0 0 0 0 0 0 0 0
428 15 0 0 15 0 0 0 0 0 0 0 0 0
429 15 0 0 0 0 0 15 4 4 0 0 0 0
430 15 0 0 0 0 0 15 3 3 0 0 0 0
431 15 0 0 0 0 0 15 3 3 0 0 0 0
432 15 0 0 0 0 0 15 0 0 0 0 0 0
433 15 0 0 15 0 0 0 0 0 0 0 0 0
444 15 2 2 0 0 0 0 0 0 0 0 0 0
445 15 0 0 0 0 0 0 0 0 15 1 0 0
447 15 0 0 15 0 0 0 0 0 0 0 0 0
448 15 0 0 0 0 0 0 0 0 0 0 0 0
449 15 0 0 0 0 0 0 0 0 15 9 0 0
fn=mempcpy
199 45 0 0 0 0 0 0 0 0 0 0 0 0
200 45 0 0 0 0 0 0 0 0 0 0 0 0
201 45 0 0 0 0 0 0 0 0 0 0 0 0
202 45 0 0 0 0 0 0 0 0 0 0 0 0
fl=./string/../sysdeps/x86_64/multiarch/memmove.c
fn=memmove
29 3 1 1 0 0 0 0 0 0 0 0 0 0
fl=./string/../sysdeps/x86_64/multiarch/mempcpy.c
fn=mempcpy
33 1 1 1 0 0 0 0 0 0 0 0 0 0
fl=./string/../sysdeps/x86_64/multiarch/memrchr.c
fn=memrchr
29 3 2 2 1 0 0 0 0 0 0 0 0 0
fl=./string/../sysdeps/x86_64/multiarch/memset-vec-unaligned-erms.S
fn=__memset_avx2_unaligned_erms
181 210 1 1 0 0 0 0 0 0 0 0 0 0
182 630 0 0 0 0 0 0 0 0 0 0 0 0
187 210 0 0 0 0 0 0 0 0 0 0 0 0
188 210 0 0 0 0 0 0 0 0 210 2 0 0
189 210 0 0 0 0 0 0 0 0 0 0 0 0
190 210 0 0 0 0 0 0 0 0 210 26 0 0
204 15 0 0 0 0 0 15 0 0 0 0 0 0
205 15 0 0 0 0 0 15 14 0 0 0 0 0
207 30 0 0 15 0 0 0 0 0 0 0 0 0
259 210 1 1 210 0 0 0 0 0 0 0 0 0
260 210 0 0 0 0 0 0 0 0 210 54 0 0
283 60 0 0 0 0 0 60 16 16 0 0 0 0
284 60 0 0 0 0 0 60 30 30 0 0 0 0
289 60 0 0 0 0 0 0 0 0 0 0 0 0
292 60 0 0 0 0 0 0 0 0 0 0 0 0
293 60 0 0 0 0 0 0 0 0 60 15 0 0
296 45 0 0 0 0 0 45 30 30 0 0 0 0
297 45 0 0 0 0 0 45 15 15 0 0 0 0
310 45 0 0 0 0 0 0 0 0 0 0 0 0
311 45 0 0 0 0 0 0 0 0 0 0 0 0
313 45 0 0 0 0 0 0 0 0 45 17 0 0
316 30 0 0 0 0 0 0 0 0 0 0 0 0
319 30 0 0 0 0 0 0 0 0 0 0 0 0
322 120 0 0 0 0 0 120 105 105 0 0 0 0
323 120 0 0 0 0 0 120 0 0 0 0 0 0
324 120 0 0 0 0 0 120 120 120 0 0 0 0
325 120 0 0 0 0 0 120 0 0 0 0 0 0
326 120 0 0 0 0 0 0 0 0 0 0 0 0
327 120 0 0 0 0 0 0 0 0 0 0 0 0
328 150 0 0 0 0 0 0 0 0 120 47 0 0
331 45 2 2 0 0 0 45 30 30 0 0 0 0
332 45 0 0 0 0 0 45 15 15 0 0 0 0
333 45 0 0 0 0 0 45 28 0 0 0 0 0
334 45 0 0 0 0 0 45 14 0 0 0 0 0
337 90 0 0 45 0 0 0 0 0 0 0 0 0
348 150 1 1 0 0 0 0 0 0 0 0 0 0
349 150 0 0 0 0 0 0 0 0 0 0 0 0
350 150 0 0 0 0 0 0 0 0 0 0 0 0
351 30345510 0 0 0 0 0 30345360 474036 242346 30345510 172 0 0
352 150 0 0 0 0 0 0 0 0 0 0 0 0
353 300 0 0 150 75 30 0 0 0 0 0 0 0
fn=memset
125 11 1 1 0 0 0 0 0 0 0 0 0 0
126 55 0 0 0 0 0 0 0 0 0 0 0 0
132 11 0 0 0 0 0 0 0 0 0 0 0 0
133 11 1 1 0 0 0 0 0 0 11 1 0 0
134 10 0 0 0 0 0 0 0 0 0 0 0 0
135 10 0 0 0 0 0 0 0 0 10 5 0 0
137 2 0 0 0 0 0 2 2 2 0 0 0 0
138 2 0 0 0 0 0 2 0 0 0 0 0 0
139 2 0 0 2 0 0 0 0 0 0 0 0 0
204 4 0 0 0 0 0 4 0 0 0 0 0 0
205 4 0 0 0 0 0 4 0 0 0 0 0 0
207 4 0 0 4 0 0 0 0 0 0 0 0 0
283 8 0 0 0 0 0 8 4 4 0 0 0 0
284 8 0 0 0 0 0 8 2 2 0 0 0 0
289 8 0 0 0 0 0 0 0 0 0 0 0 0
292 8 0 0 0 0 0 0 0 0 0 0 0 0
293 8 0 0 0 0 0 0 0 0 8 3 0 0
296 4 0 0 0 0 0 4 2 2 0 0 0 0
297 4 0 0 0 0 0 4 1 1 0 0 0 0
310 4 0 0 0 0 0 0 0 0 0 0 0 0
311 4 0 0 0 0 0 0 0 0 0 0 0 0
313 4 0 0 0 0 0 0 0 0 4 1 0 0
316 3 1 1 0 0 0 0 0 0 0 0 0 0
319 6 0 0 0 0 0 0 0 0 0 0 0 0
322 85 0 0 0 0 0 85 79 79 0 0 0 0
323 85 0 0 0 0 0 85 0 0 0 0 0 0
324 85 0 0 0 0 0 85 4 4 0 0 0 0
325 85 0 0 0 0 0 85 0 0 0 0 0 0
326 85 0 0 0 0 0 0 0 0 0 0 0 0
327 85 0 0 0 0 0 0 0 0 0 0 0 0
328 85 0 0 0 0 0 0 0 0 85 18 0 0
331 4 0 0 0 0 0 4 2 2 0 0 0 0
332 4 0 0 0 0 0 4 0 0 0 0 0 0
333 4 0 0 0 0 0 4 0 0 0 0 0 0
334 4 0 0 0 0 0 4 0 0 0 0 0 0
339 4 0 0 4 0 0 0 0 0 0 0 0 0
368 1 1 1 0 0 0 0 0 0 0 0 0 0
369 1 0 0 0 0 0 0 0 0 0 0 0 0
370 1 0 0 0 0 0 0 0 0 1 1 0 0
402 1 0 0 0 0 0 1 1 1 0 0 0 0
403 1 0 0 0 0 0 1 0 0 0 0 0 0
404 1 0 0 1 0 0 0 0 0 0 0 0 0
fl=./string/../sysdeps/x86_64/multiarch/memset.c
fn=memset
29 2 1 1 0 0 0 0 0 0 0 0 0 0
fl=./string/../sysdeps/x86_64/multiarch/rawmemchr.c
fn=rawmemchr
31 2 1 1 1 0 0 0 0 0 0 0 0 0
fl=./string/../sysdeps/x86_64/multiarch/stpcpy.c
fn=stpcpy
33 3 1 1 1 0 0 0 0 0 0 0 0 0
fl=./string/../sysdeps/x86_64/multiarch/stpncpy.c
fn=stpncpy
31 3 2 2 1 0 0 0 0 0 0 0 0 0
fl=./string/../sysdeps/x86_64/multiarch/strcasecmp.c
fn=strcasecmp
31 2 0 0 1 0 0 0 0 0 0 0 0 0
fl=./string/../sysdeps/x86_64/multiarch/strcasecmp_l.c
fn=strcasecmp_l
31 2 1 1 1 0 0 0 0 0 0 0 0 0
fl=./string/../sysdeps/x86_64/multiarch/strcat.c
fn=strcat
29 3 1 1 1 0 0 0 0 0 0 0 0 0
fl=./string/../sysdeps/x86_64/multiarch/strchr-avx2.S
fn=__strchrnul_avx2
51 12 1 1 0 0 0 0 0 0 0 0 0 0
53 12 0 0 0 0 0 0 0 0 0 0 0 0
54 12 0 0 0 0 0 0 0 0 0 0 0 0
55 12 0 0 0 0 0 0 0 0 0 0 0 0
56 12 0 0 0 0 0 0 0 0 0 0 0 0
57 12 0 0 0 0 0 0 0 0 0 0 0 0
60 12 0 0 0 0 0 0 0 0 0 0 0 0
61 12 0 0 0 0 0 0 0 0 12 3 0 0
65 12 0 0 12 3 3 0 0 0 0 0 0 0
66 12 0 0 0 0 0 0 0 0 0 0 0 0
67 12 0 0 0 0 0 0 0 0 0 0 0 0
68 12 0 0 0 0 0 0 0 0 0 0 0 0
69 12 0 0 0 0 0 0 0 0 0 0 0 0
70 12 0 0 0 0 0 0 0 0 0 0 0 0
71 12 0 0 0 0 0 0 0 0 12 4 0 0
72 12 1 1 0 0 0 0 0 0 0 0 0 0
78 12 0 0 0 0 0 0 0 0 0 0 0 0
79 24 0 0 12 0 0 0 0 0 0 0 0 0
fl=./string/../sysdeps/x86_64/multiarch/strchr.c
fn=index
40 2 1 1 0 0 0 0 0 0 0 0 0 0
41 4 0 0 2 0 0 0 0 0 0 0 0 0
42 3 0 0 1 0 0 0 0 0 1 0 0 0
44 2 0 0 0 0 0 0 0 0 0 0 0 0
45 2 0 0 0 0 0 0 0 0 1 1 0 0
48 3 0 0 0 0 0 0 0 0 1 0 0 0
51 3 0 0 0 0 0 0 0 0 1 0 0 0
61 3 1 1 1 0 0 0 0 0 0 0 0 0
fl=./string/../sysdeps/x86_64/multiarch/strchrnul.c
fn=strchrnul
31 3 1 1 1 0 0 0 0 0 0 0 0 0
fl=./string/../sysdeps/x86_64/multiarch/strcmp.c
fn=strcmp
41 4 0 0 2 0 0 0 0 0 0 0 0 0
42 3 1 1 1 0 0 0 0 0 1 1 0 0
44 2 0 0 0 0 0 0 0 0 1 0 0 0
49 3 0 0 0 0 0 0 0 0 1 1 0 0
52 3 1 1 0 0 0 0 0 0 1 0 0 0
65 2 1 1 1 0 0 0 0 0 0 0 0 0
fl=./string/../sysdeps/x86_64/multiarch/strcpy.c
fn=strcpy
29 3 1 1 1 0 0 0 0 0 0 0 0 0
fl=./string/../sysdeps/x86_64/multiarch/strcspn.c
fn=strcspn
29 2 1 1 1 0 0 0 0 0 0 0 0 0
fl=./string/../sysdeps/x86_64/multiarch/strlen-avx2.S
fn=__strlen_avx2
50 5 1 1 0 0 0 0 0 0 0 0 0 0
63 5 0 0 0 0 0 0 0 0 0 0 0 0
64 5 0 0 0 0 0 0 0 0 0 0 0 0
65 5 0 0 0 0 0 0 0 0 0 0 0 0
68 5 0 0 0 0 0 0 0 0 0 0 0 0
70 5 0 0 0 0 0 0 0 0 0 0 0 0
71 5 0 0 0 0 0 0 0 0 5 0 0 0
74 5 2 2 5 2 2 0 0 0 0 0 0 0
75 5 0 0 0 0 0 0 0 0 0 0 0 0
83 5 0 0 0 0 0 0 0 0 0 0 0 0
84 5 0 0 0 0 0 0 0 0 5 0 0 0
85 5 0 0 0 0 0 0 0 0 0 0 0 0
90 10 0 0 5 0 0 0 0 0 0 0 0 0
fl=./string/../sysdeps/x86_64/multiarch/strlen-vec.S
fn=strlen
41 31 1 1 0 0 0 0 0 0 0 0 0 0
85 31 0 0 0 0 0 0 0 0 0 0 0 0
86 31 0 0 0 0 0 0 0 0 0 0 0 0
87 31 0 0 0 0 0 0 0 0 0 0 0 0
88 31 0 0 0 0 0 0 0 0 0 0 0 0
89 31 0 0 0 0 0 0 0 0 0 0 0 0
90 31 0 0 0 0 0 0 0 0 0 0 0 0
91 31 0 0 0 0 0 0 0 0 0 0 0 0
93 31 0 0 0 0 0 0 0 0 0 0 0 0
95 31 0 0 0 0 0 0 0 0 31 0 0 0
126 31 0 0 31 3 3 0 0 0 0 0 0 0
127 31 0 0 0 0 0 0 0 0 0 0 0 0
128 31 0 0 0 0 0 0 0 0 0 0 0 0
129 31 0 0 0 0 0 0 0 0 0 0 0 0
130 31 0 0 0 0 0 0 0 0 31 10 0 0
131 16 0 0 0 0 0 0 0 0 0 0 0 0
133 16 0 0 16 0 0 0 0 0 0 0 0 0
137 15 1 1 0 0 0 0 0 0 0 0 0 0
138 15 0 0 15 0 0 0 0 0 0 0 0 0
139 15 0 0 15 0 0 0 0 0 0 0 0 0
140 15 0 0 15 0 0 0 0 0 0 0 0 0
141 15 0 0 0 0 0 0 0 0 0 0 0 0
142 15 0 0 0 0 0 0 0 0 0 0 0 0
143 15 0 0 0 0 0 0 0 0 0 0 0 0
144 15 0 0 0 0 0 0 0 0 0 0 0 0
145 15 0 0 0 0 0 0 0 0 0 0 0 0
146 15 0 0 0 0 0 0 0 0 0 0 0 0
147 15 0 0 0 0 0 0 0 0 0 0 0 0
148 15 0 0 0 0 0 0 0 0 0 0 0 0
153 120 1 1 15 0 0 0 0 0 15 0 0 0
fl=./string/../sysdeps/x86_64/multiarch/strlen.c
fn=strlen
29 3 1 1 1 0 0 0 0 0 0 0 0 0
fl=./string/../sysdeps/x86_64/multiarch/strncase.c
fn=strncasecmp
31 2 1 1 1 0 0 0 0 0 0 0 0 0
fl=./string/../sysdeps/x86_64/multiarch/strncase_l.c
fn=strncasecmp_l
31 2 2 2 1 0 0 0 0 0 0 0 0 0
fl=./string/../sysdeps/x86_64/multiarch/strncmp.c
fn=strncmp
41 4 1 1 2 0 0 0 0 0 1 0 0 0
42 3 0 0 1 0 0 0 0 0 1 0 0 0
44 2 0 0 0 0 0 0 0 0 1 0 0 0
49 3 0 0 0 0 0 0 0 0 1 0 0 0
52 3 0 0 0 0 0 0 0 0 1 1 0 0
66 2 2 2 1 0 0 0 0 0 0 0 0 0
fl=./string/../sysdeps/x86_64/multiarch/strncpy.c
fn=strncpy
29 3 1 1 1 0 0 0 0 0 0 0 0 0
fl=./string/../sysdeps/x86_64/multiarch/strnlen.c
fn=strnlen
31 6 2 2 2 0 0 0 0 0 0 0 0 0
fl=./string/../sysdeps/x86_64/multiarch/strpbrk.c
fn=strpbrk
29 2 1 1 1 0 0 0 0 0 0 0 0 0
fl=./string/../sysdeps/x86_64/multiarch/strrchr-avx2.S
fn=__strrchr_avx2
46 1 1 1 0 0 0 0 0 0 0 0 0 0
47 1 0 0 0 0 0 0 0 0 0 0 0 0
48 1 0 0 0 0 0 0 0 0 0 0 0 0
50 1 0 0 0 0 0 0 0 0 0 0 0 0
51 1 0 0 0 0 0 0 0 0 0 0 0 0
54 1 0 0 0 0 0 0 0 0 0 0 0 0
55 1 0 0 0 0 0 0 0 0 0 0 0 0
56 1 0 0 0 0 0 0 0 0 1 0 0 0
58 1 0 0 1 1 0 0 0 0 0 0 0 0
59 1 0 0 0 0 0 0 0 0 0 0 0 0
60 1 0 0 0 0 0 0 0 0 0 0 0 0
61 1 0 0 0 0 0 0 0 0 0 0 0 0
62 1 0 0 0 0 0 0 0 0 0 0 0 0
63 1 1 1 0 0 0 0 0 0 0 0 0 0
65 1 0 0 0 0 0 0 0 0 0 0 0 0
66 1 0 0 0 0 0 0 0 0 1 1 0 0
78 1 0 0 0 0 0 0 0 0 0 0 0 0
79 1 0 0 0 0 0 0 0 0 1 0 0 0
219 1 1 1 0 0 0 0 0 0 0 0 0 0
220 1 0 0 0 0 0 0 0 0 0 0 0 0
221 1 0 0 0 0 0 0 0 0 0 0 0 0
222 1 0 0 0 0 0 0 0 0 0 0 0 0
223 1 0 0 0 0 0 0 0 0 0 0 0 0
225 1 0 0 0 0 0 0 0 0 1 0 0 0
226 1 0 0 0 0 0 0 0 0 0 0 0 0
227 1 0 0 0 0 0 0 0 0 0 0 0 0
228 2 1 1 1 0 0 0 0 0 0 0 0 0
fl=./string/../sysdeps/x86_64/multiarch/strrchr.c
fn=rindex
28 3 1 1 1 0 0 0 0 0 0 0 0 0
fl=./string/../sysdeps/x86_64/multiarch/strspn.c
fn=strspn
29 2 1 1 1 0 0 0 0 0 0 0 0 0
fl=./string/../sysdeps/x86_64/strcmp.S
fn=strcmp
108 2563 2 2 0 0 0 0 0 0 0 0 0 0
141 2563 0 0 0 0 0 0 0 0 0 0 0 0
142 2563 0 0 0 0 0 0 0 0 0 0 0 0
144 2563 0 0 0 0 0 0 0 0 0 0 0 0
145 2563 0 0 0 0 0 0 0 0 0 0 0 0
166 2563 0 0 0 0 0 0 0 0 0 0 0 0
167 2563 0 0 0 0 0 0 0 0 2439 146 0 0
168 2408 0 0 0 0 0 0 0 0 0 0 0 0
169 2408 0 0 0 0 0 0 0 0 2408 50 0 0
170 2331 0 0 2331 65 29 0 0 0 0 0 0 0
171 2331 1 1 2331 11 7 0 0 0 0 0 0 0
172 2331 0 0 2331 0 0 0 0 0 0 0 0 0
173 2331 0 0 2331 0 0 0 0 0 0 0 0 0
194 2331 0 0 0 0 0 0 0 0 0 0 0 0
195 2331 0 0 0 0 0 0 0 0 0 0 0 0
196 2331 0 0 0 0 0 0 0 0 0 0 0 0
197 2331 0 0 0 0 0 0 0 0 0 0 0 0
198 2331 0 0 0 0 0 0 0 0 0 0 0 0
199 2331 0 0 0 0 0 0 0 0 0 0 0 0
200 2331 0 0 0 0 0 0 0 0 2331 59 0 0
205 45 0 0 0 0 0 0 0 0 0 0 0 0
206 135 0 0 0 0 0 0 0 0 0 0 0 0
215 277 2 2 0 0 0 0 0 0 0 0 0 0
216 277 0 0 0 0 0 0 0 0 0 0 0 0
217 277 0 0 0 0 0 0 0 0 0 0 0 0
218 277 0 0 0 0 0 0 0 0 0 0 0 0
219 277 0 0 0 0 0 0 0 0 0 0 0 0
220 277 0 0 0 0 0 0 0 0 0 0 0 0
221 277 0 0 0 0 0 0 0 0 0 0 0 0
222 277 0 0 0 0 0 0 0 0 277 22 0 0
223 166 0 0 0 0 0 0 0 0 166 73 0 0
224 82 0 0 0 0 0 0 0 0 0 0 0 0
225 82 0 0 0 0 0 0 0 0 0 0 0 0
226 82 0 0 0 0 0 0 0 0 0 0 0 0
228 166 0 0 0 0 0 0 0 0 0 0 0 0
229 166 0 0 0 0 0 0 0 0 0 0 0 0
230 166 0 0 0 0 0 0 0 0 0 0 0 0
231 166 0 0 166 9 3 0 0 0 0 0 0 0
232 166 0 0 0 0 0 0 0 0 0 0 0 0
233 166 0 0 0 0 0 0 0 0 0 0 166 111
243 111 2 2 111 11 4 0 0 0 0 0 0 0
244 111 0 0 0 0 0 0 0 0 0 0 0 0
245 111 0 0 0 0 0 0 0 0 0 0 0 0
247 111 0 0 111 2 1 0 0 0 0 0 0 0
253 111 0 0 0 0 0 0 0 0 0 0 0 0
254 111 0 0 0 0 0 0 0 0 0 0 0 0
255 111 0 0 0 0 0 0 0 0 0 0 0 0
256 111 0 0 0 0 0 0 0 0 0 0 0 0
257 111 0 0 0 0 0 0 0 0 0 0 0 0
262 111 0 0 0 0 0 0 0 0 111 12 0 0
264 100 0 0 0 0 0 0 0 0 0 0 0 0
265 100 0 0 0 0 0 0 0 0 0 0 0 0
266 200 0 0 0 0 0 0 0 0 0 0 0 0
274 119 2 2 119 10 1 0 0 0 0 0 0 0
275 119 0 0 119 2 2 0 0 0 0 0 0 0
278 119 0 0 0 0 0 0 0 0 0 0 0 0
279 119 0 0 0 0 0 0 0 0 0 0 0 0
280 119 0 0 0 0 0 0 0 0 0 0 0 0
281 119 0 0 0 0 0 0 0 0 0 0 0 0
282 119 0 0 0 0 0 0 0 0 0 0 0 0
283 119 0 0 0 0 0 0 0 0 119 23 0 0
289 31 0 0 0 0 0 0 0 0 0 0 0 0
290 31 0 0 31 0 0 0 0 0 0 0 0 0
291 31 0 0 31 0 0 0 0 0 0 0 0 0
294 31 0 0 0 0 0 0 0 0 0 0 0 0
295 31 0 0 0 0 0 0 0 0 0 0 0 0
296 31 0 0 0 0 0 0 0 0 0 0 0 0
297 31 1 1 0 0 0 0 0 0 0 0 0 0
298 31 0 0 0 0 0 0 0 0 0 0 0 0
299 31 0 0 0 0 0 0 0 0 31 8 0 0
304 19 0 0 0 0 0 0 0 0 0 0 0 0
305 19 0 0 0 0 0 0 0 0 0 0 0 0
444 1 1 1 0 0 0 0 0 0 0 0 0 0
445 1 0 0 1 0 0 0 0 0 0 0 0 0
446 1 0 0 1 1 0 0 0 0 0 0 0 0
447 1 0 0 0 0 0 0 0 0 0 0 0 0
448 1 0 0 0 0 0 0 0 0 0 0 0 0
450 1 0 0 0 0 0 0 0 0 0 0 0 0
451 1 0 0 0 0 0 0 0 0 0 0 0 0
452 1 1 1 0 0 0 0 0 0 0 0 0 0
453 1 0 0 0 0 0 0 0 0 0 0 0 0
454 1 0 0 0 0 0 0 0 0 0 0 0 0
455 1 0 0 0 0 0 0 0 0 0 0 0 0
456 1 0 0 0 0 0 0 0 0 1 0 0 0
457 1 0 0 1 0 0 0 0 0 0 0 0 0
460 1 0 0 0 0 0 0 0 0 0 0 0 0
461 1 0 0 0 0 0 0 0 0 0 0 0 0
462 1 0 0 0 0 0 0 0 0 0 0 0 0
468 1 0 0 0 0 0 0 0 0 0 0 0 0
469 1 0 0 0 0 0 0 0 0 0 0 0 0
470 2 0 0 0 0 0 0 0 0 0 0 0 0
474 1 1 1 0 0 0 0 0 0 0 0 0 0
475 1 0 0 0 0 0 0 0 0 1 0 0 0
478 1 0 0 1 1 0 0 0 0 0 0 0 0
479 1 0 0 1 1 0 0 0 0 0 0 0 0
480 1 0 0 0 0 0 0 0 0 0 0 0 0
483 1 0 0 0 0 0 0 0 0 0 0 0 0
484 1 0 0 0 0 0 0 0 0 0 0 0 0
485 1 0 0 0 0 0 0 0 0 0 0 0 0
491 1 0 0 0 0 0 0 0 0 0 0 0 0
492 1 0 0 0 0 0 0 0 0 0 0 0 0
493 1 0 0 0 0 0 0 0 0 0 0 0 0
494 1 0 0 0 0 0 0 0 0 0 0 0 0
495 1 0 0 0 0 0 0 0 0 0 0 0 0
496 1 1 1 0 0 0 0 0 0 1 1 0 0
568 3 1 1 0 0 0 0 0 0 0 0 0 0
569 3 0 0 3 0 0 0 0 0 0 0 0 0
570 3 0 0 3 2 1 0 0 0 0 0 0 0
571 3 0 0 0 0 0 0 0 0 0 0 0 0
572 3 0 0 0 0 0 0 0 0 0 0 0 0
574 3 0 0 0 0 0 0 0 0 0 0 0 0
575 3 0 0 0 0 0 0 0 0 0 0 0 0
576 3 1 1 0 0 0 0 0 0 0 0 0 0
577 3 0 0 0 0 0 0 0 0 0 0 0 0
578 3 0 0 0 0 0 0 0 0 0 0 0 0
579 3 0 0 0 0 0 0 0 0 0 0 0 0
580 3 0 0 0 0 0 0 0 0 3 1 0 0
581 3 0 0 3 0 0 0 0 0 0 0 0 0
585 3 0 0 0 0 0 0 0 0 0 0 0 0
586 3 0 0 0 0 0 0 0 0 0 0 0 0
587 3 0 0 0 0 0 0 0 0 0 0 0 0
593 3 0 0 0 0 0 0 0 0 0 0 0 0
594 3 0 0 0 0 0 0 0 0 0 0 0 0
595 6 0 0 0 0 0 0 0 0 0 0 0 0
599 3 1 1 0 0 0 0 0 0 0 0 0 0
600 3 0 0 0 0 0 0 0 0 3 0 0 0
603 3 0 0 3 0 0 0 0 0 0 0 0 0
604 3 0 0 3 1 1 0 0 0 0 0 0 0
605 3 0 0 0 0 0 0 0 0 0 0 0 0
608 3 0 0 0 0 0 0 0 0 0 0 0 0
609 3 0 0 0 0 0 0 0 0 0 0 0 0
610 3 0 0 0 0 0 0 0 0 0 0 0 0
616 3 0 0 0 0 0 0 0 0 0 0 0 0
617 3 0 0 0 0 0 0 0 0 0 0 0 0
618 3 0 0 0 0 0 0 0 0 0 0 0 0
619 3 0 0 0 0 0 0 0 0 0 0 0 0
620 3 0 0 0 0 0 0 0 0 0 0 0 0
621 3 1 1 0 0 0 0 0 0 3 1 0 0
628 1 0 0 0 0 0 0 0 0 0 0 0 0
629 1 0 0 0 0 0 0 0 0 0 0 0 0
631 1 0 0 0 0 0 0 0 0 0 0 0 0
632 1 0 0 0 0 0 0 0 0 1 0 0 0
634 1 0 0 1 0 0 0 0 0 0 0 0 0
635 1 0 0 1 0 0 0 0 0 0 0 0 0
636 1 0 0 0 0 0 0 0 0 0 0 0 0
639 1 0 0 0 0 0 0 0 0 0 0 0 0
640 1 0 0 0 0 0 0 0 0 0 0 0 0
641 1 0 0 0 0 0 0 0 0 0 0 0 0
647 1 0 0 0 0 0 0 0 0 0 0 0 0
648 1 0 0 0 0 0 0 0 0 0 0 0 0
649 1 0 0 0 0 0 0 0 0 0 0 0 0
650 1 0 0 0 0 0 0 0 0 0 0 0 0
651 1 1 1 0 0 0 0 0 0 0 0 0 0
652 1 0 0 0 0 0 0 0 0 1 1 0 0
693 5 1 1 0 0 0 0 0 0 0 0 0 0
694 5 0 0 5 1 1 0 0 0 0 0 0 0
695 5 0 0 5 1 1 0 0 0 0 0 0 0
696 5 0 0 0 0 0 0 0 0 0 0 0 0
697 5 0 0 0 0 0 0 0 0 0 0 0 0
699 5 0 0 0 0 0 0 0 0 0 0 0 0
700 5 0 0 0 0 0 0 0 0 0 0 0 0
701 5 1 1 0 0 0 0 0 0 0 0 0 0
702 5 0 0 0 0 0 0 0 0 0 0 0 0
703 5 0 0 0 0 0 0 0 0 0 0 0 0
704 5 0 0 0 0 0 0 0 0 0 0 0 0
705 5 0 0 0 0 0 0 0 0 5 3 0 0
706 5 0 0 5 0 0 0 0 0 0 0 0 0
710 5 0 0 0 0 0 0 0 0 0 0 0 0
711 5 0 0 0 0 0 0 0 0 0 0 0 0
712 5 0 0 0 0 0 0 0 0 0 0 0 0
718 5 0 0 0 0 0 0 0 0 0 0 0 0
719 5 0 0 0 0 0 0 0 0 0 0 0 0
720 10 0 0 0 0 0 0 0 0 0 0 0 0
724 5 1 1 0 0 0 0 0 0 0 0 0 0
725 5 0 0 0 0 0 0 0 0 5 0 0 0
728 5 0 0 5 1 1 0 0 0 0 0 0 0
729 5 0 0 5 0 0 0 0 0 0 0 0 0
730 5 0 0 0 0 0 0 0 0 0 0 0 0
733 5 0 0 0 0 0 0 0 0 0 0 0 0
734 5 0 0 0 0 0 0 0 0 0 0 0 0
735 5 0 0 0 0 0 0 0 0 0 0 0 0
741 5 0 0 0 0 0 0 0 0 0 0 0 0
742 5 0 0 0 0 0 0 0 0 0 0 0 0
743 5 0 0 0 0 0 0 0 0 0 0 0 0
744 5 0 0 0 0 0 0 0 0 0 0 0 0
745 5 0 0 0 0 0 0 0 0 0 0 0 0
746 5 1 1 0 0 0 0 0 0 5 3 0 0
818 1 1 1 0 0 0 0 0 0 0 0 0 0
819 1 0 0 1 0 0 0 0 0 0 0 0 0
820 1 0 0 1 0 0 0 0 0 0 0 0 0
821 1 0 0 0 0 0 0 0 0 0 0 0 0
822 1 0 0 0 0 0 0 0 0 0 0 0 0
824 1 0 0 0 0 0 0 0 0 0 0 0 0
825 1 0 0 0 0 0 0 0 0 0 0 0 0
826 1 1 1 0 0 0 0 0 0 0 0 0 0
827 1 0 0 0 0 0 0 0 0 0 0 0 0
828 1 0 0 0 0 0 0 0 0 0 0 0 0
829 1 0 0 0 0 0 0 0 0 0 0 0 0
830 1 0 0 0 0 0 0 0 0 1 0 0 0
831 1 0 0 1 0 0 0 0 0 0 0 0 0
835 1 0 0 0 0 0 0 0 0 0 0 0 0
836 1 0 0 0 0 0 0 0 0 0 0 0 0
837 1 0 0 0 0 0 0 0 0 0 0 0 0
843 1 0 0 0 0 0 0 0 0 0 0 0 0
844 1 0 0 0 0 0 0 0 0 0 0 0 0
845 2 0 0 0 0 0 0 0 0 0 0 0 0
849 1 1 1 0 0 0 0 0 0 0 0 0 0
850 1 0 0 0 0 0 0 0 0 1 0 0 0
853 1 0 0 1 0 0 0 0 0 0 0 0 0
854 1 0 0 1 0 0 0 0 0 0 0 0 0
855 1 0 0 0 0 0 0 0 0 0 0 0 0
858 1 0 0 0 0 0 0 0 0 0 0 0 0
859 1 0 0 0 0 0 0 0 0 0 0 0 0
860 1 0 0 0 0 0 0 0 0 0 0 0 0
866 1 0 0 0 0 0 0 0 0 0 0 0 0
867 1 0 0 0 0 0 0 0 0 0 0 0 0
868 1 0 0 0 0 0 0 0 0 0 0 0 0
869 1 0 0 0 0 0 0 0 0 0 0 0 0
870 1 0 0 0 0 0 0 0 0 0 0 0 0
871 1 1 1 0 0 0 0 0 0 1 0 0 0
878 1 0 0 0 0 0 0 0 0 0 0 0 0
879 1 0 0 0 0 0 0 0 0 0 0 0 0
881 1 0 0 0 0 0 0 0 0 0 0 0 0
882 1 0 0 0 0 0 0 0 0 1 0 0 0
884 1 0 0 1 0 0 0 0 0 0 0 0 0
885 1 0 0 1 1 1 0 0 0 0 0 0 0
886 1 0 0 0 0 0 0 0 0 0 0 0 0
889 1 0 0 0 0 0 0 0 0 0 0 0 0
890 1 0 0 0 0 0 0 0 0 0 0 0 0
891 1 0 0 0 0 0 0 0 0 0 0 0 0
897 1 0 0 0 0 0 0 0 0 0 0 0 0
898 1 0 0 0 0 0 0 0 0 0 0 0 0
899 1 0 0 0 0 0 0 0 0 0 0 0 0
900 1 0 0 0 0 0 0 0 0 0 0 0 0
901 1 1 1 0 0 0 0 0 0 0 0 0 0
902 1 0 0 0 0 0 0 0 0 1 1 0 0
943 2 2 2 0 0 0 0 0 0 0 0 0 0
944 2 0 0 2 0 0 0 0 0 0 0 0 0
945 2 0 0 2 1 1 0 0 0 0 0 0 0
946 2 0 0 0 0 0 0 0 0 0 0 0 0
947 2 0 0 0 0 0 0 0 0 0 0 0 0
949 2 0 0 0 0 0 0 0 0 0 0 0 0
950 2 0 0 0 0 0 0 0 0 0 0 0 0
951 2 1 1 0 0 0 0 0 0 0 0 0 0
952 2 0 0 0 0 0 0 0 0 0 0 0 0
953 2 0 0 0 0 0 0 0 0 0 0 0 0
954 2 0 0 0 0 0 0 0 0 0 0 0 0
955 2 0 0 0 0 0 0 0 0 2 0 0 0
956 2 0 0 2 0 0 0 0 0 0 0 0 0
960 2 0 0 0 0 0 0 0 0 0 0 0 0
961 2 0 0 0 0 0 0 0 0 0 0 0 0
962 2 0 0 0 0 0 0 0 0 0 0 0 0
968 2 0 0 0 0 0 0 0 0 0 0 0 0
969 2 0 0 0 0 0 0 0 0 0 0 0 0
970 4 0 0 0 0 0 0 0 0 0 0 0 0
974 2 1 1 0 0 0 0 0 0 0 0 0 0
975 2 0 0 0 0 0 0 0 0 2 0 0 0
978 2 0 0 2 1 1 0 0 0 0 0 0 0
979 2 0 0 2 0 0 0 0 0 0 0 0 0
980 2 0 0 0 0 0 0 0 0 0 0 0 0
983 2 0 0 0 0 0 0 0 0 0 0 0 0
984 2 0 0 0 0 0 0 0 0 0 0 0 0
985 2 0 0 0 0 0 0 0 0 0 0 0 0
991 2 0 0 0 0 0 0 0 0 0 0 0 0
992 2 0 0 0 0 0 0 0 0 0 0 0 0
993 2 0 0 0 0 0 0 0 0 0 0 0 0
994 2 0 0 0 0 0 0 0 0 0 0 0 0
995 2 0 0 0 0 0 0 0 0 0 0 0 0
996 2 1 1 0 0 0 0 0 0 2 1 0 0
1068 11 1 1 0 0 0 0 0 0 0 0 0 0
1069 11 0 0 11 2 2 0 0 0 0 0 0 0
1070 11 0 0 11 1 1 0 0 0 0 0 0 0
1071 11 0 0 0 0 0 0 0 0 0 0 0 0
1072 11 0 0 0 0 0 0 0 0 0 0 0 0
1074 11 0 0 0 0 0 0 0 0 0 0 0 0
1075 11 0 0 0 0 0 0 0 0 0 0 0 0
1076 11 1 1 0 0 0 0 0 0 0 0 0 0
1077 11 0 0 0 0 0 0 0 0 0 0 0 0
1078 11 0 0 0 0 0 0 0 0 0 0 0 0
1079 11 0 0 0 0 0 0 0 0 0 0 0 0
1080 11 0 0 0 0 0 0 0 0 11 3 0 0
1081 4 0 0 4 0 0 0 0 0 0 0 0 0
1085 4 0 0 0 0 0 0 0 0 0 0 0 0
1086 4 0 0 0 0 0 0 0 0 0 0 0 0
1087 4 0 0 0 0 0 0 0 0 0 0 0 0
1093 4 0 0 0 0 0 0 0 0 0 0 0 0
1094 4 0 0 0 0 0 0 0 0 0 0 0 0
1095 8 0 0 0 0 0 0 0 0 0 0 0 0
1099 4 1 1 0 0 0 0 0 0 0 0 0 0
1100 4 0 0 0 0 0 0 0 0 4 0 0 0
1103 4 0 0 4 2 1 0 0 0 0 0 0 0
1104 4 0 0 4 1 1 0 0 0 0 0 0 0
1105 4 0 0 0 0 0 0 0 0 0 0 0 0
1108 4 0 0 0 0 0 0 0 0 0 0 0 0
1109 4 0 0 0 0 0 0 0 0 0 0 0 0
1110 4 0 0 0 0 0 0 0 0 0 0 0 0
1116 4 0 0 0 0 0 0 0 0 0 0 0 0
1117 4 0 0 0 0 0 0 0 0 0 0 0 0
1118 4 0 0 0 0 0 0 0 0 0 0 0 0
1119 4 0 0 0 0 0 0 0 0 0 0 0 0
1120 4 0 0 0 0 0 0 0 0 0 0 0 0
1121 4 1 1 0 0 0 0 0 0 4 3 0 0
1128 1 0 0 0 0 0 0 0 0 0 0 0 0
1129 1 0 0 0 0 0 0 0 0 0 0 0 0
1131 1 0 0 0 0 0 0 0 0 0 0 0 0
1132 1 0 0 0 0 0 0 0 0 1 0 0 0
1134 1 0 0 1 0 0 0 0 0 0 0 0 0
1135 1 0 0 1 0 0 0 0 0 0 0 0 0
1136 1 0 0 0 0 0 0 0 0 0 0 0 0
1139 1 0 0 0 0 0 0 0 0 0 0 0 0
1140 1 0 0 0 0 0 0 0 0 0 0 0 0
1141 1 0 0 0 0 0 0 0 0 0 0 0 0
1147 1 0 0 0 0 0 0 0 0 0 0 0 0
1148 1 0 0 0 0 0 0 0 0 0 0 0 0
1149 1 0 0 0 0 0 0 0 0 0 0 0 0
1150 1 0 0 0 0 0 0 0 0 0 0 0 0
1151 1 1 1 0 0 0 0 0 0 0 0 0 0
1152 1 0 0 0 0 0 0 0 0 1 1 0 0
1193 6 1 1 0 0 0 0 0 0 0 0 0 0
1194 6 0 0 6 0 0 0 0 0 0 0 0 0
1195 6 0 0 6 0 0 0 0 0 0 0 0 0
1196 6 0 0 0 0 0 0 0 0 0 0 0 0
1197 6 0 0 0 0 0 0 0 0 0 0 0 0
1199 6 0 0 0 0 0 0 0 0 0 0 0 0
1200 6 0 0 0 0 0 0 0 0 0 0 0 0
1201 6 1 1 0 0 0 0 0 0 0 0 0 0
1202 6 0 0 0 0 0 0 0 0 0 0 0 0
1203 6 0 0 0 0 0 0 0 0 0 0 0 0
1204 6 0 0 0 0 0 0 0 0 0 0 0 0
1205 6 0 0 0 0 0 0 0 0 6 6 0 0
1318 37 1 1 0 0 0 0 0 0 0 0 0 0
1319 37 0 0 37 2 2 0 0 0 0 0 0 0
1320 37 0 0 37 3 0 0 0 0 0 0 0 0
1321 37 0 0 0 0 0 0 0 0 0 0 0 0
1322 37 0 0 0 0 0 0 0 0 0 0 0 0
1324 37 0 0 0 0 0 0 0 0 0 0 0 0
1325 37 0 0 0 0 0 0 0 0 0 0 0 0
1326 37 1 1 0 0 0 0 0 0 0 0 0 0
1327 37 0 0 0 0 0 0 0 0 0 0 0 0
1328 37 0 0 0 0 0 0 0 0 0 0 0 0
1329 37 0 0 0 0 0 0 0 0 0 0 0 0
1330 37 0 0 0 0 0 0 0 0 37 11 0 0
1331 12 0 0 12 0 0 0 0 0 0 0 0 0
1335 12 0 0 0 0 0 0 0 0 0 0 0 0
1336 12 0 0 0 0 0 0 0 0 0 0 0 0
1337 12 0 0 0 0 0 0 0 0 0 0 0 0
1343 12 0 0 0 0 0 0 0 0 0 0 0 0
1344 12 0 0 0 0 0 0 0 0 0 0 0 0
1345 24 0 0 0 0 0 0 0 0 0 0 0 0
1349 12 1 1 0 0 0 0 0 0 0 0 0 0
1350 12 0 0 0 0 0 0 0 0 12 1 0 0
1353 11 0 0 11 1 0 0 0 0 0 0 0 0
1354 11 0 0 11 1 1 0 0 0 0 0 0 0
1355 11 0 0 0 0 0 0 0 0 0 0 0 0
1358 11 0 0 0 0 0 0 0 0 0 0 0 0
1359 11 0 0 0 0 0 0 0 0 0 0 0 0
1360 11 0 0 0 0 0 0 0 0 0 0 0 0
1366 11 0 0 0 0 0 0 0 0 0 0 0 0
1367 11 0 0 0 0 0 0 0 0 0 0 0 0
1368 11 0 0 0 0 0 0 0 0 0 0 0 0
1369 11 0 0 0 0 0 0 0 0 0 0 0 0
1370 11 0 0 0 0 0 0 0 0 0 0 0 0
1371 11 1 1 0 0 0 0 0 0 11 5 0 0
1415 1 1 1 0 0 0 0 0 0 0 0 0 0
1416 1 0 0 0 0 0 0 0 0 0 0 0 0
1417 1 0 0 0 0 0 0 0 0 0 0 0 0
1418 1 0 0 0 0 0 0 0 0 1 1 0 0
1431 1 1 1 1 0 0 0 0 0 0 0 0 0
1432 1 0 0 0 0 0 0 0 0 0 0 0 0
1433 1 0 0 0 0 0 0 0 0 0 0 0 0
1434 1 0 0 0 0 0 0 0 0 0 0 0 0
1443 1 0 0 0 0 0 0 0 0 0 0 0 0
1444 1 0 0 1 0 0 0 0 0 0 0 0 0
1445 1 0 0 1 0 0 0 0 0 0 0 0 0
1446 1 0 0 0 0 0 0 0 0 0 0 0 0
1447 1 0 0 0 0 0 0 0 0 0 0 0 0
1449 1 0 0 0 0 0 0 0 0 0 0 0 0
1450 1 0 0 0 0 0 0 0 0 0 0 0 0
1451 1 1 1 0 0 0 0 0 0 0 0 0 0
1452 1 0 0 0 0 0 0 0 0 0 0 0 0
1453 1 0 0 0 0 0 0 0 0 0 0 0 0
1454 1 0 0 0 0 0 0 0 0 0 0 0 0
1455 1 0 0 0 0 0 0 0 0 1 0 0 0
1456 1 0 0 1 0 0 0 0 0 0 0 0 0
1460 1 0 0 0 0 0 0 0 0 0 0 0 0
1461 1 0 0 0 0 0 0 0 0 0 0 0 0
1462 1 0 0 0 0 0 0 0 0 0 0 0 0
1468 1 0 0 0 0 0 0 0 0 0 0 0 0
1469 1 0 0 0 0 0 0 0 0 0 0 0 0
1470 2 0 0 0 0 0 0 0 0 0 0 0 0
1474 1 1 1 0 0 0 0 0 0 0 0 0 0
1475 1 0 0 0 0 0 0 0 0 1 0 0 0
1478 1 0 0 1 1 1 0 0 0 0 0 0 0
1479 1 0 0 1 0 0 0 0 0 0 0 0 0
1480 1 0 0 0 0 0 0 0 0 0 0 0 0
1483 1 0 0 0 0 0 0 0 0 0 0 0 0
1484 1 0 0 0 0 0 0 0 0 0 0 0 0
1485 1 0 0 0 0 0 0 0 0 0 0 0 0
1491 1 0 0 0 0 0 0 0 0 0 0 0 0
1492 1 0 0 0 0 0 0 0 0 0 0 0 0
1493 1 0 0 0 0 0 0 0 0 0 0 0 0
1494 1 0 0 0 0 0 0 0 0 0 0 0 0
1495 1 0 0 0 0 0 0 0 0 0 0 0 0
1496 1 1 1 0 0 0 0 0 0 1 0 0 0
1568 12 1 1 0 0 0 0 0 0 0 0 0 0
1569 12 0 0 12 2 1 0 0 0 0 0 0 0
1570 12 0 0 12 0 0 0 0 0 0 0 0 0
1571 12 0 0 0 0 0 0 0 0 0 0 0 0
1572 12 0 0 0 0 0 0 0 0 0 0 0 0
1574 12 0 0 0 0 0 0 0 0 0 0 0 0
1575 12 0 0 0 0 0 0 0 0 0 0 0 0
1576 12 1 1 0 0 0 0 0 0 0 0 0 0
1577 12 0 0 0 0 0 0 0 0 0 0 0 0
1578 12 0 0 0 0 0 0 0 0 0 0 0 0
1579 12 0 0 0 0 0 0 0 0 0 0 0 0
1580 12 0 0 0 0 0 0 0 0 12 7 0 0
1581 6 0 0 6 0 0 0 0 0 0 0 0 0
1585 6 0 0 0 0 0 0 0 0 0 0 0 0
1586 6 0 0 0 0 0 0 0 0 0 0 0 0
1587 6 0 0 0 0 0 0 0 0 0 0 0 0
1593 6 0 0 0 0 0 0 0 0 0 0 0 0
1594 6 0 0 0 0 0 0 0 0 0 0 0 0
1595 12 0 0 0 0 0 0 0 0 0 0 0 0
1599 7 1 1 0 0 0 0 0 0 0 0 0 0
1600 7 0 0 0 0 0 0 0 0 7 0 0 0
1603 7 0 0 7 0 0 0 0 0 0 0 0 0
1604 7 0 0 7 1 0 0 0 0 0 0 0 0
1605 7 0 0 0 0 0 0 0 0 0 0 0 0
1608 7 0 0 0 0 0 0 0 0 0 0 0 0
1609 7 0 0 0 0 0 0 0 0 0 0 0 0
1610 7 0 0 0 0 0 0 0 0 0 0 0 0
1616 7 0 0 0 0 0 0 0 0 0 0 0 0
1617 7 0 0 0 0 0 0 0 0 0 0 0 0
1618 7 0 0 0 0 0 0 0 0 0 0 0 0
1619 7 0 0 0 0 0 0 0 0 0 0 0 0
1620 7 0 0 0 0 0 0 0 0 0 0 0 0
1621 7 1 1 0 0 0 0 0 0 7 5 0 0
1628 1 0 0 0 0 0 0 0 0 0 0 0 0
1629 1 0 0 0 0 0 0 0 0 0 0 0 0
1631 1 0 0 0 0 0 0 0 0 0 0 0 0
1632 1 0 0 0 0 0 0 0 0 1 0 0 0
1634 1 0 0 1 0 0 0 0 0 0 0 0 0
1635 1 0 0 1 0 0 0 0 0 0 0 0 0
1636 1 0 0 0 0 0 0 0 0 0 0 0 0
1639 1 0 0 0 0 0 0 0 0 0 0 0 0
1640 1 0 0 0 0 0 0 0 0 0 0 0 0
1641 1 0 0 0 0 0 0 0 0 0 0 0 0
1647 1 0 0 0 0 0 0 0 0 0 0 0 0
1648 1 0 0 0 0 0 0 0 0 0 0 0 0
1649 1 0 0 0 0 0 0 0 0 0 0 0 0
1650 1 0 0 0 0 0 0 0 0 0 0 0 0
1651 1 1 1 0 0 0 0 0 0 0 0 0 0
1652 1 0 0 0 0 0 0 0 0 1 0 0 0
1659 1 0 0 0 0 0 0 0 0 0 0 0 0
1660 1 0 0 0 0 0 0 0 0 0 0 0 0
1661 1 0 0 0 0 0 0 0 0 0 0 0 0
1693 14 1 1 0 0 0 0 0 0 0 0 0 0
1694 14 0 0 14 2 1 0 0 0 0 0 0 0
1695 14 0 0 14 5 3 0 0 0 0 0 0 0
1696 14 0 0 0 0 0 0 0 0 0 0 0 0
1697 14 0 0 0 0 0 0 0 0 0 0 0 0
1699 14 0 0 0 0 0 0 0 0 0 0 0 0
1700 14 0 0 0 0 0 0 0 0 0 0 0 0
1701 14 1 1 0 0 0 0 0 0 0 0 0 0
1702 14 0 0 0 0 0 0 0 0 0 0 0 0
1703 14 0 0 0 0 0 0 0 0 0 0 0 0
1704 14 0 0 0 0 0 0 0 0 0 0 0 0
1705 14 0 0 0 0 0 0 0 0 14 5 0 0
1706 8 0 0 8 0 0 0 0 0 0 0 0 0
1710 8 0 0 0 0 0 0 0 0 0 0 0 0
1711 8 0 0 0 0 0 0 0 0 0 0 0 0
1712 8 0 0 0 0 0 0 0 0 0 0 0 0
1718 8 0 0 0 0 0 0 0 0 0 0 0 0
1719 8 0 0 0 0 0 0 0 0 0 0 0 0
1720 16 0 0 0 0 0 0 0 0 0 0 0 0
1724 9 1 1 0 0 0 0 0 0 0 0 0 0
1725 9 0 0 0 0 0 0 0 0 9 0 0 0
1728 9 0 0 9 4 3 0 0 0 0 0 0 0
1729 9 0 0 9 2 2 0 0 0 0 0 0 0
1730 9 0 0 0 0 0 0 0 0 0 0 0 0
1733 9 0 0 0 0 0 0 0 0 0 0 0 0
1734 9 0 0 0 0 0 0 0 0 0 0 0 0
1735 9 0 0 0 0 0 0 0 0 0 0 0 0
1741 9 0 0 0 0 0 0 0 0 0 0 0 0
1742 9 0 0 0 0 0 0 0 0 0 0 0 0
1743 9 0 0 0 0 0 0 0 0 0 0 0 0
1744 9 0 0 0 0 0 0 0 0 0 0 0 0
1745 9 0 0 0 0 0 0 0 0 0 0 0 0
1746 9 1 1 0 0 0 0 0 0 9 5 0 0
1753 3 0 0 0 0 0 0 0 0 0 0 0 0
1754 3 0 0 0 0 0 0 0 0 0 0 0 0
1756 3 0 0 0 0 0 0 0 0 0 0 0 0
1757 3 0 0 0 0 0 0 0 0 3 0 0 0
1759 3 0 0 3 0 0 0 0 0 0 0 0 0
1760 3 0 0 3 1 1 0 0 0 0 0 0 0
1761 3 0 0 0 0 0 0 0 0 0 0 0 0
1764 3 0 0 0 0 0 0 0 0 0 0 0 0
1765 3 0 0 0 0 0 0 0 0 0 0 0 0
1766 3 0 0 0 0 0 0 0 0 0 0 0 0
1772 3 0 0 0 0 0 0 0 0 0 0 0 0
1773 3 0 0 0 0 0 0 0 0 0 0 0 0
1774 3 0 0 0 0 0 0 0 0 0 0 0 0
1775 3 0 0 0 0 0 0 0 0 0 0 0 0
1776 3 1 1 0 0 0 0 0 0 0 0 0 0
1777 3 0 0 0 0 0 0 0 0 3 2 0 0
1784 1 0 0 0 0 0 0 0 0 0 0 0 0
1785 1 0 0 0 0 0 0 0 0 0 0 0 0
1786 1 0 0 0 0 0 0 0 0 0 0 0 0
1818 6 1 1 0 0 0 0 0 0 0 0 0 0
1819 6 0 0 6 0 0 0 0 0 0 0 0 0
1820 6 0 0 6 1 0 0 0 0 0 0 0 0
1821 6 0 0 0 0 0 0 0 0 0 0 0 0
1822 6 0 0 0 0 0 0 0 0 0 0 0 0
1824 6 0 0 0 0 0 0 0 0 0 0 0 0
1825 6 0 0 0 0 0 0 0 0 0 0 0 0
1826 6 1 1 0 0 0 0 0 0 0 0 0 0
1827 6 0 0 0 0 0 0 0 0 0 0 0 0
1828 6 0 0 0 0 0 0 0 0 0 0 0 0
1829 6 0 0 0 0 0 0 0 0 0 0 0 0
1830 6 0 0 0 0 0 0 0 0 6 3 0 0
1831 3 0 0 3 0 0 0 0 0 0 0 0 0
1835 3 0 0 0 0 0 0 0 0 0 0 0 0
1836 3 0 0 0 0 0 0 0 0 0 0 0 0
1837 3 0 0 0 0 0 0 0 0 0 0 0 0
1843 3 0 0 0 0 0 0 0 0 0 0 0 0
1844 3 0 0 0 0 0 0 0 0 0 0 0 0
1845 6 0 0 0 0 0 0 0 0 0 0 0 0
1849 4 1 1 0 0 0 0 0 0 0 0 0 0
1850 4 0 0 0 0 0 0 0 0 4 0 0 0
1853 4 0 0 4 1 0 0 0 0 0 0 0 0
1854 4 0 0 4 0 0 0 0 0 0 0 0 0
1855 4 0 0 0 0 0 0 0 0 0 0 0 0
1858 4 0 0 0 0 0 0 0 0 0 0 0 0
1859 4 0 0 0 0 0 0 0 0 0 0 0 0
1860 4 0 0 0 0 0 0 0 0 0 0 0 0
1866 4 0 0 0 0 0 0 0 0 0 0 0 0
1867 4 0 0 0 0 0 0 0 0 0 0 0 0
1868 4 0 0 0 0 0 0 0 0 0 0 0 0
1869 4 0 0 0 0 0 0 0 0 0 0 0 0
1870 4 0 0 0 0 0 0 0 0 0 0 0 0
1871 4 1 1 0 0 0 0 0 0 4 3 0 0
1878 2 0 0 0 0 0 0 0 0 0 0 0 0
1879 2 0 0 0 0 0 0 0 0 0 0 0 0
1881 2 0 0 0 0 0 0 0 0 0 0 0 0
1882 2 0 0 0 0 0 0 0 0 2 0 0 0
1884 2 0 0 2 0 0 0 0 0 0 0 0 0
1885 2 0 0 2 1 1 0 0 0 0 0 0 0
1886 2 0 0 0 0 0 0 0 0 0 0 0 0
1889 2 0 0 0 0 0 0 0 0 0 0 0 0
1890 2 0 0 0 0 0 0 0 0 0 0 0 0
1891 2 0 0 0 0 0 0 0 0 0 0 0 0
1897 2 0 0 0 0 0 0 0 0 0 0 0 0
1898 2 0 0 0 0 0 0 0 0 0 0 0 0
1899 2 0 0 0 0 0 0 0 0 0 0 0 0
1900 2 0 0 0 0 0 0 0 0 0 0 0 0
1901 2 1 1 0 0 0 0 0 0 0 0 0 0
1902 2 0 0 0 0 0 0 0 0 2 1 0 0
1909 1 0 0 0 0 0 0 0 0 0 0 0 0
1910 1 0 0 0 0 0 0 0 0 0 0 0 0
1911 1 0 0 0 0 0 0 0 0 0 0 0 0
1943 12 1 1 0 0 0 0 0 0 0 0 0 0
1944 12 0 0 12 1 1 0 0 0 0 0 0 0
1945 12 0 0 12 4 3 0 0 0 0 0 0 0
1946 12 0 0 0 0 0 0 0 0 0 0 0 0
1947 12 0 0 0 0 0 0 0 0 0 0 0 0
1949 12 0 0 0 0 0 0 0 0 0 0 0 0
1950 12 0 0 0 0 0 0 0 0 0 0 0 0
1951 12 2 1 0 0 0 0 0 0 0 0 0 0
1952 12 0 0 0 0 0 0 0 0 0 0 0 0
1953 12 0 0 0 0 0 0 0 0 0 0 0 0
1954 12 0 0 0 0 0 0 0 0 0 0 0 0
1955 12 0 0 0 0 0 0 0 0 12 5 0 0
1956 6 0 0 6 0 0 0 0 0 0 0 0 0
1960 6 0 0 0 0 0 0 0 0 0 0 0 0
1961 6 0 0 0 0 0 0 0 0 0 0 0 0
1962 6 0 0 0 0 0 0 0 0 0 0 0 0
1968 6 0 0 0 0 0 0 0 0 0 0 0 0
1969 6 0 0 0 0 0 0 0 0 0 0 0 0
1970 12 0 0 0 0 0 0 0 0 0 0 0 0
1974 7 1 1 0 0 0 0 0 0 0 0 0 0
1975 7 0 0 0 0 0 0 0 0 7 0 0 0
1978 7 0 0 7 2 2 0 0 0 0 0 0 0
1979 7 0 0 7 1 0 0 0 0 0 0 0 0
1980 7 0 0 0 0 0 0 0 0 0 0 0 0
1983 7 0 0 0 0 0 0 0 0 0 0 0 0
1984 7 0 0 0 0 0 0 0 0 0 0 0 0
1985 7 0 0 0 0 0 0 0 0 0 0 0 0
1991 7 0 0 0 0 0 0 0 0 0 0 0 0
1992 7 0 0 0 0 0 0 0 0 0 0 0 0
1993 7 0 0 0 0 0 0 0 0 0 0 0 0
1994 7 0 0 0 0 0 0 0 0 0 0 0 0
1995 7 0 0 0 0 0 0 0 0 0 0 0 0
1996 7 1 1 0 0 0 0 0 0 7 3 0 0
2003 1 0 0 0 0 0 0 0 0 0 0 0 0
2004 1 0 0 0 0 0 0 0 0 0 0 0 0
2006 1 0 0 0 0 0 0 0 0 0 0 0 0
2007 1 0 0 0 0 0 0 0 0 1 0 0 0
2009 1 0 0 1 0 0 0 0 0 0 0 0 0
2010 1 0 0 1 1 1 0 0 0 0 0 0 0
2011 1 0 0 0 0 0 0 0 0 0 0 0 0
2014 1 0 0 0 0 0 0 0 0 0 0 0 0
2015 1 0 0 0 0 0 0 0 0 0 0 0 0
2016 1 0 0 0 0 0 0 0 0 0 0 0 0
2022 1 0 0 0 0 0 0 0 0 0 0 0 0
2023 1 0 0 0 0 0 0 0 0 0 0 0 0
2024 1 0 0 0 0 0 0 0 0 0 0 0 0
2025 1 0 0 0 0 0 0 0 0 0 0 0 0
2026 1 1 1 0 0 0 0 0 0 0 0 0 0
2027 1 0 0 0 0 0 0 0 0 1 0 0 0
2034 1 0 0 0 0 0 0 0 0 0 0 0 0
2035 1 0 0 0 0 0 0 0 0 0 0 0 0
2036 1 0 0 0 0 0 0 0 0 0 0 0 0
2068 55 1 1 0 0 0 0 0 0 0 0 0 0
2069 55 0 0 55 2 1 0 0 0 0 0 0 0
2070 55 0 0 55 9 6 0 0 0 0 0 0 0
2071 55 0 0 0 0 0 0 0 0 0 0 0 0
2072 55 0 0 0 0 0 0 0 0 0 0 0 0
2074 55 0 0 0 0 0 0 0 0 0 0 0 0
2075 55 0 0 0 0 0 0 0 0 0 0 0 0
2076 55 1 1 0 0 0 0 0 0 0 0 0 0
2077 55 0 0 0 0 0 0 0 0 0 0 0 0
2078 55 0 0 0 0 0 0 0 0 0 0 0 0
2079 55 0 0 0 0 0 0 0 0 0 0 0 0
2080 55 0 0 0 0 0 0 0 0 55 15 0 0
2082 19 0 0 19 0 0 0 0 0 0 0 0 0
2086 19 0 0 0 0 0 0 0 0 0 0 0 0
2087 19 0 0 0 0 0 0 0 0 0 0 0 0
2088 19 0 0 0 0 0 0 0 0 0 0 0 0
2094 19 0 0 0 0 0 0 0 0 0 0 0 0
2095 19 0 0 0 0 0 0 0 0 0 0 0 0
2097 38 0 0 0 0 0 0 0 0 0 0 0 0
2101 19 1 1 0 0 0 0 0 0 0 0 0 0
2102 19 0 0 0 0 0 0 0 0 19 0 0 0
2105 19 0 0 19 7 5 0 0 0 0 0 0 0
2106 19 0 0 19 2 2 0 0 0 0 0 0 0
2107 19 0 0 0 0 0 0 0 0 0 0 0 0
2110 19 0 0 0 0 0 0 0 0 0 0 0 0
2111 19 0 0 0 0 0 0 0 0 0 0 0 0
2112 19 0 0 0 0 0 0 0 0 0 0 0 0
2118 19 0 0 0 0 0 0 0 0 0 0 0 0
2119 19 0 0 0 0 0 0 0 0 0 0 0 0
2120 19 0 0 0 0 0 0 0 0 0 0 0 0
2121 19 0 0 0 0 0 0 0 0 0 0 0 0
2122 19 0 0 0 0 0 0 0 0 0 0 0 0
2123 19 1 1 0 0 0 0 0 0 19 6 0 0
2130 2 0 0 0 0 0 0 0 0 0 0 0 0
2131 2 0 0 0 0 0 0 0 0 0 0 0 0
2133 2 0 0 0 0 0 0 0 0 0 0 0 0
2134 2 0 0 0 0 0 0 0 0 2 0 0 0
2136 2 0 0 2 1 1 0 0 0 0 0 0 0
2137 2 0 0 2 0 0 0 0 0 0 0 0 0
2138 2 0 0 0 0 0 0 0 0 0 0 0 0
2141 2 0 0 0 0 0 0 0 0 0 0 0 0
2142 2 0 0 0 0 0 0 0 0 0 0 0 0
2143 2 0 0 0 0 0 0 0 0 0 0 0 0
2149 2 0 0 0 0 0 0 0 0 0 0 0 0
2150 2 0 0 0 0 0 0 0 0 0 0 0 0
2151 2 0 0 0 0 0 0 0 0 0 0 0 0
2152 2 0 0 0 0 0 0 0 0 0 0 0 0
2153 2 1 1 0 0 0 0 0 0 0 0 0 0
2154 2 0 0 0 0 0 0 0 0 2 2 0 0
2190 1 0 0 0 0 0 0 0 0 0 0 0 0
2191 1 0 0 0 0 0 0 0 0 0 0 0 0
2192 1 0 0 0 0 0 0 0 0 0 0 0 0
2193 2 0 0 0 0 0 0 0 0 0 0 0 0
2197 171 1 1 0 0 0 0 0 0 0 0 0 0
2199 277 1 1 0 0 0 0 0 0 0 0 0 0
2200 277 0 0 0 0 0 0 0 0 0 0 0 0
2201 277 0 0 0 0 0 0 0 0 0 0 0 0
2202 277 0 0 0 0 0 0 0 0 277 70 0 0
2203 164 0 0 0 0 0 0 0 0 0 0 0 0
2208 2563 2 2 0 0 0 0 0 0 0 0 0 0
2214 2563 0 0 2563 0 0 0 0 0 0 0 0 0
2215 2563 0 0 2563 0 0 0 0 0 0 0 0 0
2223 2563 0 0 0 0 0 0 0 0 0 0 0 0
2224 2563 0 0 2563 0 0 0 0 0 0 0 0 0
fl=./string/../sysdeps/x86_64/strcspn.S
fn=strcspn
25 1 1 1 0 0 0 0 0 0 0 0 0 0
27 1 0 0 0 0 0 0 0 0 0 0 0 0
34 1 0 0 0 0 0 0 0 0 0 0 0 0
35 1 1 1 0 0 0 0 0 0 0 0 0 0
37 1 0 0 0 0 0 0 0 0 0 0 0 0
38 1 0 0 0 0 0 0 0 0 0 0 0 0
39 1 0 0 0 0 0 0 0 0 0 0 0 0
40 1 0 0 0 0 0 0 0 0 0 0 0 0
41 33 0 0 0 0 0 32 4 4 32 10 0 0
44 3 0 0 0 0 0 0 0 0 0 0 0 0
51 1 0 0 1 1 1 0 0 0 0 0 0 0
52 1 0 0 0 0 0 0 0 0 0 0 0 0
53 1 0 0 0 0 0 0 0 0 1 0 0 0
54 1 0 0 0 0 0 1 0 0 0 0 0 0
56 1 0 0 1 0 0 0 0 0 0 0 0 0
57 1 0 0 0 0 0 0 0 0 0 0 0 0
58 1 0 0 0 0 0 0 0 0 1 0 0 0
59 1 0 0 0 0 0 1 0 0 0 0 0 0
61 1 0 0 1 0 0 0 0 0 0 0 0 0
62 1 0 0 0 0 0 0 0 0 0 0 0 0
63 1 0 0 0 0 0 0 0 0 1 1 0 0
72 3 1 1 0 0 0 0 0 0 0 0 0 0
84 13 0 0 0 0 0 0 0 0 0 0 0 0
86 13 0 0 13 0 0 0 0 0 0 0 0 0
87 13 0 0 13 0 0 0 0 0 0 0 0 0
88 13 0 0 0 0 0 0 0 0 13 0 0 0
90 13 0 0 13 1 1 0 0 0 0 0 0 0
91 13 0 0 13 0 0 0 0 0 0 0 0 0
92 13 0 0 0 0 0 0 0 0 13 0 0 0
94 13 0 0 13 0 0 0 0 0 0 0 0 0
95 13 0 0 13 0 0 0 0 0 0 0 0 0
96 13 0 0 0 0 0 0 0 0 13 0 0 0
98 13 0 0 13 0 0 0 0 0 0 0 0 0
99 13 0 0 13 0 0 0 0 0 0 0 0 0
100 13 0 0 0 0 0 0 0 0 13 3 0 0
102 1 0 0 0 0 0 0 0 0 0 0 0 0
103 1 0 0 0 0 0 0 0 0 0 0 0 0
104 1 0 0 0 0 0 0 0 0 0 0 0 0
106 1 0 0 0 0 0 0 0 0 0 0 0 0
113 1 0 0 0 0 0 0 0 0 0 0 0 0
117 1 0 0 1 0 0 0 0 0 0 0 0 0
fl=./string/./string/strdup.c
fn=strdup
40 30 1 1 0 0 0 12 0 0 0 0 0 0
41 12 0 0 0 0 0 6 0 0 0 0 0 0
44 12 0 0 0 0 0 0 0 0 6 0 0 0
47 24 0 0 0 0 0 0 0 0 0 0 0 0
48 18 0 0 12 0 0 0 0 0 0 0 0 0
fl=./time/../sysdeps/unix/sysv/linux/clock_gettime.c
fn=clock_gettime@@GLIBC_2.17
30 33000026 1 1 0 0 0 0 0 0 0 0 0 0
38 66000052 0 0 66000052 149 42 0 0 0 0 0 0 0
40 66000052 0 0 0 0 0 0 0 0 33000026 44925 0 0
44 33000026 0 0 0 0 0 0 0 0 0 0 0 0
68 66000052 1 1 0 0 0 0 0 0 0 0 0 0
69 66000052 0 0 0 0 0 0 0 0 33000026 43 0 0
86 33000026 0 0 33000026 0 0 0 0 0 0 0 0 0
fl=./wcsmbs/../sysdeps/x86_64/multiarch/ifunc-avx2.h
fn=wcschr
32 4 0 0 0 0 0 0 0 0 2 1 0 0
33 10 1 1 4 0 0 0 0 0 0 0 0 0
34 6 0 0 2 0 0 0 0 0 2 0 0 0
36 4 0 0 0 0 0 0 0 0 0 0 0 0
37 4 0 0 0 0 0 0 0 0 2 2 0 0
40 6 0 0 0 0 0 0 0 0 2 0 0 0
43 8 0 0 0 0 0 0 0 0 0 0 0 0
fn=wcscmp
32 2 0 0 0 0 0 0 0 0 1 1 0 0
33 5 1 1 2 0 0 0 0 0 0 0 0 0
34 3 0 0 1 0 0 0 0 0 1 0 0 0
36 2 0 0 0 0 0 0 0 0 0 0 0 0
37 2 0 0 0 0 0 0 0 0 1 1 0 0
40 3 0 0 0 0 0 0 0 0 1 0 0 0
43 4 0 0 0 0 0 0 0 0 0 0 0 0
fl=./wcsmbs/../sysdeps/x86_64/multiarch/ifunc-evex.h
fn=wmemchr
34 4 0 0 0 0 0 0 0 0 2 0 0 0
35 10 1 1 4 0 0 0 0 0 0 0 0 0
36 6 0 0 2 0 0 0 0 0 2 0 0 0
38 4 0 0 0 0 0 0 0 0 0 0 0 0
39 4 1 1 0 0 0 0 0 0 2 2 0 0
41 4 0 0 0 0 0 0 0 0 0 0 0 0
47 6 0 0 0 0 0 0 0 0 2 0 0 0
50 8 0 0 0 0 0 0 0 0 0 0 0 0
fl=./wcsmbs/../sysdeps/x86_64/multiarch/ifunc-memcmp.h
fn=wmemcmp
34 4 0 0 2 0 0 0 0 0 0 0 0 0
35 3 0 0 1 0 0 0 0 0 1 1 0 0
36 2 1 1 0 0 0 0 0 0 1 0 0 0
37 3 0 0 1 0 0 0 0 0 1 0 0 0
39 2 0 0 0 0 0 0 0 0 0 0 0 0
40 2 0 0 0 0 0 0 0 0 1 1 0 0
43 3 0 0 0 0 0 0 0 0 1 0 0 0
46 3 0 0 0 0 0 0 0 0 1 0 0 0
fl=./wcsmbs/../sysdeps/x86_64/multiarch/ifunc-wcslen.h
fn=wcslen
33 2 0 0 0 0 0 0 0 0 1 1 0 0
34 4 0 0 2 0 0 0 0 0 0 0 0 0
35 3 1 1 1 0 0 0 0 0 1 0 0 0
37 2 0 0 0 0 0 0 0 0 0 0 0 0
38 2 0 0 0 0 0 0 0 0 1 1 0 0
41 3 0 0 0 0 0 0 0 0 1 0 0 0
44 3 0 0 0 0 0 0 0 0 1 0 0 0
fn=wcsnlen
33 2 0 0 0 0 0 0 0 0 1 1 0 0
34 4 0 0 2 0 0 0 0 0 0 0 0 0
35 3 1 1 1 0 0 0 0 0 1 0 0 0
37 2 0 0 0 0 0 0 0 0 0 0 0 0
38 2 0 0 0 0 0 0 0 0 1 1 0 0
41 3 0 0 0 0 0 0 0 0 1 0 0 0
44 3 0 0 0 0 0 0 0 0 1 0 0 0
fl=./wcsmbs/../sysdeps/x86_64/multiarch/ifunc-wmemset.h
fn=wmemset
33 10 0 0 4 0 0 0 0 0 2 0 0 0
34 6 0 0 2 0 0 0 0 0 2 0 0 0
36 4 0 0 0 0 0 0 0 0 2 0 0 0
44 6 0 0 0 0 0 0 0 0 2 0 0 0
47 8 1 1 0 0 0 0 0 0 0 0 0 0
fl=./wcsmbs/../sysdeps/x86_64/multiarch/wcschr.c
fn=wcschr
31 6 2 2 2 0 0 0 0 0 0 0 0 0
fl=./wcsmbs/../sysdeps/x86_64/multiarch/wcscmp.c
fn=wcscmp
30 3 1 1 1 0 0 0 0 0 0 0 0 0
fl=./wcsmbs/../sysdeps/x86_64/multiarch/wcscpy.c
fn=wcscpy
37 5 1 1 2 0 0 0 0 0 0 0 0 0
43 2 0 0 1 0 0 0 0 0 0 0 0 0
fl=./wcsmbs/../sysdeps/x86_64/multiarch/wcslen.c
fn=wcslen
29 3 1 1 1 0 0 0 0 0 0 0 0 0
fl=./wcsmbs/../sysdeps/x86_64/multiarch/wcsnlen.c
fn=wcsnlen
29 3 2 2 1 0 0 0 0 0 0 0 0 0
fl=./wcsmbs/../sysdeps/x86_64/multiarch/wmemchr.c
fn=wmemchr
31 4 1 1 2 0 0 0 0 0 0 0 0 0
fl=./wcsmbs/../sysdeps/x86_64/multiarch/wmemcmp.c
fn=wmemcmp
29 3 2 2 1 0 0 0 0 0 0 0 0 0
fl=./wcsmbs/../sysdeps/x86_64/multiarch/wmemset.c
fn=wmemset
31 4 1 1 2 0 0 0 0 0 0 0 0 0
fl=/mnt/c/Personal/Projects/OrderManager/profiling/../include/Orderbook.h
fn=Orderbook::cancel(unsigned long)
96 132083985 2 2 12007635 0 0 84053445 0 0 0 0 0 0
98 24015270 1 1 0 0 0 0 0 0 2551215 16 0 0
102 15307290 0 0 7653645 1251007 28717 2551215 0 0 2551215 1274083 0 0
104 132083985 1 1 108068715 0 0 0 0 0 12007635 5 0 0
298 5102430 0 0 5102430 2314660 37240 0 0 0 0 0 0 0
301 2551215 0 0 0 0 0 0 0 0 0 0 0 0
303 5102430 0 0 2551215 0 0 0 0 0 2551215 5953 0 0
fn=Orderbook::restOrder(Order&)
275 145619370 1 1 11201490 0 0 78410430 0 0 0 0 0 0
278 22402980 1 1 11201490 0 0 0 0 0 11201490 534997 0 0
280 22402980 0 0 22402980 0 0 0 0 0 0 0 0 0
281 123216390 0 0 100813410 166 25 0 0 0 11201490 0 0 0
287 22402980 0 0 22402980 557871 2 0 0 0 0 0 0 0
fn=void Orderbook::add<run_once(std::vector<Op, std::allocator<Op> > const&)::{lambda(Fill const&)#1}&>(unsigned long, unsigned long, unsigned int, Side, run_once(std::vector<Op, std::allocator<Op> > const&)::{lambda(Fill const&)#1}&) [clone .isra.0]
27 71969460 1 1 0 0 0 71969460 0 0 0 0 0 0
79 233900745 2 2 17992365 0 0 125946555 0 0 0 0 0 0
92 44805960 2 2 0 0 0 11201490 0 0 0 0 0 0
94 197916015 1 1 161931285 165 23 0 0 0 17992365 251 0 0
222 44982660 0 0 0 0 0 0 0 0 17992365 8993176 0 0
224 59640090 1 1 17778675 37 7 0 0 0 26776605 74517 0 0
227 35075070 0 0 23383380 3216 0 0 0 0 11691690 5204261 0 0
229 6086880 0 0 0 0 0 0 0 0 0 0 0 0
231 12173760 0 0 0 0 0 0 0 0 6086880 20418 0 0
238 59670270 1 1 17791875 36 0 0 0 0 26786310 93385 0 0
241 35081550 0 0 23387700 3338 0 0 0 0 11693850 4766918 0 0
243 6097650 2 2 0 0 0 0 0 0 0 0 0 0
245 12195300 0 0 0 0 0 0 0 0 6097650 20295 0 0
256 77174700 1 1 7385670 0 0 0 0 0 19570200 3817114 0 0
260 21270945 0 0 0 0 0 14030910 0 0 0 0 0 0
261 20821785 2 2 0 0 0 14030910 0 0 0 0 0 0
262 42092730 0 0 14030910 77509 0 14030910 0 0 0 0 0 0
266 13581750 0 0 0 0 0 0 0 0 6790875 305500 0 0
267 7385670 0 0 0 0 0 0 0 0 0 0 0 0
fl=/mnt/c/Personal/Projects/OrderManager/profiling/benchmark.cpp
fn=clock_overhead_ns()
93 6 0 0 0 0 0 3 0 0 0 0 0 0
95 2 0 0 1 0 0 1 0 0 0 0 0 0
96 10 0 0 0 0 0 0 0 0 5 3 0 0
97 15 0 0 0 0 0 5 0 0 0 0 0 0
98 10000005 0 0 0 0 0 0 0 0 5000000 10 0 0
99 5000000 1 1 0 0 0 5000000 0 0 0 0 0 0
102 5 0 0 0 0 0 5 0 0 0 0 0 0
103 5 0 0 5 0 0 0 0 0 0 0 0 0
106 5 0 0 4 0 0 0 0 0 0 0 0 0
fn=generate_workload(unsigned long)
22 13 2 2 1 0 0 8 1 0 0 0 0 0
30 1 0 0 0 0 0 1 0 0 0 0 0 0
32 6000004 0 0 2000001 0 0 0 0 0 2000001 34 0 0
34 5601020 1 1 0 0 0 0 0 0 2800510 923583 0 0
35 5997455 2 2 1199491 0 0 0 0 0 1199491 0 0 0
36 1199491 0 0 1199491 0 0 0 0 0 0 0 0 0
37 20391347 2 2 0 0 0 2398982 0 0 0 0 0 0
38 5997455 0 0 1199491 0 0 4797964 0 0 0 0 0 0
40 4798004 1 1 1199511 0 0 2398982 0 0 0 0 0 0
42 3202036 0 0 0 0 0 800509 0 0 0 0 0 0
43 4803054 1 1 800509 772078 382 4002545 0 0 0 0 0 0
44 1601018 0 0 800509 0 0 800509 0 0 0 0 0 0
49 12 0 0 9 2 2 0 0 0 1 0 0 0
fn=main
108 9 1 1 1 0 0 5 0 0 0 0 0 0
110 4 0 0 0 0 0 1 0 0 0 0 0 0
112 3 1 1 0 0 0 1 0 0 0 0 0 0
114 3 0 0 1 1 1 1 1 1 0 0 0 0
115 14 0 0 0 0 0 0 0 0 7 6 0 0
116 14 0 0 0 0 0 7 0 0 0 0 0 0
119 2 0 0 1 1 1 0 0 0 0 0 0 0
122 1 0 0 0 0 0 1 0 0 0 0 0 0
125 2 0 0 0 0 0 1 0 0 0 0 0 0
126 2 0 0 1 0 0 1 0 0 0 0 0 0
129 14 0 0 0 0 0 0 0 0 7 1 0 0
130 35 1 1 14 14 14 7 0 0 0 0 0 0
131 42 0 0 7 0 0 0 0 0 7 2 0 0
132 42 0 0 7 0 0 0 0 0 7 0 0 0
140 10 0 0 7 1 1 0 0 0 1 1 0 0
fn=run_once(std::vector<Op, std::allocator<Op> > const&)
51 88 1 1 8 0 0 48 0 0 0 0 0 0
54 16 0 0 0 0 0 8 0 0 0 0 0 0
55 48000016 0 0 0 0 0 0 0 0 16000008 25 0 0
56 48000000 0 0 16000000 3202281 3202216 0 0 0 16000000 7408485 0 0
57 63979640 1 1 44787784 4797792 4797792 9595928 0 0 0 0 0 0
59 12808144 0 0 0 0 0 6404072 0 0 0 0 0 0
63 8 0 0 0 0 0 8 0 0 0 0 0 0
65 88 0 0 64 8 8 0 0 0 8 0 0 0
fn=run_split(std::vector<Op, std::allocator<Op> > const&)
10 5603563 0 0 0 0 0 0 0 0 0 0 0 0
72 84 1 1 7 0 0 49 0 0 0 0 0 0
75 28 0 0 0 0 0 28 1 1 0 0 0 0
76 42000028 0 0 0 0 0 0 0 0 14000007 13 0 0
77 28000000 1 1 0 0 0 14000000 0 0 0 0 0 0
78 42000000 0 0 14000000 2801960 2801939 0 0 0 14000000 6464844 0 0
79 50378622 1 1 33585748 4198068 4198068 8396437 0 0 0 0 0 0
81 16810689 0 0 5603563 0 0 5603563 0 0 0 0 0 0
84 14000000 0 0 0 0 0 14000000 0 0 0 0 0 0
86 67189311 0 0 30792874 108 7 8396437 0 0 14000000 3507905 0 0
87 16810689 1 1 11207126 56 7 5603563 0 0 0 0 0 0
90 84 0 0 63 14 7 0 0 0 7 0 0 0
fl=/usr/include/c++/11/bits/alloc_traits.h
fn=void std::vector<unsigned long, std::allocator<unsigned long> >::_M_realloc_insert<unsigned long const&>(__gnu_cxx::__normal_iterator<unsigned long*, std::vector<unsigned long, std::allocator<unsigned long> > >, unsigned long const&)
496 19 0 0 0 0 0 0 0 0 0 0 0 0
fl=/usr/include/c++/11/bits/hashtable.h
fn=Orderbook::cancel(unsigned long)
795 12007635 0 0 12007635 0 0 0 0 0 0 0 0 0
812 2551215 1 1 2551215 0 0 0 0 0 0 0 0 0
938 5102430 1 1 0 0 0 2551215 0 0 0 0 0 0
1833 24015270 0 0 24015270 11505310 0 0 0 0 0 0 0 0
1834 24015270 0 0 0 0 0 0 0 0 12007635 5469197 0 0
1837 21229695 0 0 7076565 6869777 0 0 0 0 0 0 0 0
1843 35561490 0 0 6681330 0 0 0 0 0 13362090 2808747 0 0
fn=Orderbook::restOrder(Order&)
795 11201490 0 0 11201490 1 0 0 0 0 0 0 0 0
1833 33604470 0 0 22402980 4 0 0 0 0 0 0 0 0
1834 22402980 0 0 0 0 0 0 0 0 11201490 5718425 0 0
1837 5442945 0 0 5442945 0 0 0 0 0 0 0 0 0
1843 37335615 0 0 7130040 0 0 0 0 0 14259240 2003622 0 0
1890 56007645 0 0 22402980 72 0 0 0 0 11201490 573190 0 0
1894 10885800 0 0 5442900 43 0 5442900 59 0 0 0 0 0
1895 10885800 0 0 5442900 0 0 5442900 0 0 0 0 0 0
1902 11517180 0 0 5758590 0 0 5758590 50 0 0 0 0 0
1903 5758590 0 0 0 0 0 5758590 0 0 0 0 0 0
1905 11517180 0 0 0 0 0 0 0 0 5758590 90 0 0
1908 5758515 0 0 0 0 0 5758515 4 0 0 0 0 0
1910 17275770 1 1 0 0 0 5758590 0 0 0 0 0 0
2014 22402980 0 0 11201490 0 0 11201490 1 0 0 0 0 0
2016 56007450 0 0 11201490 0 0 11201490 0 0 0 0 0 0
2019 22402980 0 0 0 0 0 0 0 0 11201490 110 0 0
2021 390 0 0 0 0 0 195 0 0 0 0 0 0
2029 11201490 1 1 11201490 0 0 0 0 0 0 0 0 0
fn=run_once(std::vector<Op, std::allocator<Op> > const&)
446 16 0 0 0 0 0 0 0 0 8 0 0 0
454 16 0 0 16 8 0 0 0 0 0 0 0 0
463 8 0 0 8 0 0 0 0 0 0 0 0 0
528 40 1 1 0 0 0 32 0 0 0 0 0 0
2321 40 0 0 16 8 8 8 0 0 0 0 0 0
2323 8 1 1 0 0 0 8 0 0 0 0 0 0
2324 8 0 0 0 0 0 8 0 0 0 0 0 0
fn=run_split(std::vector<Op, std::allocator<Op> > const&)
446 14 0 0 0 0 0 0 0 0 7 0 0 0
454 14 0 0 14 7 0 0 0 0 0 0 0 0
463 7 0 0 7 0 0 0 0 0 0 0 0 0
528 35 0 0 0 0 0 28 0 0 0 0 0 0
2321 35 1 1 14 7 7 7 0 0 0 0 0 0
2323 7 0 0 0 0 0 7 0 0 0 0 0 0
2324 7 0 0 0 0 0 7 0 0 0 0 0 0
fn=std::_Hashtable<unsigned long, std::pair<unsigned long const, OrderLocation>, std::allocator<std::pair<unsigned long const, OrderLocation> >, std::__detail::_Select1st, std::equal_to<unsigned long>, std::hash<unsigned long>, std::__detail::_Mod_range_hashing, std::__detail::_Default_ranged_hash, std::__detail::_Prime_rehash_policy, std::__detail::_Hashtable_traits<false, false, true> >::_M_erase(std::integral_constant<bool, true>, unsigned long const&) [clone .isra.0]
795 9936885 0 0 9936885 0 0 0 0 0 0 0 0 0
1833 29810655 0 0 19873770 941857 0 0 0 0 0 0 0 0
1834 19873770 1 1 0 0 0 0 0 0 9936885 1 0 0
1837 29810655 0 0 9936885 1070668 0 0 0 0 0 0 0 0
1843 4867020 0 0 811170 0 0 0 0 0 1622340 656 0 0
1924 18512160 0 0 0 0 0 0 0 0 9256080 4159076 0 0
1929 5139480 0 0 0 0 0 5139480 1374158 0 0 0 0 0
1932 20559765 0 0 5139480 0 0 0 0 0 5140095 955843 0 0
1933 1616700 1 1 0 0 0 808350 0 0 0 0 0 0
1934 5140095 0 0 0 0 0 5140095 0 0 0 0 0 0
1936 5141325 0 0 0 0 0 0 0 0 0 0 0 0
2171 19873770 0 0 0 0 0 0 0 0 9936885 18 0 0
2172 18513390 1 1 0 0 0 0 0 0 9256695 705 0 0
2173 9936885 1 1 9936885 0 0 0 0 0 0 0 0 0
2174 1360380 0 0 0 0 0 0 0 0 680190 120 0 0
2177 1360140 0 0 0 0 0 0 0 0 680070 190725 0 0
2178 565710 0 0 0 0 0 565710 478037 0 0 0 0 0
2181 15642690 0 0 5705805 0 0 9936885 0 0 0 0 0 0
2184 9936885 0 0 9936885 0 0 0 0 0 0 0 0 0
2194 29810655 0 0 0 0 0 29810655 0 0 0 0 0 0
2208 9936885 0 0 9936885 0 0 0 0 0 0 0 0 0
2211 39747540 0 0 39747540 0 0 0 0 0 0 0 0 0
fn=std::_Hashtable<unsigned long, std::pair<unsigned long const, OrderLocation>, std::allocator<std::pair<unsigned long const, OrderLocation> >, std::__detail::_Select1st, std::equal_to<unsigned long>, std::hash<unsigned long>, std::__detail::_Mod_range_hashing, std::__detail::_Default_ranged_hash, std::__detail::_Prime_rehash_policy, std::__detail::_Hashtable_traits<false, false, true> >::_M_rehash(unsigned long, unsigned long const&)
434 390 0 0 0 0 0 0 0 0 195 0 0 0
437 195 0 0 0 0 0 0 0 0 0 0 0 0
446 390 0 0 0 0 0 0 0 0 195 3 0 0
454 390 2 2 390 0 0 0 0 0 0 0 0 0
463 195 0 0 195 81 16 0 0 0 0 0 0 0
2355 1560 1 1 0 0 0 780 0 0 0 0 0 0
2370 1170 0 0 975 108 16 0 0 0 0 0 0 0
2384 195 0 0 0 0 0 195 0 0 0 0 0 0
2385 195 0 0 0 0 0 0 0 0 0 0 0 0
2386 2480010 0 0 0 0 0 0 0 0 1239915 189 0 0
2391 4958880 0 0 1239720 987586 0 0 0 0 1239720 248401 0 0
2393 2058840 0 0 1029420 0 0 1029420 0 0 0 0 0 0
2394 1029420 0 0 0 0 0 1029420 0 0 0 0 0 0
2395 1029615 0 0 0 0 0 1029420 0 0 0 0 0 0
2396 2058840 0 0 1029420 0 0 0 0 0 1029420 6 0 0
2397 1029240 0 0 0 0 0 1029240 0 0 0 0 0 0
2398 2058660 0 0 0 0 0 0 0 0 0 0 0 0
2402 420600 0 0 210300 191281 0 210300 0 0 0 0 0 0
2403 420600 0 0 210300 0 0 210300 0 0 0 0 0 0
2410 195 0 0 0 0 0 195 0 0 0 0 0 0
2411 195 2 2 0 0 0 195 0 0 0 0 0 0
fn=void Orderbook::add<run_once(std::vector<Op, std::allocator<Op> > const&)::{lambda(Fill const&)#1}&>(unsigned long, unsigned long, unsigned int, Side, run_once(std::vector<Op, std::allocator<Op> > const&)::{lambda(Fill const&)#1}&) [clone .isra.0]
795 17992365 0 0 17992365 0 0 0 0 0 0 0 0 0
938 14771340 0 0 0 0 0 7385670 0 0 0 0 0 0
1833 35984730 0 0 35984730 2179650 0 0 0 0 0 0 0 0
1834 35984730 0 0 0 0 0 0 0 0 17992365 8560728 0 0
1837 17492220 0 0 8746110 6837020 0 0 0 0 0 0 0 0
1843 59968650 0 0 11452905 0 0 0 0 0 22904475 3256518 0 0
fl=/usr/include/c++/11/bits/hashtable_policy.h
fn=Orderbook::cancel(unsigned long)
430 62745945 0 0 0 0 0 0 0 0 0 0 0 0
1219 6680760 0 0 6680760 6497229 0 0 0 0 0 0 0 0
1617 18465090 0 0 0 0 0 0 0 0 9232545 3071551 0 0
fn=Orderbook::restOrder(Order&)
219 11201490 1 1 0 0 0 11201490 0 0 0 0 0 0
430 90598890 1 1 11517225 6 0 0 0 0 0 0 0 0
1219 7129200 0 0 7129200 0 0 0 0 0 0 0 0 0
1617 14260080 0 0 0 0 0 0 0 0 7130040 65 0 0
fn=run_once(std::vector<Op, std::allocator<Op> > const&)
219 8 0 0 0 0 0 8 0 0 0 0 0 0
282 674456 1 1 0 0 0 0 0 0 0 0 0 0
283 674456 0 0 674456 667128 2 0 0 0 0 0 0 0
447 16 0 0 0 0 0 16 0 0 0 0 0 0
1912 1348936 0 0 0 0 0 0 0 0 674464 9 0 0
fn=run_split(std::vector<Op, std::allocator<Op> > const&)
219 7 0 0 0 0 0 7 0 0 0 0 0 0
282 590149 0 0 0 0 0 0 0 0 0 0 0 0
283 590149 0 0 590149 583660 5 0 0 0 0 0 0 0
447 14 1 1 0 0 0 14 0 0 0 0 0 0
1912 1180319 0 0 0 0 0 0 0 0 590156 21 0 0
fn=std::_Hashtable<unsigned long, std::pair<unsigned long const, OrderLocation>, std::allocator<std::pair<unsigned long const, OrderLocation> >, std::__detail::_Select1st, std::equal_to<unsigned long>, std::hash<unsigned long>, std::__detail::_Mod_range_hashing, std::__detail::_Default_ranged_hash, std::__detail::_Prime_rehash_policy, std::__detail::_Hashtable_traits<false, false, true> >::_M_erase(std::integral_constant<bool, true>, unsigned long const&) [clone .isra.0]
430 62863785 0 0 9936150 3548607 0 0 0 0 0 0 0 0
1219 10748055 0 0 10748055 88515 0 0 0 0 0 0 0 0
1617 21496110 0 0 0 0 0 0 0 0 10748055 962345 0 0
fn=std::_Hashtable<unsigned long, std::pair<unsigned long const, OrderLocation>, std::allocator<std::pair<unsigned long const, OrderLocation> >, std::__detail::_Select1st, std::equal_to<unsigned long>, std::hash<unsigned long>, std::__detail::_Mod_range_hashing, std::__detail::_Default_ranged_hash, std::__detail::_Prime_rehash_policy, std::__detail::_Hashtable_traits<false, false, true> >::_M_rehash(unsigned long, unsigned long const&)
282 1239720 0 0 0 0 0 0 0 0 0 0 0 0
283 1239720 0 0 1239720 1218756 6 0 0 0 0 0 0 0
430 3719160 0 0 1239720 0 0 0 0 0 0 0 0 0
1929 780 0 0 0 0 0 195 0 0 0 0 0 0
fn=void Orderbook::add<run_once(std::vector<Op, std::allocator<Op> > const&)::{lambda(Fill const&)#1}&>(unsigned long, unsigned long, unsigned int, Side, run_once(std::vector<Op, std::allocator<Op> > const&)::{lambda(Fill const&)#1}&) [clone .isra.0]
430 99783375 0 0 0 0 0 0 0 0 0 0 0 0
1219 11451570 0 0 11451570 6089636 0 0 0 0 0 0 0 0
1617 22905810 0 0 0 0 0 0 0 0 11452905 110 0 0
fl=/usr/include/c++/11/bits/list.tcc
fn=Orderbook::cancel(unsigned long)
70 6270 0 0 6270 0 0 0 0 0 0 0 0 0
71 18810 0 0 0 0 0 0 0 0 6270 180 0 0
fn=run_once(std::vector<Op, std::allocator<Op> > const&)
70 104 0 0 104 71 2 0 0 0 0 0 0 0
71 192920 1 1 0 0 0 0 0 0 64272 116 0 0
74 64168 0 0 64168 63953 517 0 0 0 0 0 0 0
fn=run_split(std::vector<Op, std::allocator<Op> > const&)
70 91 0 0 91 63 2 0 0 0 0 0 0 0
71 168805 1 1 0 0 0 0 0 0 56238 96 0 0
74 56147 0 0 56147 55966 465 0 0 0 0 0 0 0
fn=std::_Rb_tree<unsigned long, std::pair<unsigned long const, Level>, std::_Select1st<std::pair<unsigned long const, Level> >, std::greater<unsigned long>, std::allocator<std::pair<unsigned long const, Level> > >::_M_erase(std::_Rb_tree_node<std::pair<unsigned long const, Level> >*) [clone .isra.0]
70 990 4 4 990 393 0 0 0 0 0 0 0 0
71 1741965 2 2 25125 0 0 0 0 0 572280 1077 0 0
74 571320 1 1 571290 569378 2332 30 0 0 0 0 0 0
fn=std::_Rb_tree<unsigned long, std::pair<unsigned long const, Level>, std::_Select1st<std::pair<unsigned long const, Level> >, std::less<unsigned long>, std::allocator<std::pair<unsigned long const, Level> > >::_M_erase(std::_Rb_tree_node<std::pair<unsigned long const, Level> >*) [clone .isra.0]
70 1125 7 7 1125 451 0 0 0 0 0 0 0 0
71 1737825 3 3 15420 0 0 0 0 0 574125 1270 0 0
74 573105 0 0 573000 571276 7496 105 0 0 0 0 0 0
fn=void Orderbook::add<run_once(std::vector<Op, std::allocator<Op> > const&)::{lambda(Fill const&)#1}&>(unsigned long, unsigned long, unsigned int, Side, run_once(std::vector<Op, std::allocator<Op> > const&)::{lambda(Fill const&)#1}&) [clone .isra.0]
70 5498880 0 0 5498880 0 0 0 0 0 0 0 0 0
71 16496640 0 0 0 0 0 0 0 0 5498880 260 0 0
157 7385670 0 0 7385670 62192 1 0 0 0 0 0 0 0
fl=/usr/include/c++/11/bits/random.h
fn=generate_workload(unsigned long)
2027 2 0 0 0 0 0 1 0 0 0 0 0 0
fl=/usr/include/c++/11/bits/random.tcc
fn=generate_workload(unsigned long)
327 2 0 0 0 0 0 1 1 0 0 0 0 0
330 935 0 0 0 0 0 0 0 0 311 10 0 0
332 310 0 0 310 0 0 0 0 0 0 0 0 0
333 933 0 0 0 0 0 0 0 0 0 0 0 0
334 313 1 1 0 0 0 0 0 0 0 0 0 0
335 622 0 0 0 0 0 311 2 0 0 0 0 0
339 1 0 0 0 0 0 1 0 0 0 0 0 0
1811 3598474 0 0 599746 5 1 0 0 0 1199491 686904 0 0
1813 1799235 0 0 0 0 0 599745 0 0 0 0 0 0
1821 3814785 1 1 0 0 0 1525914 0 0 0 0 0 0
1822 2288871 0 0 0 0 0 0 0 0 0 0 0 0
1823 5014275 1 1 1199490 3 1 0 0 0 0 0 0 0
1825 3924898 1 1 0 0 0 0 0 0 1362703 188228 0 0
1827 9595936 1 1 2998730 0 0 2998730 0 0 599746 0 0 0
1828 1199492 0 0 0 0 0 599746 0 0 0 0 0 0
1829 599746 0 0 0 0 0 0 0 0 0 0 0 0
1830 1199492 1 1 0 0 0 599746 0 0 0 0 0 0
1833 4797964 0 0 3598473 8 2 0 0 0 0 0 0 0
3366 19839642 4 4 2288871 0 0 2288871 0 0 1525914 763136 0 0
3369 1525914 0 0 1525914 0 0 0 0 0 0 0 0 0
3370 3051828 0 0 0 0 0 0 0 0 1525914 0 0 0
fn=std::mersenne_twister_engine<unsigned long, 64ul, 312ul, 156ul, 31ul, 13043109905998158313ul, 29ul, 6148914691236517205ul, 17ul, 8202884508482404352ul, 37ul, 18444473444759240704ul, 43ul, 6364136223846793005ul>::_M_gen_rand()
394 129336 1 1 0 0 0 0 0 0 0 0 0 0
401 10109764 0 0 0 0 0 0 0 0 3362736 21624 0 0
403 10088208 0 0 3362736 0 0 0 0 0 0 0 0 0
404 6725472 0 0 3362736 97 18 0 0 0 0 0 0 0
405 13450944 1 1 3362736 18 0 3362736 0 0 0 0 0 0
406 8428622 0 0 0 0 0 0 0 0 3362736 1682460 0 0
409 10023540 0 0 0 0 0 0 0 0 3341180 21682 0 0
411 10023540 1 1 3341180 0 0 0 0 0 0 0 0 0
412 6682360 0 0 3341180 0 0 0 0 0 0 0 0 0
413 13364720 0 0 3341180 0 0 3341180 0 0 0 0 0 0
414 8395384 0 0 0 0 0 0 0 0 3341180 1669216 0 0
417 64668 0 0 21556 0 0 0 0 0 0 0 0 0
418 43112 1 1 21556 0 0 0 0 0 0 0 0 0
419 86224 0 0 21556 0 0 21556 0 0 0 0 0 0
420 64828 0 0 0 0 0 0 0 0 21556 10928 0 0
421 21556 0 0 0 0 0 21556 0 0 0 0 0 0
422 21556 0 0 21556 0 0 0 0 0 0 0 0 0
fn=std::mersenne_twister_engine<unsigned long, 64ul, 312ul, 156ul, 31ul, 13043109905998158313ul, 29ul, 6148914691236517205ul, 17ul, 8202884508482404352ul, 37ul, 18444473444759240704ul, 43ul, 6364136223846793005ul>::operator()()
450 20176215 1 1 0 0 0 6725405 0 0 0 0 0 0
455 20176215 0 0 6725405 7 1 0 0 0 6725405 21562 0 0
456 21556 1 1 0 0 0 21556 0 0 0 0 0 0
459 20219327 0 0 6746961 153 20 6725405 0 0 0 0 0 0
460 33627025 0 0 0 0 0 0 0 0 0 0 0 0
461 33627025 1 1 0 0 0 0 0 0 0 0 0 0
462 33627025 0 0 0 0 0 0 0 0 0 0 0 0
463 20176215 0 0 0 0 0 0 0 0 0 0 0 0
466 13450810 0 0 13450810 0 0 0 0 0 0 0 0 0
fl=/usr/include/c++/11/bits/stl_algobase.h
fn=clock_overhead_ns()
236 10 0 0 5 0 0 5 0 0 0 0 0 0
fn=generate_workload(unsigned long)
259 2398982 0 0 0 0 0 0 0 0 1199491 8 0 0
fn=main
236 42 0 0 21 7 7 21 0 0 0 0 0 0
fn=void Orderbook::add<run_once(std::vector<Op, std::allocator<Op> > const&)::{lambda(Fill const&)#1}&>(unsigned long, unsigned long, unsigned int, Side, run_once(std::vector<Op, std::allocator<Op> > const&)::{lambda(Fill const&)#1}&) [clone .isra.0]
235 42092730 0 0 14030910 713488 83 0 0 0 14030910 6630423 0 0
fl=/usr/include/c++/11/bits/stl_function.h
fn=Orderbook::cancel(unsigned long)
370 7076565 0 0 7076565 6868966 0 0 0 0 0 0 0 0
fn=Orderbook::restOrder(Order&)
370 5442945 2 2 5442945 0 0 0 0 0 0 0 0 0
390 5604810 0 0 5604810 0 0 0 0 0 0 0 0 0
400 5596485 0 0 5596485 0 0 0 0 0 0 0 0 0
1175 5507460 1 1 0 0 0 0 0 0 0 0 0 0
fn=std::_Hashtable<unsigned long, std::pair<unsigned long const, OrderLocation>, std::allocator<std::pair<unsigned long const, OrderLocation> >, std::__detail::_Select1st, std::equal_to<unsigned long>, std::hash<unsigned long>, std::__detail::_Mod_range_hashing, std::__detail::_Default_ranged_hash, std::__detail::_Prime_rehash_policy, std::__detail::_Hashtable_traits<false, false, true> >::_M_erase(std::integral_constant<bool, true>, unsigned long const&) [clone .isra.0]
370 19873770 0 0 9936885 850768 0 0 0 0 0 0 0 0
fn=std::_Rb_tree<unsigned long, std::pair<unsigned long const, Level>, std::_Select1st<std::pair<unsigned long const, Level> >, std::greater<unsigned long>, std::allocator<std::pair<unsigned long const, Level> > >::_M_get_insert_hint_unique_pos(std::_Rb_tree_const_iterator<std::pair<unsigned long const, Level> >, unsigned long const&)
390 5511000 0 0 2755500 0 0 0 0 0 0 0 0 0
fn=std::_Rb_tree<unsigned long, std::pair<unsigned long const, Level>, std::_Select1st<std::pair<unsigned long const, Level> >, std::less<unsigned long>, std::allocator<std::pair<unsigned long const, Level> > >::_M_get_insert_hint_unique_pos(std::_Rb_tree_const_iterator<std::pair<unsigned long const, Level> >, unsigned long const&)
400 5501130 0 0 2750565 0 0 0 0 0 0 0 0 0
fn=void Orderbook::add<run_once(std::vector<Op, std::allocator<Op> > const&)::{lambda(Fill const&)#1}&>(unsigned long, unsigned long, unsigned int, Side, run_once(std::vector<Op, std::allocator<Op> > const&)::{lambda(Fill const&)#1}&) [clone .isra.0]
370 8746110 0 0 8746110 3698485 0 0 0 0 0 0 0 0
fl=/usr/include/c++/11/bits/stl_iterator.h
fn=generate_workload(unsigned long)
1028 1601020 0 0 1601020 0 0 0 0 0 0 0 0 0
fn=run_once(std::vector<Op, std::allocator<Op> > const&)
1028 16 0 0 16 0 0 0 0 0 0 0 0 0
fn=run_split(std::vector<Op, std::allocator<Op> > const&)
1028 14 0 0 14 0 0 0 0 0 0 0 0 0
fn=void std::vector<unsigned long, std::allocator<unsigned long> >::_M_realloc_insert<unsigned long const&>(__gnu_cxx::__normal_iterator<unsigned long*, std::vector<unsigned long, std::allocator<unsigned long> > >, unsigned long const&)
1271 60 0 0 0 0 0 0 0 0 0 0 0 0
fl=/usr/include/c++/11/bits/stl_list.h
fn=Orderbook::cancel(unsigned long)
411 2551215 0 0 2551215 355612 9 0 0 0 0 0 0 0
1923 5102430 2 2 0 0 0 2551215 0 0 0 0 0 0
fn=Orderbook::restOrder(Order&)
152 16522380 1 1 0 0 0 11014920 0 0 0 0 0 0
235 11201490 0 0 11201490 0 0 0 0 0 0 0 0 0
409 11201490 0 0 11201490 0 0 0 0 0 0 0 0 0
1913 33604470 0 0 0 0 0 22402980 67425 0 0 0 0 0
fn=void Orderbook::add<run_once(std::vector<Op, std::allocator<Op> > const&)::{lambda(Fill const&)#1}&>(unsigned long, unsigned long, unsigned int, Side, run_once(std::vector<Op, std::allocator<Op> > const&)::{lambda(Fill const&)#1}&) [clone .isra.0]
411 7385670 0 0 7385670 0 0 0 0 0 0 0 0 0
947 12184530 0 0 12184530 0 0 0 0 0 0 0 0 0
1057 12184530 0 0 12184530 0 0 0 0 0 0 0 0 0
1923 14771340 0 0 0 0 0 7385670 0 0 0 0 0 0
fl=/usr/include/c++/11/bits/stl_map.h
fn=Orderbook::restOrder(Order&)
499 44802780 0 0 11200095 0 0 0 0 0 22401390 3112710 0 0
501 2751315 0 0 0 0 0 0 0 0 0 0 0 0
507 5694030 0 0 0 0 0 0 0 0 0 0 0 0
fl=/usr/include/c++/11/bits/stl_pair.h
fn=Orderbook::restOrder(Order&)
353 56007450 0 0 11201490 1 0 44805960 278307 65 0 0 0 0
fl=/usr/include/c++/11/bits/stl_tree.h
fn=Orderbook::cancel(unsigned long)
208 30 0 0 0 0 0 30 0 0 0 0 0 0
209 30 0 0 0 0 0 30 0 0 0 0 0 0
210 30 0 0 0 0 0 30 0 0 0 0 0 0
211 30 0 0 0 0 0 30 0 0 0 0 0 0
373 6270 0 0 0 0 0 0 0 0 0 0 0 0
376 18810 0 0 0 0 0 6270 0 0 0 0 0 0
735 2557515 1 1 2557515 0 0 0 0 0 0 0 0 0
750 5108730 0 0 0 0 0 6300 0 0 0 0 0 0
780 15992625 1 1 15974415 1402093 5 0 0 0 0 0 0 0
788 15985485 2 2 15979185 0 0 0 0 0 0 0 0 0
1254 30 1 1 0 0 0 30 0 0 0 0 0 0
1256 30 0 0 0 0 0 0 0 0 0 0 0 0
1904 37029555 1 1 0 0 0 0 0 0 18512655 2531732 0 0
1905 40696410 0 0 15955140 365873 0 0 0 0 15955140 6120316 0 0
1906 8786130 0 0 0 0 0 0 0 0 0 0 0 0
1908 7169010 2 2 0 0 0 0 0 0 0 0 0 0
1936 23010 1 1 0 0 0 0 0 0 10170 3968 0 0
1937 11610 0 0 3870 279 0 3870 0 0 3870 1578 0 0
1938 3870 0 0 0 0 0 0 0 0 0 0 0 0
1971 71160 0 0 0 0 0 0 0 0 29280 3285 0 0
1973 58560 2 2 29280 0 0 0 0 0 29280 10315 0 0
1975 24510 0 0 0 0 0 9105 0 0 15405 5281 0 0
2485 25080 1 1 0 0 0 6270 0 0 0 0 0 0
2488 9000 0 0 6270 0 0 0 0 0 0 0 0 0
2497 14265 1 1 6960 0 0 0 0 0 6960 565 0 0
2500 32160 1 1 12540 0 0 0 0 0 12540 1309 0 0
2525 6383790 0 0 2551215 0 0 0 0 0 0 0 0 0
2526 5102430 0 0 0 0 0 0 0 0 2551215 0 0 0
fn=Orderbook::restOrder(Order&)
735 11201490 0 0 11201490 0 0 0 0 0 0 0 0 0
750 33604470 1 1 0 0 0 0 0 0 0 0 0 0
780 69833025 0 0 69833025 2153629 95 0 0 0 0 0 0 0
788 69833025 0 0 69833025 0 0 0 0 0 0 0 0 0
1904 162069030 0 0 0 0 0 0 0 0 81034515 11786652 0 0
1905 193816485 0 0 69833025 578515 18 0 0 0 69833025 18389085 0 0
1906 54150435 0 0 0 0 0 0 0 0 0 0 0 0
1908 15682590 0 0 0 0 0 0 0 0 0 0 0 0
2333 25464045 0 0 3449625 0 0 0 0 0 8957085 82119 0 0
2334 5628840 0 0 1407210 0 0 0 0 0 0 0 0 0
2337 16522380 1 1 0 0 0 5507460 0 0 0 0 0 0
2339 5507460 1 1 5507460 0 0 0 0 0 0 0 0 0
2340 11014920 0 0 0 0 0 0 0 0 0 0 0 0
2435 19278525 0 0 0 0 0 5507460 0 0 0 0 0 0
2437 11014920 0 0 0 0 0 0 0 0 5507460 48821 0 0
fn=run_once(std::vector<Op, std::allocator<Op> > const&)
175 16 0 0 0 0 0 16 0 0 0 0 0 0
208 16 0 0 0 0 0 16 0 0 0 0 0 0
209 40 0 0 0 0 0 16 7 0 0 0 0 0
210 16 1 1 0 0 0 16 7 0 0 0 0 0
211 16 1 1 0 0 0 16 0 0 0 0 0 0
735 16 0 0 16 16 8 0 0 0 0 0 0 0
780 104 0 0 104 12 0 0 0 0 0 0 0 0
1887 240 0 0 0 0 0 0 0 0 120 33 0 0
1889 312 1 1 104 103 20 104 0 0 0 0 0 0
fn=run_split(std::vector<Op, std::allocator<Op> > const&)
175 14 1 1 0 0 0 14 0 0 0 0 0 0
208 14 0 0 0 0 0 14 0 0 0 0 0 0
209 28 0 0 0 0 0 14 0 0 0 0 0 0
210 14 1 1 0 0 0 14 6 0 0 0 0 0
211 14 0 0 0 0 0 14 0 0 0 0 0 0
735 14 0 0 14 7 7 0 0 0 0 0 0 0
780 91 0 0 91 15 0 0 0 0 0 0 0 0
1887 210 1 1 0 0 0 0 0 0 105 30 0 0
1889 273 0 0 91 91 9 91 0 0 0 0 0 0
fn=std::_Rb_tree<unsigned long, std::pair<unsigned long const, Level>, std::_Select1st<std::pair<unsigned long const, Level> >, std::greater<unsigned long>, std::allocator<std::pair<unsigned long const, Level> > >::_M_erase(std::_Rb_tree_node<std::pair<unsigned long const, Level> >*) [clone .isra.0]
780 1185 4 4 1170 102 0 15 0 0 0 0 0 0
788 1170 1 1 1170 985 0 0 0 0 0 0 0 0
1883 720 0 0 0 0 0 630 0 0 0 0 0 0
1887 5100 2 2 15 0 0 120 0 0 2070 839 0 0
1894 720 0 0 630 88 0 0 0 0 0 0 0 0
fn=std::_Rb_tree<unsigned long, std::pair<unsigned long const, Level>, std::_Select1st<std::pair<unsigned long const, Level> >, std::greater<unsigned long>, std::allocator<std::pair<unsigned long const, Level> > >::_M_get_insert_hint_unique_pos(std::_Rb_tree_const_iterator<std::pair<unsigned long const, Level> >, unsigned long const&)
302 2076900 0 0 0 0 0 1038450 0 0 0 0 0 0
750 2756145 0 0 0 0 0 0 0 0 0 0 0 0
2163 22049160 1 1 0 0 0 11024580 0 0 0 0 0 0
2171 5512290 1 1 0 0 0 0 0 0 2756145 660 0 0
2174 3450 2 2 2265 0 0 0 0 0 1185 120 0 0
2177 315 0 0 0 0 0 0 0 0 0 0 0 0
2179 5511000 0 0 2755500 0 0 0 0 0 2755500 0 0 0
2183 8266500 0 0 2755500 0 0 0 0 0 2755500 1158877 0 0
2184 2755500 0 0 0 0 0 0 0 0 0 0 0 0
2185 2076900 0 0 1038450 0 0 0 0 0 1038450 452 0 0
2188 5192250 0 0 1038450 0 0 0 0 0 0 0 0 0
2200 540 0 0 0 0 0 0 0 0 0 0 0 0
2214 19292805 1 1 13780620 0 0 0 0 0 0 0 0 0
fn=std::_Rb_tree<unsigned long, std::pair<unsigned long const, Level>, std::_Select1st<std::pair<unsigned long const, Level> >, std::greater<unsigned long>, std::allocator<std::pair<unsigned long const, Level> > >::_M_get_insert_unique_pos(unsigned long const&)
303 105 0 0 0 0 0 0 0 0 0 0 0 0
735 105 1 1 105 0 0 0 0 0 0 0 0 0
750 105 2 2 0 0 0 0 0 0 0 0 0 0
2061 525 1 1 0 0 0 210 0 0 0 0 0 0
2068 210 0 0 0 0 0 0 0 0 105 2 0 0
2077 210 0 0 105 0 0 0 0 0 105 1 0 0
2085 735 0 0 315 0 0 0 0 0 0 0 0 0
fn=std::_Rb_tree<unsigned long, std::pair<unsigned long const, Level>, std::_Select1st<std::pair<unsigned long const, Level> >, std::less<unsigned long>, std::allocator<std::pair<unsigned long const, Level> > >::_M_erase(std::_Rb_tree_node<std::pair<unsigned long const, Level> >*) [clone .isra.0]
780 1395 2 2 1395 114 0 0 0 0 0 0 0 0
788 1395 0 0 1395 1079 1 0 0 0 0 0 0 0
1883 1080 2 2 0 0 0 945 0 0 0 0 0 0
1887 5670 1 1 0 0 0 150 0 0 2385 1011 0 0
1894 1080 1 1 945 88 0 0 0 0 0 0 0 0
fn=std::_Rb_tree<unsigned long, std::pair<unsigned long const, Level>, std::_Select1st<std::pair<unsigned long const, Level> >, std::less<unsigned long>, std::allocator<std::pair<unsigned long const, Level> > >::_M_get_insert_hint_unique_pos(std::_Rb_tree_const_iterator<std::pair<unsigned long const, Level> >, unsigned long const&)
302 2081370 0 0 0 0 0 1040685 0 0 0 0 0 0
750 2751315 0 0 0 0 0 0 0 0 0 0 0 0
2163 22010520 1 1 0 0 0 11005260 0 0 0 0 0 0
2171 5502630 0 0 0 0 0 0 0 0 2751315 855 0 0
2174 4140 1 1 2730 0 0 0 0 0 1410 134 0 0
2177 270 2 2 0 0 0 0 0 0 0 0 0 0
2179 5501130 0 0 2750565 0 0 0 0 0 2750565 0 0 0
2183 8251695 1 1 2750565 0 0 0 0 0 2750565 1158308 0 0
2184 2750565 0 0 0 0 0 0 0 0 0 0 0 0
2185 2081370 0 0 1040685 0 0 0 0 0 1040685 6 0 0
2188 5203425 0 0 1040685 0 0 0 0 0 0 0 0 0
2200 660 0 0 0 0 0 0 0 0 0 0 0 0
2214 19259025 0 0 13756485 0 0 0 0 0 0 0 0 0
fn=std::_Rb_tree<unsigned long, std::pair<unsigned long const, Level>, std::_Select1st<std::pair<unsigned long const, Level> >, std::less<unsigned long>, std::allocator<std::pair<unsigned long const, Level> > >::_M_get_insert_unique_pos(unsigned long const&)
303 90 0 0 0 0 0 0 0 0 0 0 0 0
735 90 0 0 90 0 0 0 0 0 0 0 0 0
750 90 2 2 0 0 0 0 0 0 0 0 0 0
2061 450 1 1 0 0 0 180 0 0 0 0 0 0
2068 180 0 0 0 0 0 0 0 0 90 2 0 0
2077 180 0 0 90 0 0 0 0 0 90 2 0 0
2085 630 0 0 270 0 0 0 0 0 0 0 0 0
fn=void Orderbook::add<run_once(std::vector<Op, std::allocator<Op> > const&)::{lambda(Fill const&)#1}&>(unsigned long, unsigned long, unsigned int, Side, run_once(std::vector<Op, std::allocator<Op> > const&)::{lambda(Fill const&)#1}&) [clone .isra.0]
996 23385540 0 0 23385540 41 9 0 0 0 0 0 0 0
2485 16496640 0 0 0 0 0 5498880 0 0 0 0 0 0
2486 5498880 0 0 0 0 0 0 0 0 0 0 0 0
2488 10997760 0 0 5498880 0 0 0 0 0 0 0 0 0
fl=/usr/include/c++/11/bits/stl_uninitialized.h
fn=generate_workload(unsigned long)
1009 2 0 0 1 0 0 0 0 0 0 0 0 0
1010 2 0 0 0 0 0 0 0 0 1 0 0 0
fn=void std::vector<unsigned long, std::allocator<unsigned long> >::_M_realloc_insert<unsigned long const&>(__gnu_cxx::__normal_iterator<unsigned long*, std::vector<unsigned long, std::allocator<unsigned long> > >, unsigned long const&)
1009 40 1 1 0 0 0 0 0 0 0 0 0 0
1010 118 0 0 38 0 0 0 0 0 40 7 0 0
1011 95 0 0 0 0 0 57 0 0 0 0 0 0
1012 20 0 0 0 0 0 0 0 0 0 0 0 0
fl=/usr/include/c++/11/bits/stl_vector.h
fn=generate_workload(unsigned long)
98 6 1 1 0 0 0 6 0 0 0 0 0 0
336 3 0 0 2 0 0 0 0 0 0 0 0 0
353 4 0 0 0 0 0 0 0 0 2 0 0 0
919 2401527 0 0 0 0 0 0 0 0 0 0 0 0
1046 800509 0 0 0 0 0 0 0 0 0 0 0 0
1189 3598473 0 0 2398982 0 0 0 0 0 1199491 23 0 0
1194 2398942 0 0 0 0 0 1199471 0 0 0 0 0 0
1198 60 0 0 0 0 0 20 0 0 0 0 0 0
1228 1601018 0 0 0 0 0 800509 0 0 0 0 0 0
fn=main
683 2 1 1 0 0 0 1 0 0 0 0 0 0
fn=std::_Vector_base<Op, std::allocator<Op> >::~_Vector_base()
333 1 1 1 0 0 0 0 0 0 0 0 0 0
336 3 0 0 2 0 0 0 0 0 0 0 0 0
353 2 0 0 0 0 0 0 0 0 1 1 0 0
fn=void std::vector<unsigned long, std::allocator<unsigned long> >::_M_realloc_insert<unsigned long const&>(__gnu_cxx::__normal_iterator<unsigned long*, std::vector<unsigned long, std::allocator<unsigned long> > >, unsigned long const&)
346 40 0 0 0 0 0 0 0 0 20 2 0 0
353 2 0 0 0 0 0 0 0 0 1 0 0 0
919 60 0 0 0 0 0 0 0 0 0 0 0 0
1758 200 1 1 0 0 0 0 0 0 20 0 0 0
1762 40 0 0 0 0 0 0 0 0 20 0 0 0
fl=/usr/include/c++/11/bits/uniform_int_dist.h
fn=generate_workload(unsigned long)
193 13997455 1 1 0 0 0 4398982 0 0 0 0 0 0
fn=int std::uniform_int_distribution<int>::operator()<std::mersenne_twister_engine<unsigned long, 64ul, 312ul, 156ul, 31ul, 13043109905998158313ul, 29ul, 6148914691236517205ul, 17ul, 8202884508482404352ul, 37ul, 18444473444759240704ul, 43ul, 6364136223846793005ul> >(std::mersenne_twister_engine<unsigned long, 64ul, 312ul, 156ul, 31ul, 13043109905998158313ul, 29ul, 6148914691236517205ul, 17ul, 8202884508482404352ul, 37ul, 18444473444759240704ul, 43ul, 6364136223846793005ul>&, std::uniform_int_distribution<int>::param_type const&) [clone .isra.0]
258 12797964 0 0 0 0 0 3199491 0 0 0 0 0 0
260 6398982 1 1 0 0 0 0 0 0 3199491 52 0 0
269 3199491 0 0 0 0 0 0 0 0 0 0 0 0
276 31994910 1 1 0 0 0 19196946 0 0 0 0 0 0
290 6398982 0 0 0 0 0 0 0 0 0 0 0 0
291 3199491 0 0 0 0 0 0 0 0 0 0 0 0
294 6398982 0 0 0 0 0 0 0 0 3199491 3 0 0
298 3199491 0 0 0 0 0 0 0 0 0 0 0 0
360 3199491 0 0 0 0 0 0 0 0 0 0 0 0
361 25595928 0 0 22396437 0 0 0 0 0 0 0 0 0
fl=/usr/include/c++/11/bits/unordered_map.h
fn=Orderbook::cancel(unsigned long)
763 2551215 0 0 0 0 0 0 0 0 0 0 0 0
fn=Orderbook::restOrder(Order&)
389 195 0 0 0 0 0 0 0 0 0 0 0 0
fn=void Orderbook::add<run_once(std::vector<Op, std::allocator<Op> > const&)::{lambda(Fill const&)#1}&>(unsigned long, unsigned long, unsigned int, Side, run_once(std::vector<Op, std::allocator<Op> > const&)::{lambda(Fill const&)#1}&) [clone .isra.0]
763 17992365 0 0 0 0 0 0 0 0 0 0 0 0
fl=/usr/include/c++/11/bits/vector.tcc
fn=generate_workload(unsigned long)
69 3 0 0 0 0 0 0 0 0 1 0 0 0
71 3 1 1 1 0 0 0 0 0 1 1 0 0
79 1 0 0 1 0 0 0 0 0 0 0 0 0
95 1 0 0 0 0 0 1 0 0 0 0 0 0
96 1 0 0 0 0 0 1 0 0 0 0 0 0
97 3 1 1 0 0 0 1 0 0 0 0 0 0
112 6000000 0 0 4000000 7 1 0 0 0 2000000 0 0 0
117 10000000 1 1 2000000 0 0 6000000 1000007 1000000 0 0 0 0
fn=void std::vector<unsigned long, std::allocator<unsigned long> >::_M_realloc_insert<unsigned long const&>(__gnu_cxx::__normal_iterator<unsigned long*, std::vector<unsigned long, std::allocator<unsigned long> > >, unsigned long const&)
426 220 0 0 40 0 0 120 0 0 0 0 0 0
464 20 0 0 0 0 0 0 0 0 0 0 0 0
501 38 0 0 19 7 1 0 0 0 0 0 0 0
502 20 0 0 0 0 0 20 7 1 0 0 0 0
503 20 0 0 0 0 0 20 0 0 0 0 0 0
504 60 0 0 0 0 0 20 0 0 0 0 0 0
505 160 1 1 140 7 1 0 0 0 0 0 0 0
fl=/usr/include/c++/11/chrono
fn=clock_overhead_ns()
214 10 0 0 0 0 0 0 0 0 0 0 0 0
666 5 0 0 0 0 0 0 0 0 0 0 0 0
fn=run_once(std::vector<Op, std::allocator<Op> > const&)
214 24 0 0 0 0 0 0 0 0 0 0 0 0
666 8 0 0 0 0 0 0 0 0 0 0 0 0
fn=run_split(std::vector<Op, std::allocator<Op> > const&)
214 28000000 0 0 0 0 0 0 0 0 0 0 0 0
666 14000000 0 0 0 0 0 0 0 0 0 0 0 0
fl=/usr/include/c++/11/ext/new_allocator.h
fn=Orderbook::cancel(unsigned long)
145 7672455 0 0 0 0 0 2557485 0 0 0 0 0 0
fn=Orderbook::restOrder(Order&)
127 94932810 5 5 11201490 0 0 27910440 0 0 0 0 0 0
160 28007895 1 1 11201490 0 0 11201490 67231 0 0 0 0 0
fn=generate_workload(unsigned long)
127 5 1 1 0 0 0 1 1 0 0 0 0 0
145 1 0 0 0 0 0 1 0 0 0 0 0 0
160 2000000 0 0 2000000 0 0 0 0 0 0 0 0 0
162 1199471 0 0 0 0 0 1199471 49866 49862 0 0 0 0
fn=run_once(std::vector<Op, std::allocator<Op> > const&)
145 1477576 1 1 0 0 0 738736 0 0 0 0 0 0
fn=run_split(std::vector<Op, std::allocator<Op> > const&)
145 1292879 1 1 0 0 0 646394 0 0 0 0 0 0
fn=std::_Hashtable<unsigned long, std::pair<unsigned long const, OrderLocation>, std::allocator<std::pair<unsigned long const, OrderLocation> >, std::__detail::_Select1st, std::equal_to<unsigned long>, std::hash<unsigned long>, std::__detail::_Mod_range_hashing, std::__detail::_Default_ranged_hash, std::__detail::_Prime_rehash_policy, std::__detail::_Hashtable_traits<false, false, true> >::_M_erase(std::integral_constant<bool, true>, unsigned long const&) [clone .isra.0]
145 19873770 0 0 0 0 0 9936885 0 0 0 0 0 0
fn=std::_Hashtable<unsigned long, std::pair<unsigned long const, OrderLocation>, std::allocator<std::pair<unsigned long const, OrderLocation> >, std::__detail::_Select1st, std::equal_to<unsigned long>, std::hash<unsigned long>, std::__detail::_Mod_range_hashing, std::__detail::_Default_ranged_hash, std::__detail::_Prime_rehash_policy, std::__detail::_Hashtable_traits<false, false, true> >::_M_rehash(unsigned long, unsigned long const&)
111 780 0 0 0 0 0 0 0 0 195 0 0 0
127 780 2 2 0 0 0 195 7 0 0 0 0 0
145 360 0 0 0 0 0 180 93 1 0 0 0 0
fn=std::_Rb_tree<unsigned long, std::pair<unsigned long const, Level>, std::_Select1st<std::pair<unsigned long const, Level> >, std::greater<unsigned long>, std::allocator<std::pair<unsigned long const, Level> > >::_M_erase(std::_Rb_tree_node<std::pair<unsigned long const, Level> >*) [clone .isra.0]
145 1170645 3 3 180 58 0 597375 0 0 0 0 0 0
fn=std::_Rb_tree<unsigned long, std::pair<unsigned long const, Level>, std::_Select1st<std::pair<unsigned long const, Level> >, std::less<unsigned long>, std::allocator<std::pair<unsigned long const, Level> > >::_M_erase(std::_Rb_tree_node<std::pair<unsigned long const, Level> >*) [clone .isra.0]
145 1164690 1 1 270 52 0 589440 0 0 0 0 0 0
fn=std::_Vector_base<Op, std::allocator<Op> >::~_Vector_base()
145 2 0 0 0 0 0 0 0 0 0 0 0 0
fn=void Orderbook::add<run_once(std::vector<Op, std::allocator<Op> > const&)::{lambda(Fill const&)#1}&>(unsigned long, unsigned long, unsigned int, Side, run_once(std::vector<Op, std::allocator<Op> > const&)::{lambda(Fill const&)#1}&) [clone .isra.0]
145 38653650 2 2 0 0 0 12884550 0 0 0 0 0 0
fn=void std::vector<unsigned long, std::allocator<unsigned long> >::_M_realloc_insert<unsigned long const&>(__gnu_cxx::__normal_iterator<unsigned long*, std::vector<unsigned long, std::allocator<unsigned long> > >, unsigned long const&)
127 240 2 2 40 0 0 60 0 0 0 0 0 0
145 38 0 0 0 0 0 19 0 0 0 0 0 0
162 40 0 0 20 0 0 20 16 16 0 0 0 0
fl=/usr/include/c++/11/tuple
fn=Orderbook::restOrder(Order&)
1819 16522380 0 0 5507460 0 0 11014920 0 0 0 0 0 0
1820 11014920 0 0 0 0 0 5507460 594081 89 0 0 0 0
fl=/usr/include/x86_64-linux-gnu/bits/stdio2.h
fn=main
112 24 3 3 3 1 1 4 0 0 0 0 0 0
fl=???
fn=(below main)
0 12 2 2 2 1 0 3 0 0 0 0 1 1
fn=???
0 504383181 123 122 252191437 1359 304 182 15 7 94 39 252191250 19886791
fn=__cpu_indicator_init
0 367 34 34 47 4 2 13 0 0 98 33 1 1
fn=operator delete(void*)
0 55821312 0 0 0 0 0 0 0 0 0 0 0 0
fn=operator delete(void*, unsigned long)
0 55821312 1 1 0 0 0 0 0 0 0 0 0 0
fn=operator new(unsigned long)
0 334927872 2 2 55821312 0 0 55821312 0 0 27910656 4 0 0
fn=std::_Rb_tree_decrement(std::_Rb_tree_node_base*)
0 32390640 2 2 11327085 3572 0 0 0 0 7580145 2312579 0 0
fn=std::_Rb_tree_increment(std::_Rb_tree_node_base const*)
0 97710 3 3 36660 866 0 0 0 0 19185 4265 0 0
fn=std::_Rb_tree_insert_and_rebalance(bool, std::_Rb_tree_node_base*, std::_Rb_tree_node_base*, std::_Rb_tree_node_base&)
0 222946755 14 14 54436515 68169 7 54570600 4002 1 46968855 4959169 0 0
fn=std::_Rb_tree_rebalance_for_erase(std::_Rb_tree_node_base*, std::_Rb_tree_node_base&)
0 285839325 27 27 92748705 135079 3 25804560 11907 0 70600350 5450370 0 0
fn=std::__detail::_List_node_base::_M_hook(std::__detail::_List_node_base*)
0 100813410 1 1 22402980 607280 6 33604470 2714872 43 0 0 0 0
fn=std::__detail::_List_node_base::_M_unhook()
0 59621310 1 1 29810655 1122275 26268 19873770 5750106 104940 0 0 0 0
fn=std::__detail::_Prime_rehash_policy::_M_need_rehash(unsigned long, unsigned long, unsigned long) const
0 100822170 8 8 22403970 318 60 195 0 0 11202660 264 0 0
fn=std::__detail::_Prime_rehash_policy::_M_next_bkt(unsigned long) const
0 22860 11 11 3195 1009 360 195 0 0 4080 1071 0 0
fn=std::chrono::_V2::steady_clock::now()
0 495000390 2 2 198000156 0 0 66000052 0 0 33000026 3 0 0
fn=std::error_category::error_category()
0 10 1 1 4 1 0 2 0 0 0 0 0 0
fn=std::error_category::~error_category()
0 4 0 0 2 0 0 0 0 0 0 0 0 0
fn=std::future_category()
0 3 1 1 1 0 0 0 0 0 0 0 0 0
summary: 13223734151 2195 2185 3972734531 106782293 15237859 1922461044 14956017 2970795 1804997715 165152451 252195405 19887120
