desc: I1 cache:         32768 B, 64 B, 8-way associative
desc: D1 cache:         49152 B, 64 B, 12-way associative
desc: LL cache:         18874368 B, 64 B, 18-way associative
cmd: ./bench
events: Ir I1mr ILmr Dr D1mr DLmr Dw D1mw DLmw Bc Bcm Bi Bim
fl=./csu/../csu/libc-start.c
fn=__libc_start_main@@GLIBC_2.34
128 2 1 1 2 0 0 0 0 0 0 0 0 0
134 3 0 0 1 1 0 0 0 0 1 0 0 0
135 7 0 0 3 1 0 2 0 0 0 0 1 1
138 1 0 0 1 1 0 0 0 0 0 0 0 0
139 2 0 0 0 0 0 0 0 0 1 0 0 0
142 3 1 1 2 1 0 0 0 0 0 0 0 0
143 2 0 0 2 0 0 0 0 0 0 0 0 0
144 11 1 1 1 0 0 1 0 0 2 1 0 0
145 4 0 0 1 0 0 2 0 0 0 0 1 1
242 12 1 1 0 0 0 6 0 0 0 0 0 0
343 3 0 0 0 0 0 0 0 0 1 0 0 0
344 3 0 0 0 0 0 1 0 0 0 0 0 0
369 6 1 1 2 0 0 1 0 0 1 1 0 0
372 2 0 0 0 0 0 0 0 0 1 1 0 0
375 2 0 0 2 0 0 0 0 0 0 0 0 0
382 2 0 0 1 0 0 1 0 0 0 0 0 0
384 2 0 0 0 0 0 0 0 0 1 0 0 0
392 4 0 0 0 0 0 1 0 0 0 0 0 0
fl=./csu/../sysdeps/nptl/libc_start_call_main.h
fn=(below main)
29 9 1 1 1 0 0 5 0 0 0 0 0 0
44 3 1 1 0 0 0 1 0 0 0 0 0 0
46 2 0 0 0 0 0 0 0 0 1 0 0 0
51 2 0 0 1 1 0 1 0 0 0 0 0 0
52 2 0 0 1 1 0 1 0 0 0 0 0 0
55 2 0 0 0 0 0 1 0 0 0 0 0 0
58 6 1 1 5 0 0 1 0 0 0 0 1 1
fl=./csu/./csu/init-first.c
fn=_init_first
46 4 1 1 0 0 0 1 0 0 0 0 0 0
51 2 1 1 1 0 0 0 0 0 1 0 0 0
55 5 0 0 4 2 0 0 0 0 1 0 0 0
61 1 0 0 0 0 0 1 1 0 0 0 0 0
62 1 0 0 0 0 0 1 0 0 0 0 0 0
63 2 0 0 1 1 0 1 1 1 0 0 0 0
71 2 0 0 0 0 0 0 0 0 0 0 0 0
72 2 0 0 1 0 0 0 0 0 0 0 0 0
fl=./ctype/./ctype/ctype-info.c
fn=__ctype_init
29 1 1 1 0 0 0 0 0 0 0 0 0 0
31 7 0 0 5 4 0 1 0 0 0 0 0 0
33 4 0 0 2 1 0 1 0 0 0 0 0 0
35 4 1 1 2 0 0 1 0 0 0 0 0 0
36 1 0 0 1 0 0 0 0 0 0 0 0 0
fl=./elf/../bits/stdlib-bsearch.h
fn=intel_check_word.constprop.0
27 102 0 0 0 0 0 0 0 0 0 0 0 0
28 51 0 0 0 0 0 0 0 0 0 0 0 0
29 971 0 0 0 0 0 0 0 0 345 41 0 0
31 690 1 1 0 0 0 0 0 0 0 0 0 0
32 345 0 0 0 0 0 0 0 0 0 0 0 0
37 63 1 1 0 0 0 0 0 0 0 0 0 0
fl=./elf/../elf/dl-sysdep.c
fn=_dl_sysdep_start
85 10 1 1 0 0 0 6 1 1 0 0 0 0
86 1 0 0 0 0 0 0 0 0 0 0 0 0
87 1 0 0 0 0 0 0 0 0 0 0 0 0
109 1 0 0 0 0 0 1 0 0 0 0 0 0
110 105 1 1 33 4 4 4 3 3 32 10 0 0
113 2 0 0 0 0 0 1 0 0 0 0 0 0
114 1 0 0 0 0 0 1 0 0 0 0 0 0
119 1 1 1 0 0 0 1 1 1 0 0 0 0
121 132 4 4 31 4 4 10 1 1 32 17 0 0
122 113 1 1 17 3 3 0 0 0 20 3 17 13
125 1 0 0 1 1 1 0 0 0 0 0 0 0
126 1 0 0 0 0 0 0 0 0 0 0 0 0
128 1 0 0 1 0 0 0 0 0 0 0 0 0
131 2 1 1 1 0 0 1 0 0 0 0 0 0
132 1 0 0 0 0 0 1 0 0 0 0 0 0
134 2 1 1 1 0 0 1 0 0 0 0 0 0
135 1 0 0 0 0 0 1 0 0 0 0 0 0
150 2 1 1 1 0 0 1 0 0 0 0 0 0
151 1 0 0 0 0 0 1 0 0 0 0 0 0
153 2 0 0 1 0 0 1 0 0 0 0 0 0
154 1 0 0 0 0 0 0 0 0 0 0 0 0
156 2 1 1 1 0 0 1 0 0 0 0 0 0
157 1 0 0 0 0 0 0 0 0 0 0 0 0
162 2 1 1 1 0 0 1 0 0 0 0 0 0
163 1 0 0 0 0 0 0 0 0 0 0 0 0
178 2 1 1 1 0 0 1 1 1 0 0 0 0
179 1 0 0 0 0 0 0 0 0 0 0 0 0
224 1 0 0 0 0 0 1 0 0 0 0 0 0
227 1 0 0 0 0 0 1 0 0 0 0 0 0
238 3 0 0 1 0 0 0 0 0 1 0 0 0
239 2 1 1 0 0 0 2 0 0 0 0 0 0
241 5 0 0 0 0 0 1 0 0 1 0 0 0
253 3 0 0 1 0 0 0 0 0 1 0 0 0
256 5 0 0 1 0 0 1 0 0 0 0 1 1
258 9 1 1 8 2 0 0 0 0 0 0 0 0
fn=_dl_sysdep_start_cleanup
262 1 1 1 0 0 0 0 0 0 0 0 0 0
263 1 0 0 1 0 0 0 0 0 0 0 0 0
fl=./elf/../elf/dl-tls.c
fn=_dl_add_to_slotinfo
1015 16 1 1 0 0 0 8 0 0 0 0 0 0
1021 2 0 0 2 0 0 0 0 0 0 0 0 0
1024 2 0 0 2 2 0 0 0 0 0 0 0 0
1025 2 0 0 0 0 0 0 0 0 0 0 0 0
1029 6 1 1 2 1 0 0 0 0 2 0 0 0
1063 4 0 0 0 0 0 0 0 0 2 2 0 0
1066 6 0 0 0 0 0 2 2 0 0 0 0 0
1067 6 0 0 2 0 0 2 0 0 0 0 0 0
1070 12 0 0 10 0 0 0 0 0 0 0 0 0
fn=_dl_allocate_tls_init
528 10 2 2 0 0 0 8 0 0 0 0 0 0
529 2 0 0 0 0 0 0 0 0 1 0 0 0
533 2 0 0 1 1 0 1 0 0 0 0 0 0
535 1 0 0 0 0 0 1 0 0 0 0 0 0
536 1 0 0 0 0 0 0 0 0 0 0 0 0
539 2 0 0 1 1 0 1 0 0 0 0 1 1
542 3 0 0 2 1 0 0 0 0 1 0 0 0
554 1 1 1 1 0 0 0 0 0 0 0 0 0
559 23 1 1 4 0 0 0 0 0 3 0 0 0
565 6 1 1 0 0 0 0 0 0 3 2 0 0
568 6 0 0 2 0 0 0 0 0 0 0 0 0
569 4 0 0 0 0 0 0 0 0 2 2 0 0
575 6 0 0 4 0 0 0 0 0 2 0 0 0
576 4 0 0 0 0 0 0 0 0 0 0 0 0
578 15 1 1 6 2 0 2 1 1 0 0 0 0
581 4 0 0 0 0 0 0 0 0 2 0 0 0
582 4 0 0 2 0 0 0 0 0 0 0 0 0
585 4 0 0 0 0 0 0 0 0 2 0 0 0
586 8 1 1 4 1 0 0 0 0 2 0 0 0
588 4 0 0 0 0 0 0 0 0 2 0 0 0
589 4 0 0 2 0 0 0 0 0 0 0 0 0
598 2 0 0 0 0 0 2 0 0 0 0 0 0
606 4 0 0 2 0 0 0 0 0 2 2 0 0
608 16 0 0 2 0 0 4 0 0 0 0 0 0
614 2 0 0 2 0 0 0 0 0 0 0 0 0
620 2 0 0 1 1 0 1 0 0 0 0 1 1
623 2 1 1 1 0 0 1 0 0 0 0 0 0
626 9 0 0 8 0 0 0 0 0 0 0 0 0
fn=_dl_allocate_tls_storage
370 1 0 0 1 0 0 0 0 0 0 0 0 0
374 1 0 0 0 0 0 0 0 0 0 0 0 0
375 1 0 0 0 0 0 0 0 0 0 0 0 0
376 2 0 0 0 0 0 0 0 0 1 0 0 0
379 1 0 0 0 0 0 1 1 1 0 0 0 0
385 2 0 0 0 0 0 1 0 0 0 0 0 0
422 4 1 1 0 0 0 3 0 0 0 0 0 0
424 1 0 0 1 0 0 0 0 0 0 0 0 0
435 1 0 0 1 0 0 0 0 0 0 0 0 0
436 1 0 0 0 0 0 0 0 0 0 0 0 0
437 3 0 0 0 0 0 0 0 0 1 0 0 0
445 4 1 1 0 0 0 0 0 0 0 0 0 0
446 1 0 0 0 0 0 0 0 0 0 0 0 0
450 321 1 1 0 0 0 313 39 39 312 10 0 0
469 1 0 0 0 0 0 1 1 1 0 0 0 0
475 5 0 0 4 0 0 0 0 0 0 0 0 0
fn=_dl_assign_tls_modid
131 4 1 1 0 0 0 0 0 0 0 0 0 0
134 4 0 0 2 0 0 0 0 0 2 1 0 0
147 2 1 1 2 0 0 0 0 0 0 0 0 0
186 2 0 0 0 0 0 0 0 0 0 0 0 0
188 2 0 0 0 0 0 2 0 0 0 0 0 0
191 2 0 0 0 0 0 2 0 0 0 0 0 0
192 4 0 0 2 0 0 0 0 0 0 0 0 0
fn=_dl_count_modids
197 1 1 1 0 0 0 0 0 0 0 0 0 0
199 2 0 0 1 0 0 0 0 0 1 0 0 0
200 1 0 0 1 0 0 0 0 0 0 0 0 0
215 2 0 0 1 0 0 0 0 0 0 0 0 0
fn=_dl_determine_tlsoffset
221 8 2 2 0 0 0 6 0 0 0 0 0 0
222 1 0 0 0 0 0 0 0 0 0 0 0 0
223 1 0 0 0 0 0 0 0 0 0 0 0 0
224 1 0 0 0 0 0 0 0 0 0 0 0 0
227 3 0 0 1 0 0 0 0 0 1 0 0 0
230 2 0 0 1 0 0 0 0 0 1 0 0 0
264 1 0 0 0 0 0 0 0 0 0 0 0 0
266 16 0 0 3 0 0 0 0 0 3 1 0 0
268 7 2 2 3 0 0 1 0 0 2 0 0 0
270 6 0 0 2 0 0 0 0 0 0 0 0 0
271 4 0 0 2 0 0 0 0 0 0 0 0 0
273 4 1 1 0 0 0 0 0 0 0 0 0 0
275 10 0 0 2 0 0 0 0 0 2 2 0 0
286 2 0 0 0 0 0 2 0 0 0 0 0 0
291 16 0 0 0 0 0 0 0 0 0 0 0 0
293 4 0 0 0 0 0 0 0 0 2 2 0 0
294 2 0 0 0 0 0 0 0 0 0 0 0 0
306 1 0 0 0 0 0 1 0 0 0 0 0 0
307 9 1 1 1 0 0 1 0 0 0 0 0 0
309 2 0 0 0 0 0 0 0 0 0 0 0 0
360 8 1 1 7 0 0 0 0 0 0 0 0 0
fn=_dl_tls_static_surplus_init
83 3 0 0 0 0 0 0 0 0 0 0 0 0
97 6 1 1 0 0 0 3 0 0 0 0 0 0
101 6 1 1 1 0 0 1 0 0 0 0 0 0
102 6 0 0 1 0 0 1 0 0 0 0 0 0
108 2 0 0 0 0 0 0 0 0 0 0 0 0
110 4 0 0 0 0 0 0 0 0 1 0 0 0
113 1 0 0 0 0 0 0 0 0 0 0 0 0
115 1 0 0 0 0 0 1 0 0 0 0 0 0
117 3 0 0 0 0 0 1 0 0 0 0 0 0
118 5 0 0 4 0 0 0 0 0 0 0 0 0
fl=./elf/../include/list.h
fn=__tls_init_tp
43 2 1 1 1 1 0 1 0 0 0 0 0 0
44 2 0 0 0 0 0 1 0 0 0 0 0 0
45 1 0 0 0 0 0 1 0 0 0 0 0 0
47 1 0 0 0 0 0 1 0 0 0 0 0 0
fl=./elf/../include/rtld-malloc.h
fn=__minimal_calloc
56 17 0 0 17 0 0 0 0 0 0 0 17 1
fn=_dl_allocate_tls_storage
44 2 0 0 1 0 0 1 0 0 0 0 1 1
56 1 0 0 1 0 0 1 0 0 0 0 1 1
fn=_dl_check_map_versions
44 18 0 0 6 0 0 6 0 0 0 0 6 1
fn=_dl_find_object_init
56 2 0 0 1 0 0 1 0 0 0 0 1 1
fn=_dl_important_hwcaps
56 3 1 1 2 0 0 3 0 0 0 0 2 2
fn=_dl_init_paths
56 5 0 0 3 0 0 3 0 0 0 0 3 3
fn=_dl_map_object_deps
56 12 0 0 6 0 0 6 0 0 0 0 6 6
fn=_dl_new_object
44 24 1 1 6 0 0 12 0 0 0 0 6 1
56 15 0 0 5 0 0 5 0 0 0 0 5 1
fn=do_lookup_x
44 12 1 1 3 1 0 4 0 0 0 0 3 2
fn=fillin_rpath.isra.0
50 2 0 0 2 0 0 1 0 0 0 0 1 1
51 1 0 0 0 0 0 0 0 0 0 0 0 0
56 2 0 0 1 0 0 1 0 0 0 0 1 1
fn=init_tls
44 2 0 0 1 0 0 1 0 0 0 0 1 1
fn=open_verify.constprop.0
50 8 0 0 4 0 0 4 0 0 0 0 4 1
fn=open_verify.constprop.1
50 2 1 1 1 0 0 1 0 0 0 0 1 1
fl=./elf/../include/scratch_buffer.h
fn=_dl_map_object_deps
77 3 0 0 0 0 0 2 1 1 0 0 0 0
78 1 0 0 0 0 0 1 0 0 0 0 0 0
85 3 1 1 2 0 0 0 0 0 1 1 0 0
131 15 0 0 0 0 0 5 0 0 0 0 0 0
fl=./elf/../misc/sbrk.c
fn=sbrk
37 5 0 0 0 0 0 2 0 0 0 0 0 0
40 1 1 1 1 0 0 0 0 0 0 0 0 0
58 2 0 0 0 0 0 0 0 0 1 0 0 0
62 2 0 0 0 0 0 0 0 0 1 1 0 0
78 5 0 0 3 0 0 0 0 0 0 0 0 0
fl=./elf/../nptl/nptl-stack.h
fn=__libc_early_init
58 8 0 0 2 1 0 0 0 0 0 0 0 0
fl=./elf/../sysdeps/generic/dl-cache.h
fn=_dl_load_cache_lookup
125 20 1 1 4 0 0 0 0 0 0 0 0 0
194 1 0 0 1 0 0 0 0 0 0 0 0 0
195 5 0 0 0 0 0 0 0 0 1 1 0 0
fl=./elf/../sysdeps/generic/dl-debug.h
fn=dl_main
29 3 0 0 1 0 0 0 0 0 1 0 0 0
30 2 0 0 1 0 0 1 0 0 0 0 0 0
fl=./elf/../sysdeps/generic/dl-hash.h
fn=__rtld_malloc_init_real
43 1 0 0 0 0 0 0 0 0 0 0 0 0
44 1 0 0 0 0 0 0 0 0 0 0 0 0
45 19 2 2 6 1 1 0 0 0 6 5 0 0
48 18 0 0 0 0 0 0 0 0 0 0 0 0
62 24 0 0 0 0 0 0 0 0 0 0 0 0
67 1 0 0 0 0 0 0 0 0 0 0 0 0
72 1 0 0 0 0 0 1 0 0 0 0 0 0
fl=./elf/../sysdeps/generic/dl-protected.h
fn=do_lookup_x
29 4214 0 0 0 0 0 0 0 0 2107 2 0 0
44 14854 0 0 0 0 0 4244 0 0 0 0 0 0
fl=./elf/../sysdeps/generic/ldsodefs.h
fn=_dl_relocate_object
138 10188 0 0 3396 0 0 0 0 0 0 0 0 0
fn=_dl_start
80 3 0 0 2 0 0 0 0 0 0 0 0 0
fn=do_lookup_x
137 4214 1 1 2107 0 0 0 0 0 0 0 0 0
138 6321 0 0 0 0 0 0 0 0 0 0 0 0
fl=./elf/../sysdeps/nptl/dl-mutex.c
fn=__rtld_mutex_init
30 4 1 1 0 0 0 3 0 0 0 0 0 0
37 1 0 0 1 0 0 0 0 0 0 0 0 0
40 7 1 1 0 0 0 1 0 0 0 0 0 0
44 2 0 0 0 0 0 0 0 0 1 0 0 0
45 9 0 0 3 0 0 1 0 0 1 0 0 0
47 6 1 1 0 0 0 1 0 0 0 0 0 0
51 2 0 0 0 0 0 0 0 0 1 0 0 0
52 7 0 0 3 0 0 1 0 0 1 0 0 0
53 4 0 0 4 0 0 0 0 0 0 0 0 0
fl=./elf/../sysdeps/nptl/dl-tls_init_tp.c
fn=__tls_init_tp
68 3 0 0 0 0 0 1 0 0 0 0 0 0
69 1 0 0 1 0 0 0 0 0 0 0 0 0
72 1 0 0 0 0 0 0 0 0 0 0 0 0
75 4 1 1 0 0 0 1 0 0 0 0 0 0
76 2 0 0 0 0 0 1 0 0 0 0 0 0
77 1 0 0 0 0 0 1 0 0 0 0 0 0
82 2 0 0 1 0 0 1 0 0 0 0 0 0
87 4 0 0 0 0 0 1 0 0 0 0 0 0
90 1 1 1 0 0 0 1 0 0 0 0 0 0
93 3 0 0 0 0 0 0 0 0 0 0 0 0
106 4 0 0 0 0 0 1 0 0 0 0 0 0
123 3 0 0 2 1 0 1 0 0 0 0 0 0
130 2 1 1 1 0 0 1 0 0 0 0 0 0
132 1 0 0 0 0 0 1 0 0 0 0 0 0
133 1 0 0 0 0 0 1 0 0 0 0 0 0
134 3 0 0 2 0 0 0 0 0 0 0 0 0
fn=__tls_pre_init_tp
53 3 1 1 0 0 0 0 0 0 0 0 0 0
56 10 1 1 0 0 0 3 1 1 0 0 0 0
61 2 0 0 0 0 0 1 0 0 0 0 0 0
62 1 0 0 0 0 0 1 0 0 0 0 0 0
64 1 0 0 1 0 0 0 0 0 0 0 0 0
fn=rtld_mutex_dummy
42 258 0 0 0 0 0 0 0 0 0 0 0 0
44 516 0 0 258 0 0 0 0 0 0 0 0 0
fl=./elf/../sysdeps/nptl/pthread_early_init.h
fn=__libc_early_init
33 6 0 0 0 0 0 1 0 0 1 0 0 0
34 6 0 0 1 0 0 0 0 0 0 0 0 0
45 2 1 1 2 0 0 0 0 0 0 0 0 0
46 1 0 0 0 0 0 0 0 0 0 0 0 0
52 7 1 1 0 0 0 1 0 0 0 0 0 0
53 1 0 0 0 0 0 1 0 0 0 0 0 0
54 1 0 0 0 0 0 1 1 1 0 0 0 0
57 1 0 0 0 0 0 1 0 0 0 0 0 0
fl=./elf/../sysdeps/posix/dl-fileid.h
fn=_dl_map_object_from_fd
37 25 1 1 5 0 0 5 0 0 5 0 0 0
40 20 1 1 15 0 0 5 0 0 0 0 0 0
49 69 1 1 33 1 1 0 0 0 30 8 0 0
fl=./elf/../sysdeps/unix/sysv/linux/brk.c
fn=brk
35 1 1 1 0 0 0 0 0 0 0 0 0 0
36 3 0 0 0 0 0 1 1 1 0 0 0 0
37 2 0 0 0 0 0 0 0 0 1 0 0 0
43 1 0 0 0 0 0 0 0 0 0 0 0 0
44 1 0 0 1 0 0 0 0 0 0 0 0 0
fl=./elf/../sysdeps/unix/sysv/linux/dl-osinfo.h
fn=dl_main
64 2 0 0 1 0 0 0 0 0 0 0 0 0
fl=./elf/../sysdeps/unix/sysv/linux/dl-sysdep.c
fn=_dl_discover_osversion
46 5 1 1 0 0 0 3 0 0 0 0 0 0
48 3 0 0 1 0 0 0 0 0 1 1 0 0
88 4 1 1 0 0 0 1 1 1 1 0 0 0
103 1 0 0 0 0 0 0 0 0 0 0 0 0
107 1 0 0 0 0 0 0 0 0 0 0 0 0
108 1 0 0 0 0 0 0 0 0 0 0 0 0
110 12 1 1 3 1 1 0 0 0 3 0 0 0
112 6 0 0 0 0 0 0 0 0 0 0 0 0
114 26 0 0 6 0 0 0 0 0 6 2 0 0
116 3 0 0 0 0 0 0 0 0 0 0 0 0
117 12 0 0 0 0 0 0 0 0 0 0 0 0
120 3 1 1 0 0 0 0 0 0 0 0 0 0
121 3 0 0 0 0 0 0 0 0 0 0 0 0
122 3 0 0 0 0 0 0 0 0 0 0 0 0
124 15 0 0 0 0 0 0 0 0 6 2 0 0
133 5 0 0 4 0 0 0 0 0 0 0 0 0
fn=_dl_sysdep_start
36 2 0 0 0 0 0 1 0 0 0 0 0 0
fl=./elf/../sysdeps/unix/sysv/linux/dl-vdso-setup.h
fn=dl_main
30 3 1 1 0 0 0 2 0 0 0 0 0 0
33 1 1 1 0 0 0 1 0 0 0 0 0 0
36 1 0 0 0 0 0 1 0 0 0 0 0 0
39 1 0 0 0 0 0 1 0 0 0 0 0 0
45 1 1 1 0 0 0 1 0 0 0 0 0 0
fl=./elf/../sysdeps/unix/sysv/linux/dl-vdso.h
fn=dl_main
40 1 1 1 1 0 0 0 0 0 0 0 0 0
41 2 0 0 0 0 0 0 0 0 1 1 0 0
55 2 0 0 0 0 0 0 0 0 0 0 0 0
fl=./elf/../sysdeps/unix/sysv/linux/rseq-internal.h
fn=__tls_init_tp
32 3 0 0 1 0 0 0 0 0 1 0 0 0
34 7 1 1 0 0 0 0 0 0 0 0 0 0
37 2 0 0 0 0 0 0 0 0 1 0 0 0
40 1 0 0 0 0 0 1 0 0 0 0 0 0
fl=./elf/../sysdeps/unix/sysv/linux/x86/cpu-features.c
fn=init_cpu_features.constprop.0
27 6 0 0 0 0 0 0 0 0 1 0 0 0
fl=./elf/../sysdeps/unix/sysv/linux/x86/dl-minsigstacksize.h
fn=get_common_indices.constprop.0
24 2 1 1 1 0 0 0 0 0 1 0 0 0
27 2 0 0 1 0 0 0 0 0 1 0 0 0
28 2 0 0 1 0 0 0 0 0 1 0 0 0
65 3 0 0 0 0 0 0 0 0 0 0 0 0
72 1 0 0 0 0 0 0 0 0 0 0 0 0
74 1 1 1 0 0 0 1 0 0 0 0 0 0
fl=./elf/../sysdeps/x86/cpu-features.c
fn=get_common_indices.constprop.0
325 1 1 1 0 0 0 1 0 0 0 0 0 0
329 4 0 0 0 0 0 0 0 0 1 0 0 0
332 5 1 1 0 0 0 3 0 0 0 0 0 0
336 1 0 0 0 0 0 1 0 0 0 0 0 0
337 4 0 0 0 0 0 1 0 0 0 0 0 0
338 4 0 0 0 0 0 1 0 0 0 0 0 0
339 4 0 0 0 0 0 1 0 0 0 0 0 0
340 3 0 0 0 0 0 1 0 0 0 0 0 0
341 2 0 0 1 0 0 0 0 0 1 0 0 0
348 2 1 1 1 0 0 0 0 0 1 0 0 0
350 9 0 0 0 0 0 4 1 1 0 0 0 0
355 8 0 0 0 0 0 4 1 1 0 0 0 0
362 2 1 1 1 0 0 0 0 0 1 0 0 0
363 7 1 1 0 0 0 4 1 1 0 0 0 0
369 2 0 0 1 0 0 0 0 0 1 1 0 0
384 2 0 0 2 0 0 0 0 0 0 0 0 0
fn=init_cpu_features.constprop.0
303 3 0 0 0 0 0 0 0 0 0 0 0 0
304 2 0 0 0 0 0 0 0 0 1 0 0 0
305 6 1 1 0 0 0 4 0 0 0 0 0 0
310 2 0 0 0 0 0 0 0 0 1 0 0 0
311 6 0 0 0 0 0 4 0 0 0 0 0 0
316 2 0 0 0 0 0 0 0 0 1 0 0 0
317 6 1 1 0 0 0 4 0 0 0 0 0 0
399 7 2 2 0 0 0 6 0 0 0 0 0 0
402 1 0 0 0 0 0 1 1 1 0 0 0 0
403 1 0 0 0 0 0 1 0 0 0 0 0 0
404 1 0 0 0 0 0 1 0 0 0 0 0 0
415 3 0 0 0 0 0 1 0 0 0 0 0 0
418 6 1 1 0 0 0 0 0 0 3 1 0 0
419 1 1 1 0 0 0 0 0 0 0 0 0 0
422 2 0 0 0 0 0 0 0 0 0 0 0 0
424 6 2 2 0 0 0 1 1 1 0 0 0 0
429 1 0 0 0 0 0 1 0 0 0 0 0 0
431 3 0 0 1 0 0 0 0 0 1 1 0 0
433 4 1 1 2 0 0 1 0 0 0 0 0 0
434 15 2 2 0 0 0 0 0 0 5 1 0 0
489 3 1 1 1 0 0 0 0 0 1 0 0 0
503 1 0 0 1 0 0 0 0 0 0 0 0 0
513 11 1 1 1 1 1 0 0 0 2 0 1 1
516 1 0 0 1 0 0 0 0 0 0 0 0 0
555 1 0 0 1 0 0 0 0 0 0 0 0 0
556 1 0 0 0 0 0 0 0 0 0 0 0 0
564 2 1 1 1 0 0 0 0 0 1 0 0 0
571 2 0 0 1 0 0 0 0 0 1 0 0 0
573 1 0 0 1 0 0 0 0 0 0 0 0 0
577 2 0 0 1 0 0 0 0 0 1 0 0 0
583 2 0 0 1 0 0 0 0 0 1 1 0 0
593 1 1 1 0 0 0 0 0 0 0 0 0 0
687 5 1 1 1 0 0 0 0 0 1 0 0 0
688 1 0 0 1 0 0 0 0 0 0 0 0 0
691 2 0 0 0 0 0 0 0 0 1 0 0 0
692 1 0 0 1 0 0 0 0 0 0 0 0 0
698 1 0 0 0 0 0 1 0 0 0 0 0 0
699 1 0 0 0 0 0 1 0 0 0 0 0 0
701 1 0 0 0 0 0 1 0 0 0 0 0 0
706 4 0 0 0 0 0 1 0 0 0 0 0 0
710 3 1 1 1 0 0 0 0 0 1 0 0 0
723 2 0 0 0 0 0 0 0 0 0 0 0 0
724 4 0 0 1 0 0 0 0 0 1 1 0 0
770 1 0 0 0 0 0 1 0 0 0 0 0 0
771 2 1 1 1 0 0 0 0 0 1 1 0 0
775 3 1 1 1 0 0 0 0 0 1 1 0 0
792 2 1 1 0 0 0 0 0 0 0 0 0 0
793 2 0 0 0 0 0 0 0 0 1 0 0 0
795 3 1 1 0 0 0 0 0 0 1 0 0 0
796 2 0 0 1 0 0 0 0 0 0 0 0 0
798 3 0 0 0 0 0 0 0 0 1 0 0 0
799 2 0 0 0 0 0 0 0 0 0 0 0 0
802 2 0 0 0 0 0 1 0 0 0 0 0 0
817 4 1 1 0 0 0 1 0 0 0 0 0 0
819 4 0 0 0 0 0 1 0 0 0 0 0 0
829 2 1 1 1 0 0 0 0 0 0 0 0 0
874 8 0 0 7 0 0 0 0 0 0 0 0 0
fn=update_active.constprop.0
43 7 1 1 0 0 0 6 1 1 0 0 0 0
47 1 0 0 1 0 0 0 0 0 0 0 0 0
55 3 0 0 1 0 0 0 0 0 0 0 0 0
56 3 0 0 0 0 0 0 0 0 0 0 0 0
57 1 0 0 1 0 0 0 0 0 0 0 0 0
65 4 1 1 1 0 0 1 0 0 0 0 0 0
66 1 0 0 1 0 0 0 0 0 0 0 0 0
74 4 1 1 1 0 0 1 0 0 0 0 0 0
75 1 0 0 1 0 0 0 0 0 0 0 0 0
76 3 0 0 0 0 0 1 0 0 0 0 0 0
80 4 0 0 0 0 0 1 0 0 0 0 0 0
83 3 0 0 1 0 0 0 0 0 0 0 0 0
84 1 0 0 1 0 0 0 0 0 0 0 0 0
87 3 0 0 1 0 0 0 0 0 0 0 0 0
88 2 0 0 1 0 0 1 1 1 0 0 0 0
92 8 1 1 1 0 0 2 0 0 0 0 0 0
93 3 0 0 2 0 0 0 0 0 0 0 0 0
94 3 1 1 2 0 0 0 0 0 0 0 0 0
95 1 0 0 1 0 0 0 0 0 0 0 0 0
97 4 0 0 1 0 0 1 0 0 0 0 0 0
98 3 1 1 2 1 1 0 0 0 0 0 0 0
100 2 0 0 0 0 0 0 0 0 1 0 0 0
101 4 0 0 0 0 0 1 0 0 0 0 0 0
104 4 0 0 0 0 0 1 0 0 0 0 0 0
105 4 1 1 0 0 0 1 0 0 0 0 0 0
109 2 0 0 0 0 0 0 0 0 1 0 0 0
113 2 0 0 0 0 0 0 0 0 0 0 0 0
115 4 0 0 0 0 0 0 0 0 1 1 0 0
119 2 1 1 0 0 0 0 0 0 1 0 0 0
121 1 0 0 0 0 0 0 0 0 0 0 0 0
124 2 1 1 0 0 0 0 0 0 1 1 0 0
126 2 0 0 0 0 0 1 0 0 0 0 0 0
130 1 0 0 0 0 0 0 0 0 0 0 0 0
131 1 0 0 1 1 1 0 0 0 0 0 0 0
134 4 0 0 0 0 0 1 0 0 0 0 0 0
140 4 0 0 0 0 0 1 0 0 0 0 0 0
142 4 1 1 2 0 0 1 0 0 0 0 0 0
144 3 0 0 0 0 0 1 0 0 0 0 0 0
149 4 0 0 0 0 0 0 0 0 1 1 0 0
198 3 0 0 0 0 0 0 0 0 1 0 0 0
210 2 0 0 0 0 0 1 0 0 0 0 0 0
211 1 0 0 1 0 0 0 0 0 0 0 0 0
214 4 1 1 1 0 0 1 0 0 0 0 0 0
218 2 0 0 1 0 0 0 0 0 1 1 0 0
222 3 1 1 0 0 0 0 0 0 0 0 0 0
223 2 0 0 0 0 0 0 0 0 1 0 0 0
225 1 0 0 0 0 0 0 0 0 0 0 0 0
226 1 0 0 0 0 0 0 0 0 0 0 0 0
229 2 0 0 0 0 0 1 0 0 0 0 0 0
231 1 0 0 0 0 0 1 0 0 0 0 0 0
234 2 0 0 0 0 0 0 0 0 1 1 0 0
285 3 0 0 1 0 0 0 0 0 1 1 0 0
289 3 0 0 1 0 0 0 0 0 1 1 0 0
296 1 0 0 0 0 0 1 0 0 0 0 0 0
297 8 0 0 7 0 0 0 0 0 0 0 0 0
fl=./elf/../sysdeps/x86/dl-cacheinfo.h
fn=get_common_cache_info.constprop.0
481 9 1 1 0 0 0 6 0 0 0 0 0 0
496 1 0 0 1 0 0 0 0 0 0 0 0 0
497 1 0 0 1 0 0 0 0 0 0 0 0 0
498 2 0 0 1 0 0 1 0 0 0 0 0 0
499 1 0 0 1 0 0 0 0 0 0 0 0 0
505 1 0 0 0 0 0 1 0 0 0 0 0 0
507 8 1 1 3 0 0 2 0 0 0 0 0 0
510 4 1 1 0 0 0 2 0 0 1 0 0 0
521 1 0 0 0 0 0 0 0 0 0 0 0 0
526 3 0 0 1 0 0 0 0 0 1 0 0 0
530 2 0 0 0 0 0 0 0 0 1 1 0 0
535 6 1 1 1 0 0 1 0 0 1 1 0 0
538 23 2 2 0 0 0 0 0 0 1 0 0 0
545 8 0 0 0 0 0 0 0 0 4 0 0 0
548 26 0 0 0 0 0 0 0 0 4 1 0 0
553 2 1 1 0 0 0 0 0 0 1 0 0 0
557 3 0 0 0 0 0 0 0 0 0 0 0 0
558 1 0 0 0 0 0 0 0 0 0 0 0 0
562 6 0 0 0 0 0 0 0 0 3 2 0 0
566 3 0 0 0 0 0 0 0 0 0 0 0 0
569 4 0 0 0 0 0 1 0 0 0 0 0 0
570 1 0 0 0 0 0 0 0 0 0 0 0 0
575 4 0 0 0 0 0 0 0 0 2 2 0 0
581 4 0 0 0 0 0 0 0 0 1 0 0 0
589 7 0 0 1 0 0 0 0 0 0 0 0 0
591 2 0 0 0 0 0 0 0 0 1 0 0 0
593 5 0 0 0 0 0 0 0 0 2 1 0 0
595 12 1 1 0 0 0 0 0 0 1 1 0 0
597 1 0 0 0 0 0 0 0 0 0 0 0 0
598 1 0 0 0 0 0 0 0 0 0 0 0 0
599 9 0 0 1 0 0 0 0 0 2 0 0 0
601 4 1 1 0 0 0 0 0 0 2 1 0 0
604 2 0 0 0 0 0 0 0 0 1 0 0 0
609 1 0 0 0 0 0 0 0 0 0 0 0 0
611 5 0 0 0 0 0 0 0 0 0 0 0 0
612 3 0 0 0 0 0 0 0 0 0 0 0 0
613 1 1 1 0 0 0 0 0 0 0 0 0 0
616 2 0 0 0 0 0 0 0 0 0 0 0 0
619 2 1 1 0 0 0 0 0 0 1 0 0 0
626 1 0 0 0 0 0 0 0 0 0 0 0 0
628 4 0 0 0 0 0 0 0 0 0 0 0 0
629 1 0 0 0 0 0 0 0 0 0 0 0 0
634 2 1 1 0 0 0 0 0 0 0 0 0 0
639 2 0 0 0 0 0 0 0 0 1 0 0 0
640 1 0 0 0 0 0 0 0 0 0 0 0 0
641 2 0 0 0 0 0 0 0 0 1 0 0 0
642 3 0 0 0 0 0 0 0 0 0 0 0 0
643 2 0 0 1 0 0 0 0 0 1 0 0 0
681 4 1 1 0 0 0 0 0 0 2 0 0 0
682 5 0 0 0 0 0 0 0 0 0 0 0 0
686 2 0 0 1 0 0 0 0 0 1 1 0 0
693 1 0 0 0 0 0 1 0 0 0 0 0 0
694 1 0 0 0 0 0 1 0 0 0 0 0 0
695 7 0 0 7 0 0 0 0 0 0 0 0 0
fn=handle_intel.constprop.0
250 96 0 0 0 0 0 72 0 0 0 0 0 0
255 24 1 1 12 0 0 0 0 0 12 0 0 0
261 24 0 0 0 0 0 12 0 0 0 0 0 0
263 12 0 0 0 0 0 12 0 0 0 0 0 0
264 36 1 1 0 0 0 12 0 0 0 0 0 0
266 15 0 0 1 0 0 0 0 0 1 0 0 0
272 60 0 0 0 0 0 12 0 0 0 0 0 0
277 24 0 0 0 0 0 0 0 0 12 0 0 0
279 24 0 0 0 0 0 12 0 0 0 0 0 0
280 12 0 0 0 0 0 0 0 0 0 0 0 0
284 48 1 1 0 0 0 12 1 1 0 0 0 0
286 24 0 0 0 0 0 0 0 0 12 0 0 0
289 60 0 0 0 0 0 12 0 0 0 0 0 0
291 24 0 0 0 0 0 0 0 0 12 11 0 0
294 5 0 0 0 0 0 1 0 0 0 0 0 0
296 2 0 0 0 0 0 0 0 0 1 0 0 0
299 5 0 0 1 0 0 1 0 0 0 0 0 0
301 2 0 0 0 0 0 0 0 0 1 0 0 0
305 3 0 0 0 0 0 0 0 0 1 1 0 0
310 96 1 1 84 0 0 0 0 0 0 0 0 0
fn=init_cpu_features.constprop.0
706 1 0 0 0 0 0 1 0 0 0 0 0 0
708 1 1 1 0 0 0 1 0 0 0 0 0 0
722 2 0 0 0 0 0 0 0 0 1 1 0 0
724 5 1 1 0 0 0 3 1 1 0 0 0 0
725 3 0 0 0 0 0 1 0 0 0 0 0 0
726 4 1 1 0 0 0 2 0 0 0 0 0 0
729 3 0 0 0 0 0 2 0 0 0 0 0 0
731 3 0 0 0 0 0 2 0 0 0 0 0 0
732 1 0 0 0 0 0 1 0 0 0 0 0 0
734 3 0 0 0 0 0 2 0 0 0 0 0 0
736 3 0 0 0 0 0 2 0 0 0 0 0 0
737 1 0 0 0 0 0 1 0 0 0 0 0 0
739 3 1 1 0 0 0 2 0 0 0 0 0 0
741 3 0 0 0 0 0 2 0 0 0 0 0 0
744 3 0 0 0 0 0 2 0 0 0 0 0 0
746 3 0 0 0 0 0 1 0 0 0 0 0 0
748 3 1 1 0 0 0 2 0 0 0 0 0 0
750 4 0 0 0 0 0 1 0 0 0 0 0 0
840 18 3 3 10 0 0 6 2 2 0 0 0 0
863 15 1 1 2 0 0 1 0 0 0 0 0 0
885 2 0 0 1 0 0 0 0 0 1 1 0 0
886 1 0 0 1 0 0 0 0 0 0 0 0 0
893 11 2 2 0 0 0 0 0 0 0 0 0 0
910 4 1 1 1 0 0 0 0 0 0 0 0 0
923 4 0 0 1 0 0 1 0 0 0 0 0 0
931 5 0 0 1 0 0 1 0 0 0 0 0 0
933 2 1 1 0 0 0 0 0 0 1 1 0 0
936 5 0 0 1 0 0 1 0 0 0 0 0 0
938 4 0 0 1 0 0 1 0 0 0 0 0 0
941 5 1 1 1 0 0 1 0 0 0 0 0 0
942 5 0 0 0 0 0 1 0 0 1 0 0 0
946 6 1 1 1 0 0 2 0 0 0 0 0 0
947 3 0 0 1 0 0 0 0 0 1 1 0 0
953 8 0 0 3 0 0 2 0 0 0 0 0 0
956 15 2 2 1 0 0 6 0 0 0 0 0 0
957 9 1 1 1 0 0 4 0 0 0 0 0 0
958 12 1 1 1 0 0 5 0 0 0 0 0 0
961 8 0 0 0 0 0 4 0 0 0 0 0 0
963 8 1 1 0 0 0 4 0 0 0 0 0 0
967 7 1 1 4 0 0 3 0 0 0 0 0 0
970 1 0 0 0 0 0 0 0 0 0 0 0 0
fn=intel_check_word.constprop.0
110 690 0 0 345 8 8 0 0 0 345 8 0 0
113 345 0 0 0 0 0 0 0 0 345 31 0 0
119 104 0 0 0 0 0 78 0 0 0 0 0 0
123 78 1 1 0 0 0 0 0 0 26 0 0 0
125 15 0 0 0 0 0 0 0 0 0 0 0 0
129 156 0 0 0 0 0 0 0 0 0 0 0 0
131 154 1 1 0 0 0 0 0 0 77 4 0 0
133 63 1 1 0 0 0 0 0 0 0 0 0 0
135 126 0 0 0 0 0 0 0 0 63 0 0 0
143 126 0 0 0 0 0 0 0 0 63 2 0 0
152 54 1 1 0 0 0 0 0 0 21 7 0 0
155 120 2 2 0 0 0 0 0 0 0 0 0 0
158 99 0 0 0 0 0 0 0 0 33 1 0 0
162 64 0 0 0 0 0 0 0 0 0 0 0 0
164 186 0 0 0 0 0 0 0 0 39 14 0 0
166 84 0 0 0 0 0 0 0 0 24 6 0 0
168 44 0 0 0 0 0 0 0 0 11 5 0 0
169 32 0 0 0 0 0 0 0 0 8 3 0 0
170 10 0 0 0 0 0 0 0 0 5 3 0 0
172 11 1 1 0 0 0 0 0 0 0 0 0 0
174 22 0 0 0 0 0 0 0 0 11 4 0 0
176 12 1 1 0 0 0 0 0 0 0 0 0 0
177 16 0 0 0 0 0 0 0 0 0 0 0 0
178 12 1 1 0 0 0 0 0 0 0 0 0 0
179 20 0 0 0 0 0 0 0 0 0 0 0 0
180 14 0 0 0 0 0 0 0 0 7 3 0 0
181 12 1 1 0 0 0 0 0 0 0 0 0 0
183 8 0 0 0 0 0 0 0 0 4 0 0 0
184 12 0 0 0 0 0 0 0 0 0 0 0 0
187 21 0 0 0 0 0 0 0 0 0 0 0 0
194 204 0 0 0 0 0 0 0 0 51 7 0 0
202 200 0 0 50 0 0 0 0 0 0 0 0 0
216 51 0 0 0 0 0 0 0 0 0 0 0 0
246 104 0 0 104 0 0 0 0 0 0 0 0 0
fl=./elf/../sysdeps/x86/dl-cet.c
fn=_dl_cet_check
41 2 0 0 0 0 0 0 0 0 0 0 0 0
42 1 0 0 1 1 1 0 0 0 0 0 0 0
44 1 0 0 0 0 0 0 0 0 0 0 0 0
45 1 0 0 0 0 0 0 0 0 0 0 0 0
48 4 1 1 0 0 0 0 0 0 1 0 0 0
49 2 0 0 0 0 0 0 0 0 0 0 0 0
51 1 0 0 1 0 0 0 0 0 0 0 0 0
62 2 0 0 0 0 0 0 0 0 1 1 0 0
252 8 1 1 0 0 0 6 0 0 0 0 0 0
254 8 1 1 7 0 0 0 0 0 0 0 0 0
fl=./elf/../sysdeps/x86/dl-get-cpu-features.c
fn=__x86_cpu_features
39 3 0 0 1 1 0 0 0 0 1 0 0 0
71 3 1 0 1 0 0 0 0 0 0 0 0 0
fn=_dl_x86_init_cpu_features
37 1 1 1 0 0 0 0 0 0 0 0 0 0
39 3 0 0 1 0 0 0 0 0 1 1 0 0
41 1 1 1 0 0 0 0 0 0 0 0 0 0
fl=./elf/../sysdeps/x86/dl-hwcap.h
fn=_dl_important_hwcaps
57 3 0 0 0 0 0 0 0 0 0 0 0 0
fl=./elf/../sysdeps/x86/dl-procinfo.h
fn=_dl_load_cache_lookup
39 8 1 1 0 0 0 0 0 0 4 0 0 0
42 28 0 0 0 0 0 12 1 1 4 2 0 0
fl=./elf/../sysdeps/x86/dl-prop.h
fn=_dl_map_object_from_fd
95 40 0 0 20 0 0 0 0 0 20 3 0 0
100 5 0 0 0 0 0 0 0 0 0 0 0 0
101 10 0 0 0 0 0 5 0 0 0 0 0 0
102 5 1 1 0 0 0 5 0 0 0 0 0 0
103 5 0 0 0 0 0 0 0 0 0 0 0 0
105 35 0 0 0 0 0 0 0 0 10 2 0 0
108 15 1 1 5 0 0 0 0 0 5 0 0 0
109 10 0 0 5 0 0 0 0 0 5 0 0 0
110 10 0 0 5 0 0 0 0 0 5 0 0 0
114 15 0 0 5 0 0 0 0 0 5 0 0 0
118 15 0 0 0 0 0 5 0 0 0 0 0 0
121 15 1 1 5 0 0 0 0 0 0 0 0 0
122 10 0 0 0 0 0 0 0 0 5 0 0 0
126 5 0 0 0 0 0 0 0 0 0 0 0 0
127 20 0 0 0 0 0 5 0 0 0 0 0 0
131 18 1 1 7 0 0 0 0 0 0 0 0 0
132 7 0 0 7 0 0 0 0 0 0 0 0 0
135 14 0 0 0 0 0 0 0 0 7 0 0 0
138 7 0 0 0 0 0 0 0 0 0 0 0 0
139 28 0 0 0 0 0 0 0 0 7 0 0 0
144 14 1 1 0 0 0 0 0 0 0 0 0 0
146 28 0 0 0 0 0 0 0 0 7 2 0 0
151 14 0 0 0 0 0 0 0 0 7 0 0 0
164 14 0 0 0 0 0 0 0 0 7 1 0 0
165 17 0 0 7 3 3 5 0 0 0 0 0 0
166 4 0 0 0 0 0 0 0 0 2 2 0 0
170 6 0 0 2 0 0 2 0 0 0 0 0 0
185 15 0 0 0 0 0 0 0 0 0 0 0 0
187 20 0 0 0 0 0 0 0 0 5 5 0 0
192 5 0 0 0 0 0 0 0 0 0 0 0 0
193 20 0 0 0 0 0 0 0 0 0 0 0 0
198 20 0 0 5 0 0 0 0 0 5 0 0 0
200 20 0 0 5 0 0 5 0 0 0 0 0 0
201 5 0 0 0 0 0 5 0 0 0 0 0 0
203 5 0 0 0 0 0 5 0 0 0 0 0 0
212 15 0 0 10 0 0 0 0 0 0 0 0 0
213 5 0 0 5 0 0 0 0 0 0 0 0 0
fn=dl_main
36 1 1 1 1 0 0 0 0 0 0 0 0 0
37 24 1 1 0 0 0 0 0 0 8 5 0 0
40 8 0 0 8 0 0 0 0 0 0 0 0 0
49 47 0 0 13 0 0 0 0 0 14 1 0 0
53 39 0 0 7 1 0 0 0 0 6 0 0 0
71 3 0 0 0 0 0 1 0 0 0 0 0 0
95 8 0 0 4 0 0 0 0 0 4 1 0 0
100 1 1 1 0 0 0 0 0 0 0 0 0 0
101 2 0 0 0 0 0 1 0 0 0 0 0 0
102 1 0 0 0 0 0 1 0 0 0 0 0 0
103 1 0 0 0 0 0 0 0 0 0 0 0 0
105 9 0 0 0 0 0 1 0 0 2 1 0 0
108 3 1 1 1 0 0 0 0 0 1 0 0 0
109 2 0 0 1 0 0 0 0 0 1 0 0 0
110 2 0 0 1 0 0 0 0 0 1 0 0 0
114 3 0 0 1 0 0 0 0 0 1 0 0 0
118 3 0 0 0 0 0 1 0 0 0 0 0 0
121 3 1 1 1 0 0 0 0 0 0 0 0 0
122 2 0 0 0 0 0 0 0 0 1 0 0 0
126 1 0 0 0 0 0 0 0 0 0 0 0 0
127 4 0 0 0 0 0 1 0 0 0 0 0 0
131 6 1 1 2 0 0 0 0 0 0 0 0 0
132 2 0 0 2 0 0 0 0 0 0 0 0 0
135 4 0 0 0 0 0 0 0 0 2 0 0 0
138 2 0 0 0 0 0 0 0 0 0 0 0 0
139 8 0 0 0 0 0 0 0 0 2 0 0 0
144 4 1 1 0 0 0 0 0 0 0 0 0 0
146 8 0 0 0 0 0 0 0 0 2 2 0 0
151 4 0 0 0 0 0 0 0 0 2 0 0 0
164 4 0 0 0 0 0 0 0 0 2 1 0 0
165 4 0 0 2 0 0 1 0 0 0 0 0 0
166 2 0 0 0 0 0 0 0 0 1 1 0 0
170 3 1 1 1 0 0 1 0 0 0 0 0 0
185 3 0 0 0 0 0 0 0 0 0 0 0 0
187 4 0 0 0 0 0 0 0 0 1 0 0 0
192 1 0 0 0 0 0 0 0 0 0 0 0 0
193 4 0 0 0 0 0 0 0 0 0 0 0 0
198 4 1 1 1 0 0 0 0 0 1 0 0 0
200 4 0 0 1 0 0 1 0 0 0 0 0 0
201 1 0 0 0 0 0 1 0 0 0 0 0 0
203 2 0 0 0 0 0 1 0 0 0 0 0 0
212 5 0 0 4 0 0 0 0 0 0 0 0 0
213 2 0 0 2 0 0 0 0 0 0 0 0 0
fl=./elf/../sysdeps/x86/get-isa-level.h
fn=_dl_hwcaps_subdirs_active
30 2 0 0 0 0 0 0 0 0 1 1 0 0
31 3 1 1 1 0 0 0 0 0 0 0 0 0
32 3 0 0 1 0 0 0 0 0 1 0 0 0
36 3 0 0 0 0 0 0 0 0 1 0 0 0
39 4 0 0 1 0 0 0 0 0 1 0 0 0
40 4 1 1 1 0 0 0 0 0 1 0 0 0
45 4 0 0 0 0 0 0 0 0 1 0 0 0
48 2 0 0 0 0 0 0 0 0 1 0 0 0
49 3 0 0 1 0 0 0 0 0 1 0 0 0
51 4 1 1 0 0 0 0 0 0 1 0 0 0
52 2 0 0 0 0 0 0 0 0 1 0 0 0
53 2 0 0 0 0 0 0 0 0 1 0 0 0
56 2 0 0 0 0 0 0 0 0 1 1 0 0
59 2 0 0 0 0 0 0 0 0 0 0 0 0
fn=update_active.constprop.0
28 1 0 0 0 0 0 0 0 0 0 0 0 0
30 2 0 0 0 0 0 0 0 0 0 0 0 0
31 2 1 1 0 0 0 0 0 0 0 0 0 0
32 3 0 0 0 0 0 0 0 0 1 0 0 0
36 3 0 0 0 0 0 0 0 0 1 1 0 0
38 1 0 0 0 0 0 0 0 0 0 0 0 0
39 3 1 1 1 0 0 0 0 0 1 0 0 0
40 4 0 0 1 0 0 0 0 0 1 0 0 0
45 4 1 1 0 0 0 0 0 0 0 0 0 0
47 1 0 0 0 0 0 0 0 0 0 0 0 0
48 2 0 0 0 0 0 0 0 0 1 0 0 0
49 3 0 0 1 0 0 0 0 0 1 0 0 0
51 4 1 1 0 0 0 0 0 0 0 0 0 0
52 2 0 0 0 0 0 0 0 0 1 0 0 0
53 2 0 0 0 0 0 0 0 0 1 0 0 0
55 1 0 0 0 0 0 0 0 0 0 0 0 0
56 2 0 0 0 0 0 0 0 0 1 1 0 0
59 2 0 0 0 0 0 0 0 0 0 0 0 0
fl=./elf/../sysdeps/x86_64/dl-hwcaps-subdirs.c
fn=_dl_hwcaps_subdirs_active
29 1 1 1 0 0 0 0 0 0 0 0 0 0
38 3 0 0 0 0 0 0 0 0 0 0 0 0
43 1 0 0 0 0 0 0 0 0 0 0 0 0
48 1 0 0 0 0 0 0 0 0 0 0 0 0
52 1 0 0 1 0 0 0 0 0 0 0 0 0
fl=./elf/../sysdeps/x86_64/dl-machine.h
fn=_dl_fixup
229 10 0 0 0 0 0 10 0 0 0 0 0 0
fn=_dl_relocate_object
71 24 0 0 6 0 0 0 0 0 6 2 0 0
77 16 0 0 12 2 0 0 0 0 4 2 0 0
81 12 0 0 4 4 4 0 0 0 4 0 0 0
87 4 0 0 0 0 0 4 0 0 0 0 0 0
95 12 1 1 4 0 0 0 0 0 4 0 0 0
115 8 0 0 4 0 0 0 0 0 4 0 0 0
117 8 0 0 0 0 0 4 0 0 0 0 0 0
119 20 0 0 4 1 0 0 0 0 0 0 0 0
262 6826 0 0 0 0 0 0 0 0 0 0 0 0
283 6826 0 0 0 0 0 0 0 0 3413 0 0 0
287 6826 0 0 0 0 0 0 0 0 3413 0 0 0
294 141942 11 11 33393 1743 1331 16046 2 0 17813 1086 0 0
296 27194 4 4 10200 2 0 0 0 0 6796 17 0 0
299 13579 1 1 3381 0 0 0 0 0 3398 10 0 0
300 4 0 0 0 0 0 0 0 0 2 2 0 0
301 15 0 0 3 0 0 0 0 0 3 0 0 0
304 6 0 0 0 0 0 0 0 0 3 0 0 0
305 9 1 1 3 0 0 0 0 0 3 2 0 0
316 8 1 1 0 0 0 6 0 0 0 0 0 0
323 12 0 0 6 0 0 3 0 0 0 0 3 3
326 20478 0 0 3413 5 3 0 0 0 3413 3 3413 16
360 6 1 1 0 0 0 0 0 0 3 0 0 0
361 9 0 0 6 2 0 3 1 1 0 0 0 0
368 6 0 0 2 0 0 0 0 0 2 0 0 0
370 4 0 0 4 1 1 0 0 0 0 0 0 0
379 4 0 0 2 0 0 2 1 0 0 0 0 0
422 54 1 1 18 0 0 0 0 0 18 1 0 0
426 72 0 0 18 0 0 0 0 0 18 0 0 0
431 54 0 0 36 2 2 0 0 0 0 0 0 0
440 36 0 0 18 0 0 18 6 6 0 0 0 0
450 10164 2 2 6774 424 423 3390 1106 433 0 0 0 0
474 28 0 0 0 0 0 7 0 0 0 0 0 0
484 18 0 0 0 0 0 6 0 0 0 0 0 0
507 4 0 0 4 0 0 0 0 0 0 0 0 0
508 6 1 1 2 0 0 0 0 0 2 0 0 0
509 2 0 0 0 0 0 2 0 0 0 0 2 2
510 4 0 0 2 0 0 2 0 0 0 0 0 0
529 6318 0 0 2106 263 263 0 0 0 0 0 0 0
530 2106 1 1 0 0 0 2106 476 467 0 0 0 0
534 4212 0 0 0 0 0 0 0 0 2106 1 0 0
535 4212 0 0 2106 263 263 0 0 0 0 0 0 0
545 2346 0 0 1173 0 0 0 0 0 0 0 0 0
549 2232 0 0 0 0 0 0 0 0 1116 0 0 0
552 3348 0 0 1116 0 0 0 0 0 1116 0 0 0
553 1116 0 0 1116 145 143 0 0 0 0 0 0 0
579 114 0 0 114 0 0 0 0 0 0 0 0 0
581 57 0 0 0 0 0 57 0 0 0 0 57 57
582 57 0 0 0 0 0 57 1 1 0 0 0 0
fn=_dl_start
45 1 0 0 0 0 0 0 0 0 0 0 0 0
71 1 0 0 1 0 0 0 0 0 0 0 0 0
287 21 0 0 0 0 0 0 0 0 7 0 0 0
296 70 1 1 28 7 7 0 0 0 14 0 0 0
299 14 0 0 0 0 0 0 0 0 7 0 0 0
326 47 2 2 0 0 0 0 0 0 27 7 0 0
346 12 1 1 6 1 1 6 2 2 0 0 0 0
347 6 0 0 0 0 0 0 0 0 0 0 0 0
414 1 1 1 0 0 0 0 0 0 0 0 0 0
534 284 0 0 142 18 18 0 0 0 142 0 0 0
535 426 0 0 142 18 18 142 20 20 0 0 0 0
fn=_dl_sysdep_start
215 1 0 0 0 0 0 1 0 0 0 0 0 0
fl=./elf/../sysdeps/x86_64/dl-runtime.h
fn=_dl_fixup
28 10 0 0 0 0 0 0 0 0 0 0 0 0
fl=./elf/../sysdeps/x86_64/dl-trampoline.h
fn=_dl_runtime_resolve_xsave
67 10 1 1 0 0 0 0 0 0 0 0 0 0
72 10 0 0 0 0 0 10 0 0 0 0 0 0
75 10 0 0 0 0 0 0 0 0 0 0 0 0
77 10 0 0 0 0 0 0 0 0 0 0 0 0
87 10 0 0 10 1 1 0 0 0 0 0 0 0
93 10 0 0 0 0 0 10 2 1 0 0 0 0
94 10 0 0 0 0 0 10 0 0 0 0 0 0
95 10 1 1 0 0 0 10 0 0 0 0 0 0
96 10 0 0 0 0 0 10 0 0 0 0 0 0
97 10 0 0 0 0 0 10 0 0 0 0 0 0
98 10 0 0 0 0 0 10 0 0 0 0 0 0
99 10 0 0 0 0 0 10 0 0 0 0 0 0
103 10 0 0 0 0 0 0 0 0 0 0 0 0
104 10 0 0 0 0 0 0 0 0 0 0 0 0
107 10 0 0 0 0 0 10 1 0 0 0 0 0
108 10 0 0 0 0 0 10 0 0 0 0 0 0
110 10 0 0 0 0 0 10 0 0 0 0 0 0
111 10 0 0 0 0 0 10 0 0 0 0 0 0
112 10 1 1 0 0 0 10 0 0 0 0 0 0
113 10 0 0 0 0 0 10 0 0 0 0 0 0
114 10 0 0 0 0 0 10 0 0 0 0 0 0
115 10 0 0 0 0 0 10 0 0 0 0 0 0
117 10 0 0 10 0 0 330 14 2 0 0 0 0
124 10 0 0 10 0 0 0 0 0 0 0 0 0
125 10 0 0 10 0 0 0 0 0 0 0 0 0
126 10 0 0 0 0 0 10 2 0 0 0 0 0
127 10 0 0 0 0 0 0 0 0 0 0 0 0
132 10 0 0 0 0 0 0 0 0 0 0 0 0
133 10 0 0 0 0 0 0 0 0 0 0 0 0
134 10 0 0 360 0 0 0 0 0 0 0 0 0
136 10 1 1 10 0 0 0 0 0 0 0 0 0
137 10 0 0 10 0 0 0 0 0 0 0 0 0
138 10 0 0 10 0 0 0 0 0 0 0 0 0
139 10 0 0 10 0 0 0 0 0 0 0 0 0
140 10 0 0 10 0 0 0 0 0 0 0 0 0
141 10 0 0 10 0 0 0 0 0 0 0 0 0
142 10 0 0 10 0 0 0 0 0 0 0 0 0
144 10 0 0 0 0 0 0 0 0 0 0 0 0
146 10 0 0 10 0 0 0 0 0 0 0 0 0
150 10 0 0 0 0 0 0 0 0 0 0 0 0
152 10 0 0 0 0 0 0 0 0 0 0 10 10
fl=./elf/./dl-find_object.h
fn=_dl_find_object_from_map
95 14 1 1 7 3 0 7 2 1 0 0 0 0
96 14 1 1 7 1 0 7 0 0 0 0 0 0
97 7 0 0 0 0 0 7 3 3 0 0 0 0
103 35 0 0 14 6 0 0 0 0 0 0 0 0
104 200 0 0 0 0 0 0 0 0 69 4 0 0
105 138 1 1 69 59 8 0 0 0 69 20 0 0
107 21 0 0 14 2 0 7 0 0 0 0 0 0
112 7 0 0 7 0 0 0 0 0 0 0 0 0
fl=./elf/./dl-hwcaps.h
fn=_dl_important_hwcaps
54 12 2 2 3 0 0 6 0 0 0 0 0 0
56 8 0 0 2 0 0 6 0 0 0 0 0 0
57 1 0 0 0 0 0 0 0 0 0 0 0 0
88 9 1 1 4 0 0 5 0 0 0 0 0 0
89 8 0 0 3 0 0 5 0 0 0 0 0 0
90 6 0 0 0 0 0 0 0 0 0 0 0 0
fl=./elf/./dl-load.h
fn=_dl_map_object_from_fd
91 40 0 0 0 0 0 0 0 0 20 11 0 0
92 15 0 0 10 0 0 5 0 0 0 0 0 0
94 40 1 1 20 1 1 0 0 0 20 3 0 0
95 20 1 1 12 0 0 0 0 0 4 0 0 0
96 24 0 0 8 0 0 0 0 0 4 0 0 0
97 16 1 1 4 0 0 0 0 0 0 0 0 0
99 16 0 0 0 0 0 4 0 0 0 0 0 0
fl=./elf/./dl-main.h
fn=dl_main
109 5 1 1 4 0 0 1 0 0 0 0 0 0
fl=./elf/./dl-map-segments.h
fn=_dl_map_object_from_fd
28 15 0 0 10 0 0 0 0 0 5 0 0 0
29 45 1 1 20 0 0 10 1 1 0 0 0 0
96 10 0 0 5 0 0 0 0 0 0 0 0 0
102 5 0 0 0 0 0 5 0 0 0 0 0 0
103 15 0 0 5 0 0 0 0 0 5 0 0 0
106 15 1 1 5 0 0 5 0 0 0 0 0 0
107 10 0 0 0 0 0 5 0 0 0 0 0 0
109 10 0 0 5 0 0 0 0 0 5 4 0 0
116 16 0 0 6 0 0 2 0 0 2 0 0 0
119 14 0 0 2 0 0 2 0 0 2 0 0 0
126 5 1 1 5 0 0 0 0 0 0 0 0 0
128 5 0 0 0 0 0 0 0 0 0 0 0 0
136 100 0 0 0 0 0 0 0 0 20 5 0 0
138 60 0 0 30 0 0 0 0 0 15 0 0 0
140 165 1 1 60 0 0 30 0 0 15 4 0 0
141 15 0 0 15 0 0 0 0 0 0 0 0 0
150 80 0 0 40 0 0 0 0 0 20 11 0 0
156 5 0 0 5 0 0 0 0 0 0 0 0 0
157 5 0 0 5 0 0 0 0 0 0 0 0 0
158 25 0 0 5 0 0 0 0 0 0 0 0 0
159 10 0 0 0 0 0 0 0 0 0 0 0 0
166 10 1 1 0 0 0 0 0 0 5 0 0 0
169 10 0 0 0 0 0 0 0 0 5 0 0 0
177 35 0 0 0 0 0 15 0 0 0 0 0 0
178 10 0 0 10 0 0 0 0 0 0 0 0 0
183 10 0 0 0 0 0 0 0 0 5 2 0 0
187 16 1 1 0 0 0 2 0 0 0 0 0 0
190 4 0 0 0 0 0 0 0 0 2 2 0 0
195 20 1 1 0 0 0 0 0 0 0 0 0 0
fl=./elf/./dl-sym-post.h
fn=lookup_malloc_symbol
41 8 0 0 0 0 0 0 0 0 4 1 0 0
53 12 0 0 4 0 0 0 0 0 4 0 0 0
fl=./elf/./dl-tunable-types.h
fn=__GI___tunable_set_val
90 10 0 0 0 0 0 0 0 0 0 0 0 0
fl=./elf/./elf/dl-audit.c
fn=_dl_audit_activity_map
28 6 1 1 0 0 0 4 0 0 0 0 0 0
29 1 0 0 1 0 0 0 0 0 0 0 0 0
30 3 1 1 1 0 0 0 0 0 1 1 0 0
36 6 1 1 5 0 0 0 0 0 0 0 0 0
fn=_dl_audit_activity_nsid
40 6 1 1 0 0 0 4 0 0 0 0 0 0
44 4 0 0 1 0 0 0 0 0 0 0 0 0
45 1 0 0 1 0 0 0 0 0 0 0 0 0
46 4 1 1 0 0 0 0 0 0 2 0 0 0
50 6 0 0 5 0 0 0 0 0 0 0 0 0
fn=_dl_audit_objopen
76 5 1 1 0 0 0 0 0 0 0 0 0 0
77 20 0 0 10 0 0 0 0 0 5 0 0 0
fn=_dl_audit_preinit
117 1 1 1 0 0 0 0 0 0 0 0 0 0
118 4 0 0 2 0 0 0 0 0 1 0 0 0
fl=./elf/./elf/dl-cache.c
fn=_dl_cache_libcmp
370 108 1 1 0 0 0 0 0 0 0 0 0 0
371 426 1 1 36 0 0 0 0 0 195 10 0 0
373 573 0 0 0 0 0 0 0 0 191 4 0 0
375 199 1 1 0 0 0 0 0 0 4 0 0 0
381 12 0 0 0 0 0 0 0 0 0 0 0 0
382 12 0 0 0 0 0 0 0 0 0 0 0 0
383 171 0 0 159 0 0 0 0 0 4 2 0 0
385 171 0 0 159 1 1 0 0 0 4 2 0 0
387 8 0 0 0 0 0 0 0 0 4 2 0 0
393 374 0 0 0 0 0 0 0 0 187 0 0 0
395 374 0 0 0 0 0 0 0 0 187 32 0 0
396 96 1 1 32 0 0 0 0 0 0 0 0 0
399 155 0 0 0 0 0 0 0 0 0 0 0 0
400 155 0 0 0 0 0 0 0 0 0 0 0 0
403 48 0 0 40 27 27 0 0 0 0 0 0 0
fn=_dl_load_cache_lookup
194 64 0 0 0 0 0 0 0 0 0 0 0 0
208 4 0 0 4 0 0 0 0 0 0 0 0 0
212 32 2 2 4 0 0 12 0 0 0 0 0 0
218 48 1 1 16 0 0 16 0 0 0 0 0 0
219 8 0 0 0 0 0 0 0 0 0 0 0 0
221 20 0 0 0 0 0 0 0 0 0 0 0 0
228 80 1 1 13 0 0 8 0 0 32 4 0 0
230 116 0 0 36 0 0 0 0 0 0 0 0 0
231 64 0 0 32 23 23 0 0 0 0 0 0 0
235 64 0 0 32 0 0 0 0 0 32 0 0 0
239 96 1 1 0 0 0 32 0 0 0 0 0 0
240 64 0 0 0 0 0 0 0 0 32 2 0 0
248 16 1 1 0 0 0 0 0 0 8 2 0 0
250 8 0 0 4 0 0 0 0 0 0 0 0 0
253 8 0 0 0 0 0 0 0 0 4 0 0 0
255 24 0 0 0 0 0 4 0 0 0 0 0 0
257 4 0 0 0 0 0 0 0 0 0 0 0 0
267 8 0 0 0 0 0 0 0 0 4 2 0 0
277 8 1 1 4 0 0 0 0 0 4 0 0 0
278 12 0 0 4 0 0 0 0 0 4 0 0 0
294 8 0 0 0 0 0 0 0 0 4 0 0 0
303 8 0 0 4 0 0 0 0 0 4 0 0 0
306 8 0 0 4 0 0 0 0 0 4 0 0 0
308 12 0 0 4 0 0 0 0 0 4 0 0 0
309 8 0 0 4 0 0 0 0 0 4 0 0 0
314 24 1 1 4 0 0 4 0 0 0 0 0 0
315 16 0 0 4 0 0 0 0 0 4 0 0 0
322 8 0 0 0 0 0 0 0 0 4 0 0 0
343 16 0 0 4 0 0 4 0 0 0 0 0 0
359 28 0 0 0 0 0 0 0 0 28 12 0 0
360 13 0 0 0 0 0 0 0 0 0 0 0 0
362 30 0 0 0 0 0 15 0 0 0 0 0 0
416 40 1 1 0 0 0 24 0 0 0 0 0 0
418 8 0 0 4 0 0 0 0 0 4 0 0 0
421 12 1 1 4 0 0 0 0 0 4 1 0 0
424 5 1 1 0 0 0 1 0 0 0 0 0 0
432 5 1 1 1 0 0 0 0 0 2 0 0 0
433 8 0 0 3 1 1 0 0 0 2 0 0 0
436 7 1 1 0 0 0 0 0 0 1 0 0 0
437 1 0 0 1 0 0 0 0 0 0 0 0 0
444 1 1 1 0 0 0 1 0 0 0 0 0 0
445 2 0 0 0 0 0 1 0 0 0 0 0 0
490 9 0 0 3 0 0 0 0 0 3 0 0 0
495 12 0 0 4 0 0 0 0 0 4 0 0 0
498 12 0 0 4 0 0 4 0 0 0 0 0 0
513 8 0 0 4 0 0 0 0 0 4 0 0 0
525 72 2 2 8 0 0 4 0 0 8 4 0 0
526 16 0 0 4 0 0 4 0 0 0 0 0 0
527 4 0 0 0 0 0 4 0 0 0 0 0 0
528 32 0 0 28 0 0 0 0 0 0 0 0 0
fn=_dl_unload_cache
537 2 1 1 0 0 0 0 0 0 0 0 0 0
538 4 0 0 1 1 0 0 0 0 1 1 0 0
540 2 0 0 1 1 0 1 0 0 0 0 0 0
541 1 1 1 0 0 0 1 0 0 0 0 0 0
545 1 0 0 0 0 0 1 0 0 0 0 0 0
547 2 0 0 1 0 0 0 0 0 0 0 0 0
fl=./elf/./elf/dl-call-libc-early-init.c
fn=_dl_call_libc_early_init
27 4 1 1 0 0 0 2 0 0 0 0 0 0
29 2 0 0 0 0 0 0 0 0 1 0 0 0
33 7 1 1 0 0 0 1 0 0 0 0 0 0
37 2 0 0 0 0 0 0 0 0 1 0 0 0
39 4 0 0 3 0 0 0 0 0 1 0 0 0
40 2 0 0 0 0 0 0 0 0 0 0 1 1
41 3 0 0 2 0 0 0 0 0 0 0 0 0
fl=./elf/./elf/dl-debug.c
fn=_dl_debug_initialize
56 1 1 1 0 0 0 0 0 0 0 0 0 0
57 1 0 0 0 0 0 0 0 0 0 0 0 0
59 2 0 0 0 0 0 0 0 0 1 0 0 0
61 1 0 0 0 0 0 0 0 0 0 0 0 0
63 3 0 0 1 1 1 0 0 0 1 1 0 0
64 2 1 1 0 0 0 1 0 0 0 0 0 0
85 2 1 1 1 0 0 0 0 0 1 0 0 0
90 3 0 0 1 0 0 1 0 0 0 0 0 0
91 2 0 0 0 0 0 1 0 0 0 0 0 0
92 1 0 0 0 0 0 1 0 0 0 0 0 0
95 2 0 0 1 0 0 0 0 0 1 1 0 0
96 6 1 1 1 0 0 1 0 0 0 0 0 0
99 2 0 0 0 0 0 0 0 0 1 1 0 0
107 2 1 1 1 0 0 0 0 0 0 0 0 0
fn=_dl_debug_state
116 2 1 1 0 0 0 0 0 0 0 0 0 0
117 2 0 0 2 0 0 0 0 0 0 0 0 0
fn=_dl_debug_update
38 6 1 0 0 0 0 0 0 0 0 0 0 0
40 12 0 0 0 0 0 0 0 0 6 4 0 0
41 6 0 0 0 0 0 0 0 0 0 0 0 0
44 12 0 0 6 1 0 0 0 0 6 0 0 0
48 6 0 0 6 0 0 0 0 0 0 0 0 0
fl=./elf/./elf/dl-deps.c
fn=_dl_map_object_deps
144 6 1 1 0 0 0 3 2 2 0 0 0 0
145 8 0 0 0 0 0 2 0 0 0 0 0 0
146 5 1 1 0 0 0 0 0 0 0 0 0 0
148 3 0 0 0 0 0 1 0 0 0 0 0 0
152 8 0 0 2 0 0 2 0 0 0 0 0 0
159 15 2 2 0 0 0 7 1 1 0 0 0 0
160 22 2 2 1 1 1 2 0 0 2 2 0 0
176 7 0 0 0 0 0 0 0 0 2 0 0 0
177 1 0 0 1 0 0 0 0 0 0 0 0 0
180 1 0 0 0 0 0 1 0 0 0 0 0 0
198 2 0 0 1 0 0 1 0 0 0 0 0 0
199 3 0 0 1 0 0 1 0 0 0 0 0 0
200 2 1 1 0 0 0 2 0 0 0 0 0 0
202 1 0 0 0 0 0 0 0 0 0 0 0 0
204 19 1 1 13 0 0 0 0 0 0 0 0 0
206 7 0 0 0 0 0 0 0 0 0 0 0 0
209 7 0 0 0 0 0 7 0 0 0 0 0 0
213 28 0 0 7 0 0 7 0 0 7 6 0 0
214 46 2 2 20 1 1 0 0 0 20 3 0 0
217 15 0 0 0 0 0 0 0 0 5 0 0 0
221 15 1 1 5 0 0 5 0 0 0 0 0 0
224 22 1 1 11 0 0 0 0 0 11 3 0 0
226 25 2 2 15 0 0 5 0 0 5 3 0 0
231 10 0 0 5 0 0 5 0 0 0 0 0 0
232 5 0 0 0 0 0 5 1 1 0 0 0 0
233 10 1 1 5 0 0 5 0 0 0 0 0 0
237 578 0 0 152 0 0 5 0 0 142 5 0 0
238 279 0 0 0 0 0 0 0 0 137 11 0 0
244 108 2 2 24 0 0 12 0 0 12 9 0 0
246 12 0 0 0 0 0 12 0 0 0 0 0 0
248 48 1 1 0 0 0 12 0 0 0 0 0 0
249 24 1 1 12 0 0 0 0 0 12 0 0 0
258 12 0 0 12 0 0 0 0 0 0 0 0 0
260 24 0 0 12 0 0 0 0 0 12 4 0 0
265 35 1 1 5 0 0 0 0 0 5 2 0 0
268 5 0 0 0 0 0 5 0 0 0 0 0 0
269 5 0 0 0 0 0 5 0 0 0 0 0 0
270 5 0 0 0 0 0 5 0 0 0 0 0 0
271 10 0 0 5 0 0 5 0 0 0 0 0 0
273 5 0 0 5 0 0 0 0 0 0 0 0 0
275 25 1 1 5 0 0 10 0 0 0 0 0 0
279 36 0 0 12 0 0 0 0 0 12 1 0 0
280 24 0 0 0 0 0 8 0 0 0 0 0 0
282 375 1 1 0 0 0 0 0 0 125 8 0 0
298 1 0 0 0 0 0 1 0 0 0 0 0 0
380 12 1 1 0 0 0 6 0 0 0 0 0 0
433 21 0 0 7 0 0 0 0 0 7 2 0 0
435 15 0 0 0 0 0 5 0 0 0 0 0 0
438 10 1 1 0 0 0 0 0 0 0 0 0 0
439 10 0 0 0 0 0 0 0 0 5 0 0 0
445 5 0 0 0 0 0 5 1 1 0 0 0 0
446 25 0 0 5 0 0 5 0 0 0 0 0 0
447 25 0 0 0 0 0 5 0 0 0 0 0 0
450 5 0 0 0 0 0 5 0 0 0 0 0 0
451 5 0 0 5 0 0 0 0 0 0 0 0 0
455 28 1 1 14 0 0 0 0 0 7 6 0 0
457 7 0 0 7 0 0 0 0 0 0 0 0 0
458 32 0 0 6 0 0 0 0 0 13 10 0 0
464 6 1 1 2 0 0 0 0 0 2 0 0 0
465 1 0 0 0 0 0 1 0 0 0 0 0 0
468 4 0 0 1 0 0 1 0 0 1 1 0 0
479 3 1 1 1 0 0 0 0 0 0 0 0 0
481 2 0 0 0 0 0 0 0 0 1 0 0 0
486 5 0 0 2 0 0 1 0 0 0 0 0 0
487 1 0 0 0 0 0 1 0 0 0 0 0 0
488 9 0 0 1 0 0 0 0 0 0 0 0 0
490 27 1 1 7 0 0 1 0 0 8 2 0 0
494 7 0 0 7 0 0 0 0 0 0 0 0 0
499 14 1 1 0 0 0 0 0 0 7 5 0 0
501 15 0 0 0 0 0 7 1 1 0 0 0 0
506 7 0 0 7 0 0 0 0 0 0 0 0 0
509 2 0 0 1 0 0 0 0 0 1 0 0 0
560 2 1 1 0 0 0 0 0 0 0 0 0 0
561 3 1 1 1 0 0 0 0 0 1 1 0 0
598 3 1 1 1 0 0 0 0 0 1 0 0 0
599 2 0 0 0 0 0 0 0 0 1 1 0 0
602 1 0 0 1 0 0 0 0 0 0 0 0 0
613 5 0 0 0 0 0 1 0 0 0 0 0 0
618 8 1 1 1 0 0 1 0 0 0 0 0 0
619 4 1 1 2 0 0 0 0 0 0 0 0 0
623 1 0 0 0 0 0 1 0 0 0 0 0 0
625 1 0 0 0 0 0 1 0 0 0 0 0 0
626 1 0 0 1 0 0 0 0 0 0 0 0 0
627 2 0 0 0 0 0 0 0 0 1 1 0 0
634 3 0 0 1 0 0 0 0 0 1 1 0 0
637 3 0 0 1 0 0 0 0 0 1 0 0 0
640 8 0 0 7 0 0 0 0 0 0 0 0 0
fn=openaux
61 36 0 0 0 0 0 12 0 0 0 0 0 0
64 132 1 1 48 0 0 24 1 1 0 0 0 0
65 12 0 0 12 0 0 0 0 0 0 0 0 0
68 12 0 0 12 0 0 0 0 0 0 0 0 0
69 24 0 0 24 0 0 0 0 0 0 0 0 0
fl=./elf/./elf/dl-environ.c
fn=_dl_next_ld_env_entry
28 3 1 1 0 0 0 0 0 0 0 0 0 0
29 3 0 0 3 0 0 0 0 0 0 0 0 0
32 97 0 0 32 0 0 0 0 0 32 2 0 0
34 62 0 0 31 0 0 0 0 0 31 17 0 0
35 18 1 1 9 0 0 0 0 0 9 6 0 0
37 2 0 0 0 0 0 0 0 0 0 0 0 0
40 4 0 0 0 0 0 2 0 0 0 0 0 0
42 2 0 0 2 0 0 0 0 0 0 0 0 0
45 29 0 0 0 0 0 0 0 0 0 0 0 0
49 1 0 0 1 0 0 0 0 0 0 0 0 0
fl=./elf/./elf/dl-error-skeleton.c
fn=_dl_catch_error
225 10 1 1 0 0 0 3 0 0 0 0 0 0
227 2 0 0 0 0 0 1 0 0 0 0 0 0
228 2 0 0 1 0 0 1 0 0 0 0 0 0
229 2 0 0 1 0 0 1 0 0 0 0 0 0
230 2 1 1 1 0 0 1 0 0 0 0 0 0
232 5 0 0 4 0 0 0 0 0 0 0 0 0
fn=_dl_catch_exception
175 78 2 2 0 0 0 52 3 3 0 0 0 0
178 26 0 0 0 0 0 0 0 0 13 1 0 0
180 26 0 0 13 0 0 13 0 0 0 0 0 0
199 13 0 0 0 0 0 13 1 1 0 0 0 0
200 26 0 0 0 0 0 13 0 0 0 0 0 0
203 26 0 0 0 0 0 13 0 0 0 0 0 0
206 91 0 0 0 0 0 13 0 0 13 0 0 0
208 39 1 1 26 0 0 13 0 0 0 0 13 2
209 26 0 0 13 0 0 13 0 0 0 0 0 0
210 52 0 0 13 0 0 26 0 0 0 0 0 0
219 52 0 0 26 0 0 0 0 0 0 0 0 0
fn=_dl_receive_error
238 6 0 0 0 0 0 2 0 0 0 0 0 0
239 1 0 0 1 0 0 0 0 0 0 0 0 0
240 1 0 0 1 0 0 0 0 0 0 0 0 0
243 1 1 1 0 0 0 1 0 0 0 0 0 0
244 1 0 0 0 0 0 1 0 0 0 0 0 0
246 1 0 0 0 0 0 1 0 0 0 0 1 1
248 1 0 0 0 0 0 1 0 0 0 0 0 0
249 1 0 0 0 0 0 1 0 0 0 0 0 0
250 4 0 0 3 0 0 0 0 0 0 0 0 0
fl=./elf/./elf/dl-find_object.c
fn=_dl_find_object_init
561 4 1 1 0 0 0 2 0 0 0 0 0 0
564 1 1 1 1 1 0 0 0 0 0 0 0 0
566 2 0 0 1 0 0 0 0 0 1 1 0 0
567 3 1 1 0 0 0 1 0 0 0 0 0 0
579 2 0 0 0 0 0 1 0 0 0 0 0 0
580 3 0 0 1 0 0 1 0 0 0 0 0 0
582 2 1 1 0 0 0 0 0 0 1 0 0 0
585 2 1 1 0 0 0 0 0 0 1 0 0 0
590 1 0 0 0 0 0 1 0 0 0 0 0 0
591 1 0 0 0 0 0 1 0 0 0 0 0 0
594 3 0 0 1 0 0 0 0 0 1 1 0 0
596 2 1 1 0 0 0 1 0 0 0 0 0 0
599 6 0 0 3 0 0 1 0 0 0 0 0 0
601 1 0 0 0 0 0 0 0 0 0 0 0 0
604 4 0 0 3 0 0 0 0 0 0 0 0 0
fn=_dlfo_process_initial
474 4 0 0 0 0 0 2 0 0 0 0 0 0
475 2 0 0 2 0 0 0 0 0 0 0 0 0
477 2 0 0 0 0 0 0 0 0 0 0 0 0
478 4 0 0 2 0 0 0 0 0 2 0 0 0
504 24 2 2 4 1 0 0 0 0 4 0 0 0
505 34 0 0 2 0 0 0 0 0 16 4 0 0
506 14 0 0 14 0 0 0 0 0 0 0 0 0
508 52 1 1 12 0 0 0 0 0 26 2 0 0
511 48 0 0 12 0 0 0 0 0 12 3 0 0
513 36 1 1 12 1 0 0 0 0 12 3 0 0
515 12 0 0 0 0 0 6 0 0 0 0 0 0
516 12 0 0 0 0 0 0 0 0 0 0 0 0
517 24 0 0 0 0 0 0 0 0 0 0 0 0
529 2 0 0 0 0 0 2 0 0 0 0 0 0
531 8 0 0 4 0 0 0 0 0 0 0 0 0
fn=_dlfo_sort_mappings
536 1 1 1 0 0 0 0 0 0 0 0 0 0
537 2 0 0 0 0 0 0 0 0 1 0 0 0
540 24 0 0 5 0 0 0 0 0 5 4 0 0
544 10 0 0 5 0 0 0 0 0 0 0 0 0
545 70 0 0 0 0 0 0 0 0 20 9 0 0
546 85 1 1 15 0 0 0 0 0 15 11 0 0
553 20 0 0 10 0 0 0 0 0 0 0 0 0
554 25 0 0 10 0 0 10 0 0 0 0 0 0
555 10 0 0 0 0 0 10 0 0 0 0 0 0
557 1 0 0 1 0 0 0 0 0 0 0 0 0
fl=./elf/./elf/dl-hwcaps.c
fn=_dl_important_hwcaps
55 16 2 2 0 0 0 4 0 0 4 2 0 0
57 2 0 0 0 0 0 0 0 0 0 0 0 0
58 6 0 0 2 0 0 0 0 0 0 0 0 0
59 2 0 0 0 0 0 0 0 0 0 0 0 0
80 16 2 2 0 0 0 4 0 0 4 2 0 0
82 2 0 0 0 0 0 2 1 1 0 0 0 0
83 16 0 0 4 0 0 8 1 1 0 0 0 0
87 2 0 0 0 0 0 2 0 0 0 0 0 0
89 6 0 0 2 0 0 2 0 0 0 0 0 0
90 2 0 0 0 0 0 0 0 0 0 0 0 0
91 2 0 0 0 0 0 0 0 0 0 0 0 0
103 6 0 0 0 0 0 4 0 0 0 0 0 0
105 2 1 1 0 0 0 0 0 0 1 0 0 0
108 3 0 0 2 0 0 1 0 0 0 0 0 0
111 1 0 0 0 0 0 0 0 0 0 0 0 0
115 4 1 1 0 0 0 1 0 0 1 0 0 0
128 12 1 1 0 0 0 3 0 0 3 2 0 0
130 12 1 1 5 0 0 3 0 0 0 0 0 0
131 8 0 0 2 0 0 2 0 0 0 0 0 0
132 2 0 0 0 0 0 0 0 0 0 0 0 0
133 2 0 0 0 0 0 0 0 0 0 0 0 0
136 2 0 0 1 0 0 0 0 0 1 0 0 0
145 15 1 1 6 0 0 2 0 0 2 0 0 0
146 4 0 0 0 0 0 0 0 0 1 0 0 0
154 2 0 0 2 0 0 0 0 0 0 0 0 0
158 7 1 1 2 0 0 1 0 0 0 0 0 0
159 2 0 0 0 0 0 0 0 0 1 0 0 0
160 3 0 0 0 0 0 0 0 0 1 0 0 0
164 1 0 0 1 0 0 0 0 0 0 0 0 0
165 3 0 0 1 0 0 1 0 0 0 0 0 0
166 2 0 0 0 0 0 2 0 0 0 0 0 0
175 14 2 2 0 0 0 10 2 2 0 0 0 0
176 7 0 0 1 0 0 2 1 1 0 0 0 0
178 2 0 0 1 0 0 1 0 0 0 0 0 0
179 4 0 0 1 0 0 1 0 0 0 0 0 0
204 2 0 0 0 0 0 2 0 0 0 0 0 0
205 3 1 1 0 0 0 0 0 0 0 0 0 0
215 3 0 0 1 0 0 1 0 0 0 0 0 0
216 6 1 1 2 0 0 1 0 0 0 0 0 0
220 19 0 0 3 0 0 0 0 0 3 1 0 0
221 6 0 0 0 0 0 0 0 0 0 0 0 0
222 4 0 0 0 0 0 0 0 0 0 0 0 0
225 3 0 0 0 0 0 1 0 0 0 0 0 0
228 21 3 3 1 0 0 3 0 0 2 2 0 0
230 9 1 1 2 0 0 0 0 0 1 1 0 0
231 4 1 1 2 0 0 2 1 1 2 1 0 0
233 6 0 0 0 0 0 3 0 0 0 0 0 0
234 2 0 0 0 0 0 2 1 1 0 0 0 0
235 6 0 0 0 0 0 0 0 0 0 0 0 0
236 2 0 0 1 0 0 0 0 0 0 0 0 0
238 3 0 0 1 0 0 0 0 0 1 0 0 0
240 4 0 0 0 0 0 1 0 0 0 0 0 0
241 2 1 1 1 0 0 1 0 0 0 0 0 0
242 1 0 0 0 0 0 0 0 0 0 0 0 0
245 5 0 0 1 0 0 1 0 0 0 0 0 0
246 1 0 0 0 0 0 1 0 0 0 0 0 0
249 2 0 0 1 0 0 0 0 0 1 0 0 0
252 3 0 0 1 0 0 0 0 0 1 0 0 0
253 5 1 1 3 0 0 1 0 0 0 0 0 0
256 8 0 0 6 0 0 1 0 0 0 0 0 0
257 3 0 0 1 0 0 0 0 0 1 1 0 0
259 2 1 1 0 0 0 0 0 0 0 0 0 0
260 8 2 2 1 0 0 0 0 0 2 2 0 0
261 4 1 1 2 0 0 0 0 0 0 0 0 0
262 4 1 1 1 0 0 1 0 0 1 0 0 0
272 4 0 0 1 0 0 0 0 0 0 0 0 0
276 10 1 1 3 0 0 3 1 1 0 0 0 0
282 2 0 0 0 0 0 0 0 0 0 0 0 0
283 2 0 0 0 0 0 0 0 0 1 0 0 0
291 3 0 0 1 0 0 0 0 0 0 0 0 0
304 2 0 0 1 0 0 0 0 0 1 0 0 0
306 1 0 0 0 0 0 1 0 0 0 0 0 0
315 2 0 0 1 0 0 1 0 0 0 0 0 0
328 1 1 1 0 0 0 1 0 0 0 0 0 0
331 2 0 0 1 0 0 0 0 0 1 0 0 0
338 1 0 0 1 0 0 0 0 0 0 0 0 0
341 2 0 0 0 0 0 0 0 0 0 0 0 0
344 14 1 1 7 0 0 5 0 0 0 0 0 0
347 17 0 0 4 0 0 2 0 0 2 1 0 0
348 17 2 2 1 0 0 1 0 0 2 1 0 0
349 5 0 0 2 0 0 2 0 0 0 0 0 0
352 12 0 0 4 0 0 4 0 0 0 0 0 0
354 5 1 1 1 0 0 0 0 0 2 1 0 0
359 34 1 1 3 0 0 0 0 0 9 7 0 0
360 8 0 0 0 0 0 8 1 1 0 0 0 0
364 23 0 0 1 0 0 0 0 0 0 0 0 0
367 48 0 0 0 0 0 0 0 0 12 10 0 0
368 72 0 0 0 0 0 0 0 0 24 10 0 0
369 48 1 1 24 0 0 12 0 0 0 0 0 0
371 9 0 0 0 0 0 0 0 0 3 2 0 0
374 3 0 0 1 0 0 0 0 0 0 0 0 0
375 2 1 1 0 0 0 0 0 0 0 0 0 0
376 15 0 0 2 0 0 1 0 0 3 1 0 0
378 6 0 0 0 0 0 0 0 0 2 1 0 0
379 2 0 0 2 0 0 0 0 0 0 0 0 0
381 1 1 1 1 0 0 0 0 0 0 0 0 0
382 7 1 1 0 0 0 2 0 0 0 0 0 0
389 22 0 0 6 0 0 5 0 0 0 0 0 0
390 4 0 0 0 0 0 0 0 0 0 0 0 0
392 8 0 0 0 0 0 0 0 0 4 3 0 0
395 4 0 0 2 0 0 0 0 0 0 0 0 0
401 9 0 0 8 0 0 0 0 0 0 0 0 0
fl=./elf/./elf/dl-hwcaps_split.c
fn=_dl_hwcaps_contains
66 6 1 1 0 0 0 0 0 0 0 0 0 0
67 12 0 0 0 0 0 0 0 0 6 3 0 0
68 6 0 0 0 0 0 0 0 0 0 0 0 0
77 6 0 0 6 0 0 0 0 0 0 0 0 0
fn=_dl_hwcaps_split
25 4 1 1 0 0 0 2 0 0 0 0 0 0
26 3 0 0 1 0 0 0 0 0 1 1 0 0
27 1 0 0 0 0 0 0 0 0 0 0 0 0
47 4 1 1 3 0 0 0 0 0 0 0 0 0
fn=_dl_hwcaps_split_masked
26 42 0 0 14 0 0 0 0 0 14 2 0 0
30 24 0 0 12 0 0 12 0 0 0 0 0 0
34 72 1 1 18 1 1 0 0 0 18 6 0 0
35 12 0 0 0 0 0 6 0 0 0 0 0 0
36 24 0 0 0 0 0 0 0 0 12 3 0 0
41 27 0 0 0 0 0 9 0 0 0 0 0 0
42 18 0 0 0 0 0 0 0 0 9 3 0 0
43 9 0 0 0 0 0 3 0 0 0 0 0 0
45 6 0 0 0 0 0 0 0 0 0 0 0 0
51 55 1 1 0 0 0 22 0 0 0 0 0 0
55 5 1 1 0 0 0 0 0 0 0 0 0 0
56 18 0 0 9 0 0 9 0 0 0 0 0 0
57 27 0 0 0 0 0 9 0 0 0 0 0 0
58 54 0 0 6 0 0 6 0 0 15 6 0 0
62 44 0 0 33 0 0 0 0 0 0 0 0 0
fl=./elf/./elf/dl-init.c
fn=_dl_init
31 48 2 2 16 0 0 0 0 0 8 1 0 0
33 44 0 0 8 0 0 7 0 0 8 1 0 0
77 12 1 1 0 0 0 6 0 0 0 0 0 0
78 1 0 0 1 1 0 0 0 0 0 0 0 0
79 1 0 0 1 0 0 0 0 0 0 0 0 0
82 3 1 1 1 0 0 0 0 0 1 1 0 0
85 2 1 1 0 0 0 1 0 0 0 0 0 0
90 2 0 0 0 0 0 0 0 0 1 0 0 0
115 1 0 0 1 0 0 0 0 0 0 0 0 0
116 26 0 0 0 0 0 0 0 0 8 5 0 0
117 14 0 0 14 0 0 0 0 0 0 0 0 0
123 8 1 1 7 0 0 0 0 0 0 0 0 0
fn=call_init.part.0
26 63 1 1 0 0 0 35 1 0 0 0 0 0
39 21 1 1 7 0 0 7 0 0 0 0 0 0
42 21 0 0 14 5 0 0 0 0 7 3 0 0
43 2 0 0 0 0 0 0 0 0 1 1 0 0
47 12 0 0 6 0 0 0 0 0 6 0 0 0
55 18 0 0 6 5 0 0 0 0 6 2 0 0
56 24 0 0 8 4 0 4 0 0 0 0 4 4
59 6 1 1 6 5 0 0 0 0 0 0 0 0
60 12 0 0 0 0 0 0 0 0 6 2 0 0
66 12 0 0 8 3 0 0 0 0 0 0 0 0
68 8 0 0 8 0 0 0 0 0 0 0 0 0
69 100 0 0 0 0 0 0 0 0 24 13 0 0
70 80 0 0 20 5 0 20 0 0 0 0 20 20
72 42 1 1 42 0 0 0 0 0 0 0 0 0
fl=./elf/./elf/dl-load.c
fn=_dl_dst_count
238 72 1 1 0 0 0 60 0 0 0 0 0 0
241 24 0 0 0 0 0 12 1 1 0 0 0 0
244 24 0 0 0 0 0 0 0 0 12 2 0 0
245 12 1 1 0 0 0 0 0 0 0 0 0 0
264 84 0 0 72 0 0 0 0 0 0 0 0 0
fn=_dl_init_paths
706 13 1 1 0 0 0 8 0 0 0 0 0 0
720 4 1 1 0 0 0 2 1 1 0 0 0 0
725 1 0 0 0 0 0 1 0 0 0 0 0 0
727 2 0 0 0 0 0 0 0 0 1 0 0 0
734 5 0 0 0 0 0 0 0 0 0 0 0 0
735 2 1 1 1 0 0 0 0 0 0 0 0 0
739 4 0 0 0 0 0 1 1 1 0 0 0 0
741 4 0 0 2 0 0 0 0 0 1 0 0 0
747 1 0 0 0 0 0 1 0 0 0 0 0 0
748 1 1 1 0 0 0 1 0 0 0 0 0 0
756 8 0 0 0 0 0 4 0 0 0 0 0 0
758 8 0 0 0 0 0 4 1 1 0 0 0 0
759 4 0 0 0 0 0 4 1 1 0 0 0 0
761 5 0 0 0 0 0 4 0 0 0 0 0 0
762 7 0 0 3 1 1 4 1 1 0 0 0 0
763 7 1 1 0 0 0 0 0 0 0 0 0 0
766 9 0 0 3 1 1 0 0 0 3 0 0 0
767 10 0 0 5 0 0 1 0 0 4 3 0 0
768 18 0 0 0 0 0 4 0 0 0 0 0 0
770 26 3 3 6 0 0 6 0 0 4 1 0 0
776 1 0 0 0 0 0 1 0 0 0 0 0 0
777 1 0 0 0 0 0 1 0 0 0 0 0 0
782 1 0 0 1 0 0 0 0 0 0 0 0 0
785 3 0 0 0 0 0 0 0 0 0 0 0 0
787 4 0 0 1 0 0 0 0 0 1 0 0 0
789 3 1 1 1 0 0 0 0 0 1 1 0 0
806 1 0 0 0 0 0 1 0 0 0 0 0 0
808 3 2 2 1 0 0 0 0 0 1 1 0 0
822 2 1 1 0 0 0 1 0 0 0 0 0 0
825 5 1 1 2 0 0 0 0 0 2 1 0 0
827 23 1 1 2 0 0 2 0 0 2 2 0 0
831 2 0 0 0 0 0 0 0 0 0 0 0 0
832 60 1 1 15 0 0 0 0 0 15 10 0 0
833 14 0 0 0 0 0 0 0 0 0 0 0 0
834 28 0 0 0 0 0 0 0 0 0 0 0 0
836 1 0 0 0 0 0 1 0 0 0 0 0 0
837 1 0 0 0 0 0 0 0 0 0 0 0 0
838 2 1 1 0 0 0 0 0 0 1 0 0 0
844 6 0 0 1 0 0 1 0 0 0 0 0 0
847 3 0 0 2 0 0 0 0 0 1 0 0 0
853 1 0 0 0 0 0 1 0 0 0 0 0 0
857 8 0 0 7 0 0 0 0 0 0 0 0 0
fn=_dl_map_object
682 36 1 1 12 0 0 0 0 0 12 6 0 0
696 20 0 0 4 0 0 8 0 0 0 0 0 0
2022 130 1 1 0 0 0 104 3 3 0 0 0 0
2024 5 0 0 0 0 0 5 1 1 0 0 0 0
2030 26 0 0 0 0 0 0 0 0 13 0 0 0
2031 52 1 1 13 1 1 0 0 0 13 0 0 0
2034 254 0 0 63 0 0 0 0 0 63 10 0 0
2039 406 1 1 116 0 0 0 0 0 58 0 0 0
2041 290 0 0 0 0 0 58 1 1 58 5 0 0
2045 100 0 0 50 0 0 0 0 0 50 0 0 0
2046 150 0 0 50 0 0 0 0 0 50 18 0 0
2049 140 0 0 84 0 0 0 0 0 28 6 0 0
2050 84 1 1 28 0 0 0 0 0 0 0 0 0
2051 112 0 0 0 0 0 28 0 0 28 6 0 0
2068 35 2 2 10 0 0 5 0 0 5 0 0 0
2069 15 0 0 0 0 0 5 0 0 0 0 0 0
2077 15 0 0 5 0 0 0 0 0 5 0 0 0
2092 5 0 0 0 0 0 5 1 1 0 0 0 0
2094 25 0 0 0 0 0 5 0 0 5 3 0 0
2098 16 1 1 0 0 0 8 0 0 0 0 0 0
2100 8 0 0 4 0 0 0 0 0 4 0 0 0
2107 16 0 0 4 0 0 0 0 0 8 2 0 0
2111 8 1 1 4 0 0 4 0 0 0 0 0 0
2112 4 1 1 0 0 0 0 0 0 0 0 0 0
2116 12 0 0 4 0 0 0 0 0 4 2 0 0
2117 4 0 0 0 0 0 0 0 0 0 0 0 0
2131 20 1 1 8 0 0 0 0 0 4 0 0 0
2132 40 1 1 8 0 0 4 0 0 8 0 0 0
2133 4 0 0 0 0 0 0 0 0 0 0 0 0
2142 8 1 1 0 0 0 0 0 0 4 2 0 0
2157 12 1 1 4 0 0 0 0 0 4 0 0 0
2158 56 1 1 4 0 0 16 0 0 4 2 0 0
2164 20 1 1 4 0 0 0 0 0 8 0 0 0
2165 4 0 0 0 0 0 0 0 0 0 0 0 0
2173 4 1 1 0 0 0 4 0 0 0 0 0 0
2187 8 0 0 0 0 0 0 0 0 4 0 0 0
2189 12 0 0 4 0 0 0 0 0 4 0 0 0
2193 12 1 1 0 0 0 4 0 0 0 0 0 0
2195 8 0 0 0 0 0 0 0 0 4 0 0 0
2199 8 0 0 0 0 0 0 0 0 4 0 0 0
2207 12 0 0 4 0 0 0 0 0 4 0 0 0
2230 28 1 1 0 0 0 8 0 0 0 0 0 0
2234 12 0 0 4 0 0 0 0 0 4 0 0 0
2235 8 0 0 0 0 0 4 0 0 0 0 0 0
2252 8 1 1 4 0 0 0 0 0 4 0 0 0
2258 1 0 0 0 0 0 1 0 0 0 0 0 0
2259 4 1 1 0 0 0 1 0 0 0 0 0 0
2260 2 0 0 0 0 0 0 0 0 1 0 0 0
2261 3 0 0 0 0 0 0 0 0 1 0 0 0
2265 6 0 0 0 0 0 2 0 0 0 0 0 0
2268 3 1 1 1 0 0 0 0 0 1 0 0 0
2280 20 0 0 5 0 0 0 0 0 0 0 0 0
2282 16 1 1 0 0 0 0 0 0 4 0 0 0
2326 10 0 0 5 0 0 5 0 0 0 0 0 0
2327 75 1 1 15 0 0 25 0 0 0 0 0 0
2329 117 0 0 91 0 0 0 0 0 0 0 0 0
fn=_dl_map_object_from_fd
944 70 1 1 0 0 0 55 2 2 0 0 0 0
954 15 0 0 5 0 0 10 1 1 0 0 0 0
961 20 0 0 5 0 0 5 0 0 5 2 0 0
999 95 0 0 30 0 0 0 0 0 25 7 0 0
1000 40 0 0 20 0 0 0 0 0 20 0 0 0
1018 10 1 1 5 0 0 0 0 0 5 3 0 0
1046 20 1 1 5 0 0 5 0 0 5 0 0 0
1056 10 0 0 5 0 0 0 0 0 5 0 0 0
1063 40 1 1 25 0 0 5 0 0 0 0 0 0
1064 10 0 0 0 0 0 0 0 0 5 0 0 0
1075 15 0 0 10 0 0 5 3 3 0 0 0 0
1076 20 0 0 10 0 0 10 0 0 0 0 0 0
1077 10 1 1 5 0 0 5 0 0 0 0 0 0
1079 15 0 0 0 0 0 0 0 0 0 0 0 0
1080 20 0 0 10 0 0 0 0 0 5 1 0 0
1081 8 0 0 0 0 0 4 0 0 0 0 0 0
1084 17 3 3 1 0 0 1 0 0 2 2 0 0
1085 6 0 0 1 0 0 1 1 1 1 1 0 0
1096 10 0 0 0 0 0 5 0 0 0 0 0 0
1098 5 0 0 0 0 0 5 0 0 0 0 0 0
1100 110 2 2 10 0 0 5 0 0 10 3 0 0
1101 5 0 0 0 0 0 0 0 0 0 0 0 0
1102 5 0 0 0 0 0 5 0 0 0 0 0 0
1103 5 1 1 0 0 0 5 0 0 0 0 0 0
1104 5 0 0 0 0 0 0 0 0 0 0 0 0
1110 202 1 1 5 0 0 0 0 0 64 2 0 0
1111 504 2 2 59 1 1 0 0 0 251 57 0 0
1117 10 1 1 5 0 0 0 0 0 5 0 0 0
1124 12 0 0 7 0 0 5 0 0 0 0 0 0
1125 15 0 0 5 0 0 5 0 0 0 0 0 0
1126 50 1 1 10 0 0 5 0 0 0 0 0 0
1131 2 0 0 1 1 1 1 0 0 0 0 0 0
1132 1 0 0 0 0 0 0 0 0 0 0 0 0
1137 135 0 0 45 0 0 5 0 0 20 0 0 0
1145 40 0 0 0 0 0 0 0 0 0 0 0 0
1146 150 0 0 0 0 0 25 4 4 0 0 0 0
1147 60 1 1 20 0 0 0 0 0 0 0 0 0
1148 60 0 0 0 0 0 20 0 0 0 0 0 0
1149 40 1 1 20 0 0 20 0 0 0 0 0 0
1151 140 0 0 20 0 0 0 0 0 0 0 0 0
1153 40 0 0 20 0 0 20 3 3 0 0 0 0
1157 40 0 0 0 0 0 0 0 0 20 5 0 0
1158 75 0 0 30 0 0 15 0 0 0 0 0 0
1162 40 1 1 0 0 0 0 0 0 0 0 0 0
1163 160 0 0 20 0 0 20 2 2 0 0 0 0
1173 20 0 0 0 0 0 0 0 0 0 0 0 0
1176 6 0 0 2 0 0 0 0 0 2 0 0 0
1180 8 0 0 0 0 0 2 2 2 0 0 0 0
1181 2 0 0 2 0 0 0 0 0 0 0 0 0
1185 10 1 1 0 0 0 2 0 0 0 0 0 0
1186 4 0 0 2 0 0 2 0 0 0 0 0 0
1189 2 0 0 0 0 0 2 1 1 0 0 0 0
1194 8 0 0 2 0 0 0 0 0 2 2 0 0
1195 10 0 0 5 0 0 5 0 0 0 0 0 0
1201 25 1 1 5 0 0 5 0 0 0 0 0 0
1209 10 1 1 5 0 0 5 0 0 0 0 0 0
1210 5 0 0 0 0 0 0 0 0 0 0 0 0
1213 20 0 0 10 0 0 5 2 2 0 0 0 0
1218 15 0 0 0 0 0 0 0 0 5 0 0 0
1228 90 0 0 0 0 0 0 0 0 20 9 0 0
1229 40 0 0 0 0 0 20 0 0 0 0 0 0
1235 10 1 1 0 0 0 0 0 0 5 0 0 0
1245 20 0 0 10 0 0 0 0 0 10 0 0 0
1252 35 1 1 15 0 0 5 0 0 0 0 0 0
1268 20 2 2 10 0 0 0 0 0 5 0 0 0
1269 15 0 0 5 0 0 5 0 0 0 0 0 0
1275 18 2 2 4 0 0 0 0 0 0 0 0 0
1276 10 0 0 0 0 0 0 0 0 5 5 0 0
1278 10 1 1 0 0 0 0 0 0 5 5 0 0
1288 15 0 0 5 0 0 0 0 0 5 0 0 0
1307 15 0 0 5 0 0 5 0 0 0 0 0 0
1309 25 1 1 10 0 0 0 0 0 5 0 0 0
1361 15 0 0 5 3 3 0 0 0 5 3 0 0
1362 4 0 0 2 0 0 2 0 0 0 0 0 0
1368 183 1 1 74 0 0 15 0 0 64 5 0 0
1369 275 0 0 59 49 49 0 0 0 108 41 0 0
1375 79 1 1 5 0 0 5 0 0 0 0 0 0
1380 20 1 1 5 0 0 5 0 0 5 0 0 0
1393 10 0 0 5 0 0 0 0 0 5 0 0 0
1395 20 0 0 10 0 0 5 0 0 0 0 0 0
1397 10 1 1 5 0 0 0 0 0 5 0 0 0
1413 10 0 0 0 0 0 5 0 0 0 0 0 0
1417 10 0 0 5 0 0 0 0 0 5 0 0 0
1418 10 0 0 5 0 0 0 0 0 5 0 0 0
1435 10 0 0 5 0 0 0 0 0 5 2 0 0
1436 1 0 0 0 0 0 1 0 0 0 0 0 0
1439 10 1 1 5 0 0 5 0 0 0 0 0 0
1444 10 0 0 5 0 0 0 0 0 5 0 0 0
1454 10 0 0 5 0 0 0 0 0 5 0 0 0
1461 30 0 0 10 0 0 0 0 0 5 3 0 0
1462 15 1 1 5 0 0 0 0 0 5 1 0 0
1463 36 0 0 12 0 0 4 0 0 8 5 0 0
1464 12 0 0 4 0 0 0 0 0 0 0 0 0
1465 5 0 0 1 0 0 1 0 0 0 0 0 0
1471 10 1 1 5 0 0 0 0 0 5 3 0 0
1472 8 0 0 2 0 0 0 0 0 2 0 0 0
1477 4 0 0 0 0 0 2 0 0 0 0 0 0
1484 15 0 0 5 0 0 5 0 0 0 0 0 0
1487 20 0 0 10 0 0 0 0 0 5 5 0 0
1506 25 2 2 10 0 0 0 0 0 5 5 0 0
1510 35 1 1 15 0 0 0 0 0 5 0 0 0
1511 20 0 0 5 0 0 5 0 0 0 0 0 0
1515 45 1 1 35 0 0 0 0 0 0 0 0 0
fn=_dl_process_pt_gnu_property
868 12 1 1 0 0 0 0 0 0 0 0 0 0
869 12 1 1 12 0 0 0 0 0 0 0 0 0
870 6 0 0 6 0 0 0 0 0 0 0 0 0
876 12 0 0 6 0 0 0 0 0 6 0 0 0
882 30 0 0 0 0 0 0 0 0 6 0 0 0
885 18 0 0 6 5 5 0 0 0 6 0 0 0
886 12 0 0 6 1 1 0 0 0 6 0 0 0
887 12 1 1 6 0 0 0 0 0 6 0 0 0
930 6 0 0 6 0 0 0 0 0 0 0 0 0
fn=expand_dynamic_string_token
241 6 1 1 0 0 0 2 0 0 0 0 0 0
244 4 0 0 0 0 0 0 0 0 2 0 0 0
385 18 1 1 0 0 0 12 0 0 0 0 0 0
399 4 0 0 0 0 0 0 0 0 0 0 0 0
410 14 0 0 12 0 0 0 0 0 0 0 0 0
fn=fillin_rpath.isra.0
468 15 2 2 0 0 0 11 0 0 0 0 0 0
472 1 0 0 0 0 0 0 0 0 0 0 0 0
474 12 0 0 2 0 0 2 0 0 2 1 0 0
481 2 0 0 1 0 0 0 0 0 1 0 0 0
483 4 0 0 1 0 0 1 0 0 0 0 0 0
487 2 0 0 0 0 0 0 0 0 1 0 0 0
492 3 1 1 0 0 0 1 0 0 0 0 0 0
493 2 0 0 0 0 0 0 0 0 1 1 0 0
500 5 0 0 1 0 0 0 0 0 2 2 0 0
505 4 1 1 0 0 0 2 0 0 0 0 0 0
509 15 1 1 5 0 0 0 0 0 5 2 0 0
510 8 0 0 4 0 0 0 0 0 4 4 0 0
528 6 2 2 1 0 0 1 0 0 1 1 0 0
532 3 1 1 2 0 0 0 0 0 0 0 0 0
534 2 0 0 0 0 0 0 0 0 1 0 0 0
538 1 0 0 0 0 0 1 0 0 0 0 0 0
539 2 0 0 1 0 0 0 0 0 0 0 0 0
540 4 0 0 0 0 0 2 0 0 0 0 0 0
541 1 0 0 0 0 0 1 0 0 0 0 0 0
543 2 1 1 1 0 0 0 0 0 1 1 0 0
549 4 0 0 1 0 0 0 0 0 0 0 0 0
550 28 2 2 1 0 0 0 0 0 7 2 0 0
551 9 0 0 0 0 0 4 0 0 0 0 0 0
553 2 0 0 1 0 0 1 0 0 0 0 0 0
554 3 0 0 1 0 0 0 0 0 1 1 0 0
555 1 0 0 0 0 0 1 0 0 0 0 0 0
561 2 0 0 1 0 0 1 0 0 0 0 0 0
562 2 0 0 0 0 0 1 0 0 0 0 0 0
565 2 1 1 0 0 0 1 0 0 0 0 0 0
571 1 0 0 0 0 0 1 0 0 0 0 0 0
574 8 0 0 7 0 0 0 0 0 0 0 0 0
fn=open_path
1870 56 2 2 4 0 0 44 3 3 0 0 0 0
1871 8 0 0 4 0 0 4 0 0 0 0 0 0
1874 4 0 0 0 0 0 4 0 0 0 0 0 0
1875 8 1 1 0 0 0 8 0 0 0 0 0 0
1877 8 0 0 0 0 0 0 0 0 4 0 0 0
1882 84 2 2 12 0 0 0 0 0 8 4 0 0
1885 8 0 0 8 0 0 0 0 0 0 0 0 0
1889 4 0 0 0 0 0 4 0 0 0 0 0 0
1894 24 1 1 4 0 0 4 1 1 4 0 0 0
1901 20 0 0 8 0 0 4 1 1 0 0 0 0
1902 225 2 2 17 0 0 0 0 0 44 3 0 0
1905 80 0 0 40 0 0 0 0 0 40 11 0 0
1910 156 1 1 65 0 0 26 0 0 0 0 0 0
1913 26 0 0 0 0 0 13 0 0 0 0 0 0
1919 39 0 0 13 0 0 0 0 0 13 0 0 0
1922 91 1 1 39 0 0 13 0 0 0 0 0 0
1924 39 0 0 13 0 0 0 0 0 13 2 0 0
1926 20 0 0 0 0 0 0 0 0 10 2 0 0
1931 20 1 1 0 0 0 0 0 0 10 0 0 0
1932 70 0 0 30 0 0 0 0 0 10 0 0 0
1938 30 1 1 20 0 0 10 0 0 0 0 0 0
1940 60 0 0 10 0 0 10 0 0 10 2 0 0
1941 2 0 0 1 0 0 0 0 0 0 0 0 0
1943 38 1 1 1 0 0 11 0 0 0 0 0 0
1950 12 0 0 3 0 0 0 0 0 0 0 0 0
1952 6 0 0 0 0 0 0 0 0 3 0 0 0
1960 20 0 0 0 0 0 4 0 0 0 0 0 0
1988 4 0 0 0 0 0 0 0 0 0 0 0 0
1991 32 2 2 8 0 0 0 0 0 8 0 0 0
1996 8 0 0 8 0 0 0 0 0 0 0 0 0
1998 16 0 0 12 0 0 0 0 0 4 0 0 0
2001 12 0 0 4 0 0 0 0 0 4 0 0 0
2015 36 0 0 28 0 0 0 0 0 0 0 0 0
fn=open_verify.constprop.0
1568 187 1 1 0 0 0 102 1 1 0 0 0 0
1607 51 0 0 17 0 0 0 0 0 17 0 0 0
1612 26 1 1 0 0 0 0 0 0 0 0 0 0
1626 85 0 0 0 0 0 17 1 1 0 0 0 0
1628 34 1 1 0 0 0 0 0 0 17 4 0 0
1633 4 0 0 0 0 0 0 0 0 0 0 0 0
1639 4 0 0 0 0 0 4 0 0 0 0 0 0
1640 4 0 0 0 0 0 4 0 0 0 0 0 0
1645 40 0 0 4 0 0 8 0 0 0 0 0 0
1647 8 1 1 0 0 0 0 0 0 4 0 0 0
1649 8 0 0 4 0 0 4 0 0 0 0 0 0
1651 8 0 0 0 0 0 0 0 0 4 0 0 0
1657 8 0 0 0 0 0 0 0 0 4 0 0 0
1674 65 3 3 23 1 1 0 0 0 23 10 0 0
1748 8 1 1 4 0 0 0 0 0 4 0 0 0
1753 8 0 0 4 0 0 0 0 0 4 0 0 0
1755 16 0 0 4 0 0 0 0 0 4 0 0 0
1761 8 0 0 4 0 0 0 0 0 4 0 0 0
1767 20 1 1 4 0 0 0 0 0 0 0 0 0
1768 16 0 0 4 0 0 0 0 0 4 1 0 0
1769 6 0 0 3 0 0 0 0 0 0 0 0 0
1772 16 3 3 1 0 0 0 0 0 2 2 0 0
1773 9 1 1 1 0 0 2 0 0 1 0 0 0
1789 243 0 0 1 0 0 0 0 0 41 2 0 0
1790 102 0 0 47 11 11 0 0 0 47 21 0 0
1791 32 1 1 8 1 1 0 0 0 8 0 0 0
1795 32 0 0 16 0 0 0 0 0 8 5 0 0
1796 18 0 0 6 0 0 0 0 0 0 0 0 0
1801 4 0 0 0 0 0 0 0 0 2 0 0 0
1802 32 1 1 2 0 0 0 0 0 4 4 0 0
1812 28 1 1 6 0 0 8 0 0 2 0 0 0
1820 72 2 2 20 2 2 0 0 0 10 5 0 0
1822 8 0 0 0 0 0 0 0 0 0 0 0 0
1823 72 2 2 24 0 0 0 0 0 0 0 0 0
1826 24 0 0 0 0 0 0 0 0 8 5 0 0
1831 2 0 0 0 0 0 0 0 0 0 0 0 0
1832 16 0 0 6 0 0 0 0 0 0 0 0 0
1835 4 0 0 0 0 0 0 0 0 2 0 0 0
1838 6 0 0 2 0 0 0 0 0 0 0 0 0
1839 10 0 0 2 0 0 0 0 0 0 0 0 0
1840 4 0 0 2 0 0 0 0 0 0 0 0 0
1841 6 0 0 2 0 0 0 0 0 2 0 0 0
1842 6 0 0 2 0 0 0 0 0 2 2 0 0
1856 153 1 1 119 0 0 0 0 0 0 0 0 0
fn=open_verify.constprop.1
1568 11 1 1 0 0 0 6 0 0 0 0 0 0
1607 3 1 1 1 0 0 0 0 0 1 0 0 0
1626 5 0 0 0 0 0 1 1 1 0 0 0 0
1628 2 0 0 0 0 0 0 0 0 1 0 0 0
1633 1 0 0 0 0 0 0 0 0 0 0 0 0
1639 1 0 0 0 0 0 1 0 0 0 0 0 0
1640 1 0 0 0 0 0 1 1 1 0 0 0 0
1645 10 1 1 1 0 0 2 0 0 0 0 0 0
1647 2 0 0 0 0 0 0 0 0 1 0 0 0
1649 2 0 0 1 0 0 1 0 0 0 0 0 0
1651 2 0 0 0 0 0 0 0 0 1 0 0 0
1657 2 0 0 0 0 0 0 0 0 1 0 0 0
1674 14 2 2 5 0 0 0 0 0 5 1 0 0
1748 2 0 0 1 0 0 0 0 0 1 0 0 0
1753 2 0 0 1 0 0 0 0 0 1 0 0 0
1755 4 1 1 1 0 0 0 0 0 1 0 0 0
1761 2 0 0 1 1 1 0 0 0 1 0 0 0
1767 5 0 0 1 0 0 0 0 0 0 0 0 0
1768 4 0 0 1 0 0 0 0 0 1 0 0 0
1769 2 0 0 1 0 0 0 0 0 0 0 0 0
1789 70 1 1 0 0 0 0 0 0 12 1 0 0
1790 28 1 1 13 9 9 0 0 0 13 7 0 0
1791 8 0 0 2 0 0 0 0 0 2 0 0 0
1795 8 0 0 4 0 0 0 0 0 2 2 0 0
1796 6 1 1 2 0 0 0 0 0 0 0 0 0
1820 15 1 1 4 1 1 0 0 0 2 2 0 0
1822 2 0 0 0 0 0 0 0 0 0 0 0 0
1823 18 1 1 6 0 0 0 0 0 0 0 0 0
1826 6 0 0 0 0 0 0 0 0 2 2 0 0
1832 4 1 1 2 0 0 0 0 0 0 0 0 0
1856 9 0 0 7 0 0 0 0 0 0 0 0 0
fl=./elf/./elf/dl-lookup-direct.c
fn=_dl_lookup_direct
32 15 1 1 9 0 0 0 0 0 3 3 0 0
33 9 0 0 0 0 0 0 0 0 0 0 0 0
35 6 0 0 3 3 3 0 0 0 0 0 0 0
36 6 0 0 3 0 0 0 0 0 3 0 0 0
48 12 0 0 3 0 0 6 0 0 3 0 0 0
51 6 1 1 6 0 0 0 0 0 0 0 0 0
53 18 0 0 3 0 0 3 0 0 3 0 0 0
57 9 0 0 9 2 1 0 0 0 0 0 0 0
58 21 1 1 9 0 0 0 0 0 3 0 0 0
59 15 0 0 6 0 0 3 0 0 3 0 0 0
74 36 2 2 0 0 0 24 0 0 0 0 0 0
76 6 0 0 3 0 0 0 0 0 3 0 0 0
78 21 0 0 9 3 0 0 0 0 0 0 0 0
79 6 1 1 0 0 0 0 0 0 3 0 0 0
81 12 0 0 3 0 0 3 0 0 0 0 0 0
84 25 0 0 5 4 3 0 0 0 5 3 0 0
86 9 0 0 3 0 0 0 0 0 0 0 0 0
93 6 1 1 0 0 0 0 0 0 2 2 0 0
115 3 0 0 0 0 0 0 0 0 0 0 0 0
116 27 0 0 21 0 0 0 0 0 0 0 0 0
fl=./elf/./elf/dl-lookup.c
fn=_dl_lookup_symbol_x
204 12732 0 0 4244 0 0 4244 0 0 0 0 0 0
580 4244 0 0 0 0 0 0 0 0 0 0 0 0
581 372120 0 0 93030 1797 1591 0 0 0 93030 2162 0 0
582 363632 1 1 0 0 0 0 0 0 0 0 0 0
583 2122 0 0 0 0 0 0 0 0 0 0 0 0
840 29708 2 2 0 0 0 21220 6 0 0 0 0 0
842 4244 0 0 0 0 0 2122 0 0 0 0 0 0
843 4244 0 0 0 0 0 2122 0 0 0 0 0 0
846 2122 0 0 2122 3 1 0 0 0 0 0 0 0
850 16922 1 1 6348 0 0 2122 3 0 4226 19 0 0
852 12732 1 1 2122 0 0 2122 0 0 0 0 0 0
853 4244 0 0 2122 0 0 0 0 0 2122 0 0 0
855 4244 0 0 4244 4 0 0 0 0 0 0 0 0
859 4319 0 0 15 0 0 0 0 0 2137 3 0 0
860 36074 1 1 12732 0 0 14854 3 1 2122 7 0 0
865 6366 0 0 2122 0 0 0 0 0 2122 2 0 0
867 90 1 1 15 0 0 0 0 0 30 2 0 0
884 2122 1 1 0 0 0 2122 0 0 0 0 0 0
885 45 1 1 0 0 0 0 0 0 0 0 0 0
888 4244 0 0 2122 0 0 0 0 0 0 0 0 0
889 14733 0 0 2103 0 0 0 0 0 4210 5 0 0
896 2107 1 1 2107 0 0 0 0 0 0 0 0 0
929 8428 0 0 2107 0 0 0 0 0 2107 0 0 0
943 6321 0 0 2107 10 2 0 0 0 2107 3 0 0
944 2 1 1 0 0 0 1 0 0 0 0 0 0
946 6321 0 0 2107 0 0 0 0 0 2107 1 0 0
953 19098 0 0 14854 0 0 0 0 0 0 0 0 0
1008 4214 0 0 2107 0 0 0 0 0 0 0 0 0
fn=check_match
70 27482 1 1 4228 0 0 10570 0 0 0 0 0 0
73 14798 1 1 4228 282 206 0 0 0 2119 7 0 0
78 2106 1 1 0 0 0 0 0 0 0 0 0 0
86 10545 0 0 0 0 0 0 0 0 2109 0 0 0
89 4602 0 0 128 0 0 64 1 0 2173 33 0 0
93 2109 0 0 2109 5 1 0 0 0 0 0 0 0
94 4218 0 0 0 0 0 0 0 0 2109 4 0 0
96 4212 1 1 0 0 0 0 0 0 2106 0 0 0
115 4212 0 0 4212 45 16 0 0 0 0 0 0 0
116 16848 0 0 6318 19 1 0 0 0 2106 13 0 0
117 10520 2 2 4208 8 1 2104 2 1 2104 10 0 0
118 4 0 0 2 0 0 0 0 0 0 0 0 0
119 4 0 0 0 0 0 0 0 0 2 2 0 0
144 6 0 0 0 0 0 0 0 0 3 0 0 0
146 18 0 0 6 3 1 0 0 0 3 2 0 0
147 12 0 0 0 0 0 0 0 0 0 0 0 0
150 2 0 0 0 0 0 0 0 0 1 0 0 0
151 7 0 0 3 0 0 1 0 0 1 0 0 0
153 3 0 0 1 0 0 1 0 0 0 0 0 0
155 13 0 0 0 0 0 0 0 0 0 0 0 0
162 12684 0 0 12684 0 0 0 0 0 0 0 0 0
fn=do_lookup_x
170 301 0 0 0 0 0 0 0 0 0 0 0 0
171 641 2 2 236 0 0 4 0 0 0 0 0 0
172 940 2 2 250 47 47 0 0 0 250 64 0 0
174 98 0 0 0 0 0 0 0 0 0 0 0 0
175 294 0 0 0 0 0 0 0 0 98 42 0 0
176 528 1 1 0 0 0 0 0 0 0 0 0 0
179 152 0 0 0 0 0 152 0 0 0 0 0 0
180 152 0 0 0 0 0 152 0 0 0 0 0 0
182 152 0 0 0 0 0 152 40 35 0 0 0 0
183 70 0 0 0 0 0 0 0 0 0 0 0 0
222 488 1 1 122 0 0 122 0 0 0 0 0 0
224 1342 1 1 244 2 0 488 0 0 0 0 122 1
226 366 0 0 122 2 1 122 0 0 0 0 0 0
227 122 0 0 122 0 0 0 0 0 0 0 0 0
228 366 0 0 122 0 0 0 0 0 122 1 0 0
230 2684 2 2 308 0 0 484 0 0 0 0 0 0
231 726 0 0 0 0 0 0 0 0 0 0 0 0
234 759 0 0 253 55 25 0 0 0 253 58 0 0
235 413 0 0 293 0 0 40 0 0 40 0 0 0
237 200 1 1 120 0 0 0 0 0 40 1 0 0
247 40 0 0 40 0 0 0 0 0 0 0 0 0
248 80 0 0 80 0 0 0 0 0 0 0 0 0
250 160 0 0 80 0 0 120 0 0 0 0 40 1
251 40 0 0 0 0 0 0 0 0 0 0 0 0
254 426 0 0 0 0 0 0 0 0 213 83 0 0
257 132 0 0 0 0 0 0 0 0 0 0 0 0
258 396 0 0 0 0 0 0 0 0 132 55 0 0
259 132 1 1 0 0 0 0 0 0 0 0 0 0
262 1134 0 0 405 0 0 0 0 0 81 2 0 0
269 10 1 1 0 0 0 4 0 0 0 0 0 0
272 4 0 0 0 0 0 0 0 0 2 0 0 0
279 286 1 1 2 0 0 0 0 0 94 8 0 0
280 276 0 0 92 4 1 0 0 0 92 26 0 0
281 350 1 1 210 3 0 0 0 0 0 0 0 0
285 16 0 0 6 0 0 4 0 0 0 0 2 1
286 2 0 0 0 0 0 2 0 0 0 0 0 0
288 2 0 0 0 0 0 2 0 0 0 0 0 0
289 6 1 1 4 0 0 2 0 0 0 0 0 0
305 3 1 1 0 0 0 1 0 0 1 0 0 0
313 2 0 0 1 0 0 0 0 0 0 0 0 0
315 2 0 0 0 0 0 0 0 0 1 0 0 0
318 1 0 0 0 0 0 1 0 0 0 0 0 0
319 1 1 1 0 0 0 1 0 0 0 0 0 0
320 2 0 0 1 0 0 1 0 0 0 0 0 0
323 574 0 0 246 0 0 0 0 0 82 13 0 0
324 492 1 1 164 0 0 0 0 0 0 0 0 0
331 328 0 0 82 0 0 0 0 0 82 22 0 0
342 410 1 1 164 0 0 0 0 0 0 0 0 0
347 164 0 0 164 1 0 82 0 0 0 0 82 1
349 328 0 0 164 0 0 82 0 0 0 0 0 0
363 27586 2 2 4244 0 0 19098 6 1 0 0 0 0
364 2122 0 0 2122 2 1 0 0 0 0 0 0 0
370 2122 0 0 2122 0 0 0 0 0 0 0 0 0
374 13514 1 1 13514 21 6 0 0 0 0 0 0 0
377 13514 0 0 0 0 0 0 0 0 6757 0 0 0
381 26246 1 1 2122 0 0 6366 3 1 6757 17 0 0
385 13514 0 0 6757 14 5 0 0 0 6757 0 0 0
389 13514 1 1 6757 2 0 0 0 0 6757 9 0 0
395 20271 1 1 6757 10 3 0 0 0 6757 0 0 0
399 6757 0 0 0 0 0 6757 0 0 0 0 0 0
400 6757 0 0 0 0 0 6757 0 0 0 0 0 0
403 33785 0 0 20271 36 10 0 0 0 6757 4 0 0
404 20271 1 1 13514 9 1 6757 0 0 0 0 0 0
407 6757 0 0 6757 0 0 0 0 0 0 0 0 0
408 13514 0 0 0 0 0 0 0 0 6757 0 0 0
410 6757 0 0 6757 528 123 0 0 0 0 0 0 0
411 6366 0 0 0 0 0 2122 0 0 0 0 0 0
412 13514 0 0 13514 0 0 0 0 0 0 0 0 0
415 33785 0 0 13514 0 0 0 0 0 0 0 0 0
418 47299 0 0 0 0 0 0 0 0 6757 2180 0 0
421 4314 0 0 4314 812 199 0 0 0 0 0 0 0
422 8628 1 1 0 0 0 0 0 0 0 0 0 0
423 4314 0 0 0 0 0 0 0 0 2157 6 0 0
425 25824 1 1 6456 0 0 10760 0 0 0 0 0 0
428 26605 1 1 5321 1427 465 0 0 0 5321 2346 0 0
430 6342 0 0 2114 0 0 0 0 0 0 0 0 0
431 29596 1 1 10570 0 0 12684 3 1 0 0 0 0
432 4228 0 0 0 0 0 0 0 0 0 0 0 0
435 6342 0 0 0 0 0 0 0 0 2114 10 0 0
438 9661 0 0 8 0 0 0 0 0 3215 46 0 0
452 16848 1 1 10530 0 0 0 0 0 0 0 0 0
469 93 1 1 47 0 0 0 0 0 46 4 0 0
471 2 0 0 0 0 0 0 0 0 1 1 0 0
477 4214 1 1 2107 0 0 0 0 0 2107 0 0 0
528 4214 0 0 0 0 0 0 0 0 2107 0 0 0
535 10852 0 0 2107 0 0 0 0 0 3319 387 0 0
539 4320 1 1 1440 1 0 0 0 0 1440 1 0 0
551 3970 0 0 1985 0 0 1985 0 0 0 0 0 0
552 1985 0 0 0 0 0 1985 0 0 0 0 0 0
553 4214 0 0 0 0 0 0 0 0 0 0 0 0
570 13950 0 0 0 0 0 0 0 0 4650 15 0 0
573 15 0 0 0 0 0 0 0 0 0 0 0 0
574 16976 1 1 14854 0 0 0 0 0 0 0 0 0
fl=./elf/./elf/dl-minimal-malloc.c
fn=__minimal_calloc
78 85 2 2 0 0 0 0 0 0 0 0 0 0
82 17 0 0 0 0 0 0 0 0 0 0 0 0
85 17 0 0 0 0 0 0 0 0 0 0 0 0
86 51 0 0 0 0 0 0 0 0 17 12 0 0
fn=__minimal_free
95 8 0 0 0 0 0 0 0 0 0 0 0 0
97 32 2 1 16 0 0 0 0 0 8 0 0 0
fn=__minimal_malloc
35 210 1 1 0 0 0 84 0 0 0 0 0 0
36 126 0 0 42 4 1 0 0 0 42 1 0 0
41 3 0 0 0 0 0 1 0 0 0 0 0 0
42 2 1 1 1 0 0 0 0 0 0 0 0 0
43 2 0 0 0 0 0 0 0 0 0 0 0 0
47 168 1 1 42 0 0 42 0 0 0 0 0 0
50 282 0 0 0 0 0 0 0 0 81 3 0 0
55 12 1 1 3 0 0 0 0 0 0 0 0 0
56 12 0 0 0 0 0 0 0 0 3 0 0 0
58 3 0 0 0 0 0 0 0 0 0 0 0 0
59 24 0 0 0 0 0 3 1 1 0 0 0 0
61 6 0 0 0 0 0 0 0 0 3 0 0 0
63 6 0 0 3 0 0 0 0 0 3 1 0 0
65 8 0 0 0 0 0 3 0 0 0 0 0 0
68 43 0 0 1 0 0 42 4 1 0 0 0 0
69 46 0 0 0 0 0 42 0 0 0 0 0 0
71 168 0 0 126 0 0 0 0 0 0 0 0 0
fl=./elf/./elf/dl-minimal.c
fn=__rtld_malloc_init_real
76 8 1 1 0 0 0 5 0 0 0 0 0 0
86 2 0 0 0 0 0 1 0 0 0 0 0 0
87 1 0 0 0 0 0 1 0 0 0 0 0 0
89 1 0 0 0 0 0 1 0 0 0 0 0 0
91 6 0 0 0 0 0 1 0 0 0 0 0 0
92 5 1 1 0 0 0 1 0 0 0 0 0 0
93 5 0 0 0 0 0 1 0 0 0 0 0 0
94 4 0 0 0 0 0 1 0 0 0 0 0 0
99 1 0 0 0 0 0 1 0 0 0 0 0 0
100 1 0 0 0 0 0 1 0 0 0 0 0 0
101 1 1 1 0 0 0 1 0 0 0 0 0 0
102 1 0 0 0 0 0 1 0 0 0 0 0 0
103 7 0 0 6 0 0 0 0 0 0 0 0 0
fn=__rtld_malloc_init_stubs
42 1 1 1 0 0 0 0 0 0 0 0 0 0
43 2 0 0 0 0 0 1 1 1 0 0 0 0
44 2 0 0 0 0 0 1 0 0 0 0 0 0
45 2 1 1 0 0 0 1 0 0 0 0 0 0
46 2 0 0 0 0 0 1 0 0 0 0 0 0
47 1 0 0 1 0 0 0 0 0 0 0 0 0
fn=lookup_malloc_symbol
61 28 1 1 0 0 0 12 0 0 0 0 0 0
63 4 0 0 0 0 0 4 0 0 0 0 0 0
64 28 1 1 4 0 0 12 0 0 0 0 0 0
68 28 0 0 16 0 0 0 0 0 4 0 0 0
69 28 0 0 12 0 0 0 0 0 4 0 0 0
71 4 1 1 0 0 0 4 0 0 0 0 0 0
72 20 0 0 16 0 0 0 0 0 0 0 0 0
fn=strsep
239 2 1 1 0 0 0 0 0 0 0 0 0 0
242 4 0 0 2 1 1 0 0 0 2 0 0 0
244 2 0 0 2 0 0 0 0 0 0 0 0 0
245 4 0 0 0 0 0 0 0 0 2 1 0 0
249 77 1 1 15 0 0 0 0 0 15 4 0 0
254 56 0 0 28 0 0 0 0 0 28 7 0 0
256 84 0 0 28 1 1 0 0 0 28 3 0 0
264 14 0 0 0 0 0 0 0 0 0 0 0 0
267 1 0 0 0 0 0 1 0 0 0 0 0 0
271 4 0 0 2 0 0 0 0 0 0 0 0 0
fl=./elf/./elf/dl-misc.c
fn=_dl_higher_prime_number
87 2 1 1 0 0 0 0 0 0 0 0 0 0
124 2 0 0 0 0 0 0 0 0 0 0 0 0
125 2 0 0 0 0 0 0 0 0 0 0 0 0
127 26 1 1 0 0 0 0 0 0 12 9 0 0
129 80 0 0 0 0 0 0 0 0 0 0 0 0
130 37 0 0 10 4 2 0 0 0 10 3 0 0
131 6 0 0 0 0 0 0 0 0 0 0 0 0
145 2 0 0 2 0 0 0 0 0 0 0 0 0
146 2 0 0 2 0 0 0 0 0 0 0 0 0
fn=_dl_name_match_p
68 744 1 1 0 0 0 248 0 0 0 0 0 0
69 496 0 0 124 0 0 124 1 1 124 0 0 0
70 20 0 0 0 0 0 0 0 0 0 0 0 0
72 124 0 0 124 0 0 0 0 0 0 0 0 0
74 488 0 0 0 0 0 0 0 0 244 52 0 0
75 700 1 1 140 0 0 140 0 0 140 28 0 0
80 120 0 0 120 0 0 0 0 0 0 0 0 0
82 104 0 0 0 0 0 0 0 0 0 0 0 0
83 496 0 0 372 0 0 0 0 0 0 0 0 0
fn=_dl_sysdep_read_whole_file
36 9 1 1 0 0 0 4 0 0 0 0 0 0
39 3 0 0 0 0 0 1 0 0 0 0 0 0
40 2 0 0 0 0 0 0 0 0 1 1 0 0
42 6 1 1 0 0 0 1 0 0 1 0 0 0
44 2 0 0 1 0 0 1 1 1 0 0 0 0
47 2 0 0 0 0 0 0 0 0 1 1 0 0
49 8 0 0 0 0 0 1 0 0 0 0 0 0
60 3 0 0 0 0 0 1 0 0 0 0 0 0
63 7 0 0 5 0 0 0 0 0 0 0 0 0
fl=./elf/./elf/dl-object.c
fn=_dl_add_to_namespace_list
31 36 2 2 0 0 0 18 0 0 0 0 0 0
33 18 0 0 6 0 0 6 0 0 0 0 6 1
35 47 0 0 6 0 0 0 0 0 6 1 0 0
38 80 0 0 20 0 0 0 0 0 20 15 0 0
40 5 0 0 0 0 0 5 0 0 0 0 0 0
42 5 0 0 0 0 0 5 0 0 0 0 0 0
45 2 0 0 0 0 0 1 0 0 0 0 0 0
46 18 1 1 6 0 0 0 0 0 0 0 0 0
47 12 0 0 6 0 0 6 0 0 0 0 0 0
48 12 0 0 0 0 0 6 0 0 0 0 0 0
50 12 0 0 6 0 0 0 0 0 0 0 6 1
51 18 0 0 18 0 0 0 0 0 0 0 0 0
fn=_dl_new_object
59 84 1 1 0 0 0 48 3 3 0 0 0 0
62 12 1 1 0 0 0 0 0 0 6 1 0 0
64 2 2 2 0 0 0 0 0 0 1 1 0 0
66 3 0 0 1 0 0 0 0 0 1 0 0 0
67 2 1 1 0 0 0 0 0 0 1 0 0 0
71 2 0 0 0 0 0 0 0 0 0 0 0 0
77 5 0 0 0 0 0 1 1 1 0 0 0 0
80 10 0 0 5 0 0 5 0 0 0 0 0 0
83 20 0 0 0 0 0 5 0 0 0 0 0 0
87 10 0 0 0 0 0 0 0 0 0 0 0 0
92 11 0 0 0 0 0 6 0 0 0 0 0 0
95 12 0 0 0 0 0 0 0 0 6 0 0 0
98 6 0 0 0 0 0 6 5 5 0 0 0 0
99 6 0 0 0 0 0 6 6 6 0 0 0 0
100 12 0 0 6 0 0 0 0 0 0 0 0 0
103 12 0 0 0 0 0 6 1 1 0 0 0 0
104 42 1 1 12 0 0 18 2 2 0 0 0 0
106 6 0 0 0 0 0 6 0 0 0 0 0 0
119 22 0 0 11 0 0 0 0 0 11 6 0 0
125 1 0 0 0 0 0 0 0 0 0 0 0 0
127 42 1 1 12 6 6 12 0 0 0 0 0 0
130 12 0 0 6 0 0 0 0 0 6 4 0 0
131 17 1 1 0 0 0 6 6 6 0 0 0 0
132 6 0 0 0 0 0 6 0 0 0 0 0 0
136 6 0 0 0 0 0 6 0 0 0 0 0 0
139 75 1 1 7 0 0 0 0 0 23 13 0 0
141 16 0 0 0 0 0 16 4 4 0 0 0 0
149 12 1 1 0 0 0 6 0 0 0 0 0 0
150 6 0 0 0 0 0 6 6 6 0 0 0 0
153 1 1 1 0 0 0 0 0 0 0 0 0 0
155 36 0 0 6 1 1 0 0 0 6 1 0 0
157 20 0 0 0 0 0 5 3 3 0 0 0 0
160 14 0 0 0 0 0 0 0 0 6 0 0 0
164 20 0 0 5 0 0 0 0 0 5 0 0 0
168 30 1 1 5 0 0 0 0 0 10 4 0 0
176 2 1 1 0 0 0 1 0 0 0 0 0 0
179 12 0 0 0 0 0 6 2 2 0 0 0 0
189 18 0 0 6 0 0 0 0 0 6 1 0 0
191 25 1 1 0 0 0 15 0 0 0 0 0 0
195 15 0 0 0 0 0 0 0 0 5 0 0 0
200 20 0 0 0 0 0 0 0 0 5 0 0 0
208 5 0 0 0 0 0 0 0 0 0 0 0 0
212 5 0 0 0 0 0 0 0 0 0 0 0 0
245 20 0 0 5 0 0 5 0 0 0 0 0 0
250 168 0 0 0 0 0 0 0 0 0 0 0 0
251 168 0 0 84 0 0 0 0 0 84 30 0 0
253 10 0 0 0 0 0 0 0 0 0 0 0 0
256 5 0 0 0 0 0 5 0 0 0 0 0 0
259 5 0 0 0 0 0 5 2 2 0 0 0 0
263 54 1 1 42 0 0 0 0 0 0 0 0 0
fl=./elf/./elf/dl-reloc.c
fn=_dl_relocate_object
194 91 1 1 0 0 0 56 0 0 0 0 0 0
204 12 0 0 0 0 0 0 0 0 0 0 0 0
205 21 0 0 0 0 0 14 0 0 0 0 0 0
208 14 0 0 0 0 0 7 0 0 0 0 0 0
210 21 1 1 0 0 0 0 0 0 7 0 0 0
212 7 0 0 7 0 0 0 0 0 0 0 0 0
213 21 0 0 7 2 0 0 0 0 7 6 0 0
232 14 1 1 7 0 0 0 0 0 7 0 0 0
238 35 0 0 14 0 0 0 0 0 7 4 0 0
239 14 1 1 7 6 0 0 0 0 7 5 0 0
240 2 0 0 0 0 0 0 0 0 0 0 0 0
242 14 0 0 0 0 0 0 0 0 7 0 0 0
249 28 2 2 7 1 0 7 0 0 7 0 0 0
288 410 7 7 177 29 0 52 0 0 47 16 0 0
291 42 0 0 14 0 0 0 0 0 14 0 0 0
308 3218 1 1 0 0 0 0 0 0 1609 3 0 0
315 7 0 0 7 0 0 0 0 0 0 0 0 0
318 14 0 0 7 0 0 0 0 0 7 0 0 0
335 21 0 0 7 5 0 0 0 0 7 7 0 0
337 56 0 0 49 2 0 0 0 0 0 0 0 0
343 42 2 2 21 0 0 0 0 0 0 0 0 0
346 14 0 0 0 0 0 0 0 0 0 0 0 0
350 14 0 0 0 0 0 0 0 0 7 0 0 0
351 42 0 0 0 0 0 7 0 0 7 1 0 0
fl=./elf/./elf/dl-runtime.c
fn=_dl_fixup
46 80 2 2 0 0 0 40 0 0 0 0 0 0
48 50 0 0 40 4 4 0 0 0 10 8 0 0
49 30 0 0 20 1 1 0 0 0 0 0 0 0
54 10 0 0 10 2 1 0 0 0 0 0 0 0
55 40 1 1 10 3 1 0 0 0 0 0 0 0
56 70 0 0 10 10 2 10 0 0 0 0 0 0
58 20 0 0 10 0 0 0 0 0 0 0 0 0
63 20 0 0 0 0 0 0 0 0 10 0 0 0
67 20 0 0 10 10 8 0 0 0 10 1 0 0
69 40 0 0 10 5 2 0 0 0 0 0 0 0
71 30 1 1 10 3 1 0 0 0 10 2 0 0
75 30 0 0 20 10 3 0 0 0 0 0 0 0
76 40 0 0 10 1 1 0 0 0 0 0 0 0
84 10 0 0 0 0 0 0 0 0 0 0 0 0
85 30 0 0 10 0 0 0 0 0 10 5 0 0
95 110 1 1 20 3 1 30 2 0 0 0 0 0
99 50 1 1 30 0 0 0 0 0 10 0 0 0
109 100 0 0 40 0 0 10 0 0 20 0 0 0
124 40 0 0 10 0 0 0 0 0 10 0 0 0
133 30 1 1 10 1 1 0 0 0 10 3 0 0
159 30 0 0 10 1 1 0 0 0 10 0 0 0
163 60 0 0 50 0 0 0 0 0 0 0 0 0
fl=./elf/./elf/dl-setup_hash.c
fn=_dl_setup_hash
25 14 1 1 0 0 0 0 0 0 0 0 0 0
28 21 1 1 7 0 0 0 0 0 7 0 0 0
31 21 0 0 14 0 0 0 0 0 7 0 0 0
32 14 0 0 7 5 5 7 1 1 0 0 0 0
33 7 0 0 7 0 0 0 0 0 0 0 0 0
34 7 0 0 7 0 0 0 0 0 0 0 0 0
36 21 0 0 0 0 0 0 0 0 7 0 0 0
37 7 0 0 0 0 0 7 0 0 0 0 0 0
38 21 0 0 7 0 0 7 0 0 0 0 0 0
40 28 1 1 0 0 0 7 0 0 0 0 0 0
41 14 0 0 0 0 0 0 0 0 0 0 0 0
45 21 0 0 0 0 0 7 0 0 0 0 0 0
50 7 0 0 7 0 0 0 0 0 0 0 0 0
fl=./elf/./elf/dl-sort-maps.c
fn=_dl_sort_maps
145 35 0 0 7 0 0 7 0 0 7 0 0 0
186 1 0 0 0 0 0 0 0 0 0 0 0 0
187 25 0 0 0 0 0 0 0 0 8 6 0 0
188 14 0 0 14 0 0 0 0 0 0 0 0 0
223 19 3 3 1 0 0 0 0 0 2 1 0 0
228 2 0 0 0 0 0 1 0 0 0 0 0 0
230 1 0 0 0 0 0 1 0 0 0 0 0 0
231 8 0 0 0 0 0 0 0 0 0 0 0 0
233 18 0 0 0 0 0 0 0 0 6 0 0 0
235 7 1 1 7 0 0 0 0 0 0 0 0 0
238 14 0 0 7 0 0 0 0 0 7 6 0 0
256 2 0 0 1 0 0 0 0 0 1 1 0 0
269 1 1 1 0 0 0 0 0 0 0 0 0 0
276 5 1 1 0 0 0 1 0 0 0 0 0 0
290 11 2 1 0 0 0 7 0 0 0 0 0 0
298 3 0 0 1 0 0 0 0 0 1 1 0 0
302 9 2 2 7 0 0 0 0 0 0 0 0 0
fn=_dl_sort_maps_init
281 2 1 1 0 0 0 0 0 0 0 0 0 0
282 4 0 0 0 0 0 1 0 0 0 0 0 0
283 1 0 0 0 0 0 1 0 0 0 0 0 0
284 3 0 0 1 0 0 0 0 0 0 0 0 0
285 2 0 0 1 0 0 0 0 0 0 0 0 0
fn=dfs_traversal.part.0
140 56 1 1 0 0 0 28 0 0 0 0 0 0
148 7 1 1 7 0 0 0 0 0 0 0 0 0
150 21 0 0 7 0 0 0 0 0 7 2 0 0
152 72 0 0 18 0 0 0 0 0 18 7 0 0
155 26 0 0 13 0 0 0 0 0 13 0 0 0
161 14 0 0 0 0 0 0 0 0 7 0 0 0
176 21 0 0 7 0 0 7 0 0 0 0 0 0
177 7 0 0 0 0 0 7 0 0 0 0 0 0
178 42 1 1 35 0 0 0 0 0 0 0 0 0
fl=./elf/./elf/dl-tunables.c
fn=__GI___tunable_set_val
102 45 1 1 5 0 0 0 0 0 5 0 0 0
111 5 0 0 5 0 0 0 0 0 0 0 0 0
112 25 0 0 10 0 0 0 0 0 5 0 0 0
113 40 1 1 10 0 0 0 0 0 5 0 0 0
116 15 0 0 0 0 0 0 0 0 5 0 0 0
119 10 0 0 0 0 0 0 0 0 5 3 0 0
123 10 0 0 0 0 0 0 0 0 5 2 0 0
130 10 1 1 0 0 0 0 0 0 5 0 0 0
131 10 0 0 0 0 0 0 0 0 5 2 0 0
134 30 0 0 0 0 0 5 0 0 0 0 0 0
135 5 0 0 0 0 0 5 0 0 0 0 0 0
136 5 0 0 0 0 0 5 0 0 0 0 0 0
137 5 0 0 0 0 0 5 0 0 0 0 0 0
157 25 1 1 0 0 0 0 0 0 0 0 0 0
161 5 0 0 5 0 0 0 0 0 0 0 0 0
fn=__GI___tunables_init
71 160 0 0 32 0 0 0 0 0 64 3 0 0
74 62 0 0 0 0 0 0 0 0 0 0 0 0
77 2261 1 1 323 14 14 0 0 0 615 48 0 0
81 62 1 1 0 0 0 0 0 0 31 0 0 0
86 124 0 0 0 0 0 0 0 0 0 0 0 0
273 7 0 0 1 0 0 0 0 0 1 0 0 0
282 9 2 2 0 0 0 6 1 1 0 0 0 0
305 4340 0 0 0 0 0 0 0 0 1085 31 0 0
311 6820 1 1 2170 35 35 0 0 0 2170 312 0 0
323 124 0 0 31 0 0 0 0 0 0 0 0 0
357 8 0 0 7 0 0 0 0 0 0 0 0 0
fn=__tunable_get_val
405 36 1 1 0 0 0 0 0 0 0 0 0 0
408 390 1 1 36 28 17 0 0 0 47 23 0 0
417 46 0 0 36 3 0 10 0 0 0 0 0 0
427 26 0 0 0 0 0 26 0 0 0 0 0 0
428 26 0 0 0 0 0 0 0 0 0 0 0 0
434 180 0 0 36 7 0 0 0 0 36 32 0 0
436 36 1 1 36 0 0 0 0 0 0 0 0 0
fl=./elf/./elf/dl-tunables.h
fn=__GI___tunable_set_val
121 10 0 0 0 0 0 0 0 0 5 0 0 0
122 5 0 0 0 0 0 0 0 0 0 0 0 0
131 20 1 1 0 0 0 0 0 0 0 0 0 0
fn=__GI___tunables_init
140 508 0 0 352 1 1 0 0 0 21 6 0 0
141 1324 1 1 0 0 0 0 0 0 362 32 0 0
fl=./elf/./elf/dl-version.c
fn=_dl_check_all_versions
361 6 1 1 0 0 0 4 0 0 0 0 0 0
363 2 0 0 0 0 0 0 0 0 0 0 0 0
365 26 0 0 7 0 0 0 0 0 8 5 0 0
366 7 0 0 0 0 0 0 0 0 0 0 0 0
367 63 1 1 7 0 0 7 0 0 7 5 0 0
370 7 0 0 5 0 0 0 0 0 0 0 0 0
fn=_dl_check_map_versions
36 192 1 1 24 0 0 0 0 0 66 7 0 0
37 54 0 0 54 0 0 0 0 0 0 0 0 0
38 330 1 1 0 0 0 66 0 0 66 9 0 0
56 188 0 0 141 0 0 0 0 0 47 12 0 0
64 141 1 1 47 0 0 0 0 0 47 0 0 0
70 141 0 0 47 0 0 0 0 0 47 0 0 0
86 47 0 0 47 1 0 0 0 0 0 0 0 0
87 94 0 0 0 0 0 0 0 0 47 2 0 0
89 47 0 0 47 0 0 0 0 0 0 0 0 0
94 1707 1 1 689 38 38 94 0 0 689 8 0 0
108 1378 0 0 689 10 10 0 0 0 689 50 0 0
110 47 1 1 47 1 1 0 0 0 0 0 0 0
113 388 0 0 59 3 2 47 0 0 47 0 0 0
120 1926 0 0 642 11 11 0 0 0 642 0 0 0
124 642 0 0 0 0 0 0 0 0 0 0 0 0
142 24 0 0 0 0 0 24 0 0 0 0 0 0
155 70 2 2 0 0 0 56 0 0 0 0 0 0
156 7 0 0 0 0 0 7 0 0 0 0 0 0
164 7 1 1 0 0 0 0 0 0 0 0 0 0
170 21 0 0 7 0 0 0 0 0 7 0 0 0
172 35 0 0 14 0 0 7 0 0 7 0 0 0
174 14 0 0 7 0 0 7 0 0 0 0 0 0
175 14 1 1 7 0 0 7 0 0 0 0 0 0
177 14 0 0 0 0 0 0 0 0 7 2 0 0
180 15 0 0 10 0 0 5 0 0 0 0 0 0
184 15 0 0 5 4 4 0 0 0 5 0 0 0
197 7 0 0 0 0 0 0 0 0 0 0 0 0
198 7 0 0 0 0 0 0 0 0 0 0 0 0
200 24 0 0 24 1 1 0 0 0 0 0 0 0
208 36 0 0 12 0 0 0 0 0 12 0 0 0
213 48 0 0 24 1 1 0 0 0 0 0 0 0
217 451 1 1 359 0 0 0 0 0 47 13 0 0
219 47 0 0 47 5 5 0 0 0 0 0 0 0
221 129 0 0 47 7 7 47 0 0 0 0 0 0
224 188 1 1 47 0 0 0 0 0 0 0 0 0
227 141 0 0 47 0 0 0 0 0 47 13 0 0
232 35 0 0 0 0 0 0 0 0 0 0 0 0
236 48 1 1 24 0 0 0 0 0 12 5 0 0
241 14 0 0 0 0 0 7 0 0 0 0 0 0
250 15 2 2 7 0 0 0 0 0 7 2 0 0
253 20 0 0 15 0 0 0 0 0 0 0 0 0
256 484 0 0 121 3 3 0 0 0 0 0 0 0
259 363 0 0 121 2 2 0 0 0 121 28 0 0
263 116 0 0 0 0 0 0 0 0 0 0 0 0
267 12 1 1 0 0 0 0 0 0 6 0 0 0
272 6 0 0 0 0 0 6 1 0 0 0 0 0
273 12 0 0 0 0 0 0 0 0 0 0 0 0
274 12 0 0 0 0 0 0 0 0 6 0 0 0
284 6 0 0 0 0 0 6 0 0 0 0 0 0
287 30 1 1 18 1 0 6 0 0 6 0 0 0
289 18 0 0 6 0 0 0 0 0 6 1 0 0
292 20 0 0 15 0 0 0 0 0 0 0 0 0
294 7 0 0 0 0 0 0 0 0 0 0 0 0
296 36 0 0 12 0 0 0 0 0 0 0 0 0
299 141 2 2 47 0 0 0 0 0 0 0 0 0
301 188 0 0 0 0 0 0 0 0 47 20 0 0
303 235 0 0 47 0 0 47 0 0 0 0 0 0
304 94 0 0 0 0 0 47 18 18 0 0 0 0
305 141 0 0 47 0 0 47 3 3 0 0 0 0
306 141 0 0 47 0 0 47 1 1 0 0 0 0
309 141 0 0 47 0 0 0 0 0 47 14 0 0
314 35 0 0 0 0 0 0 0 0 0 0 0 0
317 36 0 0 12 0 0 0 0 0 12 3 0 0
322 7 0 0 0 0 0 0 0 0 0 0 0 0
327 18 1 1 6 0 0 0 0 0 6 1 0 0
330 20 0 0 15 0 0 0 0 0 0 0 0 0
334 116 0 0 116 0 0 0 0 0 0 0 0 0
336 242 0 0 121 0 0 0 0 0 121 12 0 0
340 116 0 0 116 0 0 0 0 0 0 0 0 0
341 580 0 0 116 0 0 116 30 30 0 0 0 0
342 348 0 0 116 0 0 116 0 0 0 0 0 0
343 116 0 0 0 0 0 116 15 15 0 0 0 0
346 363 0 0 121 0 0 0 0 0 121 8 0 0
350 116 0 0 0 0 0 0 0 0 0 0 0 0
356 63 1 1 56 0 0 0 0 0 0 0 0 0
fl=./elf/./elf/do-rel.h
fn=_dl_relocate_object
49 42 0 0 14 0 0 14 0 0 0 0 0 0
50 14 1 1 7 0 0 0 0 0 0 0 0 0
52 10 0 0 0 0 0 6 0 0 0 0 0 0
53 12 1 1 0 0 0 8 0 0 0 0 0 0
60 42 0 0 14 0 0 0 0 0 14 6 0 0
63 3551 1 1 4 0 0 0 0 0 1177 11 0 0
65 4692 1 1 1173 439 439 0 0 0 1173 9 0 0
67 171 0 0 0 0 0 0 0 0 0 0 0 0
76 24 0 0 0 0 0 0 0 0 0 0 0 0
77 193 0 0 2 0 0 0 0 0 63 35 0 0
78 114 0 0 57 0 0 0 0 0 57 0 0 0
86 60 1 1 30 0 0 10 0 0 0 0 0 0
88 20 0 0 0 0 0 0 0 0 0 0 0 0
100 30 1 1 0 0 0 0 0 0 10 3 0 0
110 16 0 0 0 0 0 0 0 0 8 0 0 0
113 6340 0 0 0 0 0 0 0 0 2114 13 0 0
114 4212 0 0 2106 268 265 0 0 0 0 0 0 0
120 40 0 0 10 7 0 10 1 0 10 2 0 0
124 32 0 0 16 0 0 8 0 0 8 0 0 0
126 10243 1 1 3417 0 0 0 0 0 3417 23 0 0
128 17045 0 0 10227 1814 1092 0 0 0 0 0 0 0
129 13636 0 0 3409 0 0 3409 1 0 0 0 0 0
130 10227 1 1 6818 0 0 3409 0 0 0 0 0 0
131 13636 0 0 3409 2 0 0 0 0 0 0 0 0
133 10227 1 1 0 0 0 0 0 0 3409 2 0 0
135 10 1 1 2 0 0 4 1 0 0 0 0 0
138 2 0 0 0 0 0 0 0 0 0 0 0 0
142 3407 0 0 0 0 0 3407 0 0 0 0 0 0
145 10278 2 2 3407 0 0 0 0 0 3407 8 0 0
146 87 1 1 29 0 0 0 0 0 29 5 0 0
158 30 1 1 12 0 0 0 0 0 6 3 0 0
159 16 1 1 2 0 0 0 0 0 4 1 0 0
160 6 1 1 2 0 0 0 0 0 2 0 0 0
163 6 0 0 4 0 0 0 0 0 0 0 0 0
165 8 0 0 2 0 0 2 0 0 0 0 0 0
166 2 0 0 2 0 0 0 0 0 0 0 0 0
167 6 0 0 4 0 0 2 0 0 0 0 0 0
175 25 0 0 8 0 0 1 0 0 8 6 0 0
177 42 1 1 12 1 1 6 0 0 0 0 0 0
178 12 0 0 12 0 0 0 0 0 0 0 0 0
180 18 0 0 0 0 0 0 0 0 6 1 0 0
188 6 0 0 0 0 0 6 0 0 0 0 0 0
191 18 0 0 6 0 0 0 0 0 6 0 0 0
205 4 0 0 1 0 0 0 0 0 1 1 0 0
fn=_dl_start
49 4 0 0 2 0 0 0 0 0 0 0 0 0
50 1 0 0 1 0 0 0 0 0 0 0 0 0
86 10 0 0 4 0 0 0 0 0 0 0 0 0
88 4 0 0 0 0 0 0 0 0 0 0 0 0
113 431 0 0 0 0 0 0 0 0 144 7 0 0
114 284 1 1 142 18 18 0 0 0 0 0 0 0
118 4 0 0 2 0 0 0 0 0 2 0 0 0
126 28 0 0 0 0 0 0 0 0 9 2 0 0
128 21 1 1 7 2 2 0 0 0 0 0 0 0
129 14 0 0 0 0 0 0 0 0 0 0 0 0
130 14 0 0 7 0 0 0 0 0 0 0 0 0
fl=./elf/./elf/get-dynamic-info.h
fn=_dl_map_object_from_fd
39 10 0 0 0 0 0 0 0 0 5 0 0 0
43 5 0 0 0 0 0 0 0 0 0 0 0 0
45 499 0 0 126 36 36 0 0 0 126 5 0 0
49 242 0 0 0 0 0 0 0 0 121 32 0 0
54 129 1 1 0 0 0 0 0 0 31 9 0 0
55 88 0 0 0 0 0 0 0 0 0 0 0 0
56 25 0 0 0 0 0 0 0 0 5 2 0 0
58 5 0 0 0 0 0 0 0 0 0 0 0 0
59 25 1 1 0 0 0 0 0 0 5 2 0 0
61 5 0 0 0 0 0 0 0 0 0 0 0 0
62 25 2 2 0 0 0 0 0 0 5 0 0 0
64 25 0 0 0 0 0 0 0 0 0 0 0 0
68 121 0 0 0 0 0 121 29 29 0 0 0 0
72 20 0 0 5 0 0 0 0 0 10 0 0 0
82 17 1 1 7 0 0 0 0 0 5 3 0 0
83 20 0 0 10 0 0 0 0 0 5 0 0 0
84 20 0 0 10 0 0 0 0 0 5 0 0 0
85 20 0 0 10 0 0 0 0 0 5 0 0 0
87 20 0 0 10 0 0 0 0 0 5 0 0 0
92 19 1 1 9 1 1 0 0 0 5 1 0 0
93 19 0 0 9 1 1 0 0 0 5 1 0 0
94 20 0 0 10 0 0 0 0 0 5 0 0 0
97 15 0 0 5 0 0 0 0 0 5 1 0 0
102 8 0 0 4 0 0 0 0 0 4 0 0 0
109 10 1 1 5 0 0 0 0 0 5 0 0 0
110 15 0 0 10 0 0 0 0 0 5 0 0 0
132 15 0 0 5 1 1 0 0 0 5 3 0 0
137 4 0 0 2 0 0 2 0 0 0 0 0 0
139 4 0 0 0 0 0 0 0 0 2 2 0 0
141 4 0 0 0 0 0 0 0 0 2 2 0 0
143 4 0 0 0 0 0 0 0 0 2 0 0 0
147 15 1 1 5 0 0 0 0 0 5 4 0 0
149 3 0 0 1 0 0 1 0 0 0 0 0 0
150 2 0 0 0 0 0 0 0 0 1 0 0 0
159 2 1 1 1 0 0 0 0 0 0 0 0 0
160 3 1 1 0 0 0 0 0 0 1 1 0 0
165 2 0 0 0 0 0 0 0 0 1 0 0 0
169 10 0 0 5 0 0 0 0 0 5 5 0 0
fl=./elf/./elf/libc_early_init.c
fn=__libc_early_init
33 7 1 1 1 0 0 2 0 0 0 0 0 0
35 1 0 0 0 0 0 1 0 0 0 0 0 0
38 2 1 1 1 1 0 1 1 1 0 0 0 0
41 1 0 0 0 0 0 1 1 1 0 0 0 0
47 4 0 0 2 0 0 0 0 0 1 0 0 0
49 2 0 0 1 0 0 0 0 0 0 0 0 0
fl=./elf/./elf/rtld.c
fn=_dl_start
85 8 1 1 0 0 0 2 1 1 0 0 0 0
488 3 0 0 0 0 0 1 0 0 0 0 0 0
489 1 0 0 0 0 0 1 0 0 0 0 0 0
490 6 0 0 0 0 0 1 0 0 0 0 0 0
492 2 1 1 0 0 0 1 1 1 0 0 0 0
501 1 0 0 0 0 0 1 0 0 0 0 0 0
507 4 1 0 1 0 0 1 0 0 0 0 0 0
509 2 0 0 1 0 0 0 0 0 1 0 0 0
527 10 2 2 0 0 0 7 2 2 0 0 0 0
553 1 0 0 0 0 0 1 1 1 0 0 0 0
556 2 1 1 0 0 0 1 1 1 0 0 0 0
557 1 0 0 1 1 1 0 0 0 0 0 0 0
573 56 3 3 12 0 0 8 1 1 7 2 0 0
575 1 1 1 1 0 0 0 0 0 0 0 0 0
588 1 0 0 0 0 0 1 0 0 0 0 0 0
592 2 0 0 0 0 0 1 0 0 0 0 0 0
607 9 0 0 7 2 0 0 0 0 0 0 0 0
fn=dl_main
85 16 3 3 0 0 0 1 0 0 0 0 0 0
92 12 1 1 0 0 0 0 0 0 0 0 0 0
93 2 0 0 1 0 0 1 0 0 0 0 0 0
101 7 0 0 3 0 0 0 0 0 0 0 0 0
205 2 0 0 0 0 0 1 0 0 0 0 0 0
207 1 1 1 0 0 0 1 0 0 0 0 0 0
232 2 1 1 2 1 1 0 0 0 0 0 0 0
233 4 1 1 3 0 0 0 0 0 1 1 0 0
234 4 0 0 0 0 0 0 0 0 2 2 0 0
304 3 0 0 0 0 0 3 0 0 0 0 0 0
310 1 0 0 0 0 0 1 0 0 0 0 0 0
311 2 0 0 0 0 0 1 0 0 0 0 0 0
862 1 0 0 1 0 0 0 0 0 0 0 0 0
864 1 1 1 0 0 0 1 0 0 0 0 0 0
870 1 0 0 1 0 0 0 0 0 0 0 0 0
873 1 0 0 0 0 0 1 0 0 0 0 0 0
875 1 0 0 0 0 0 1 0 0 0 0 0 0
880 1 0 0 0 0 0 1 0 0 0 0 0 0
1140 2 0 0 1 0 0 1 0 0 0 0 0 0
1143 1 0 0 0 0 0 1 0 0 0 0 0 0
1146 1 0 0 0 0 0 1 0 0 0 0 0 0
1148 2 0 0 1 1 1 1 1 1 0 0 0 0
1150 1 0 0 1 0 0 0 0 0 0 0 0 0
1151 1 0 0 1 0 0 0 0 0 0 0 0 0
1166 1 0 0 0 0 0 0 0 0 0 0 0 0
1169 46 4 4 2 0 0 0 0 0 14 12 0 0
1170 117 1 1 22 7 7 0 0 0 29 7 9 5
1174 3 1 1 2 0 0 1 0 0 0 0 0 0
1179 3 1 1 2 0 0 1 0 0 0 0 0 0
1180 9 0 0 2 0 0 1 0 0 0 0 0 0
1189 2 0 0 0 0 0 1 0 0 0 0 0 0
1190 2 0 0 2 1 1 0 0 0 0 0 0 0
1192 1 0 0 0 0 0 1 0 0 0 0 0 0
1199 3 1 1 1 0 0 0 0 0 1 1 0 0
1211 1 0 0 0 0 0 0 0 0 0 0 0 0
1217 1 0 0 0 0 0 1 0 0 0 0 0 0
1225 8 0 0 4 0 0 0 0 0 0 0 0 0
1226 18 2 2 5 1 1 0 0 0 0 0 0 0
1227 8 0 0 4 0 0 0 0 0 4 3 0 0
1228 1 0 0 0 0 0 1 0 0 0 0 0 0
1230 12 0 0 4 0 0 0 0 0 0 0 0 0
1231 14 1 1 0 0 0 0 0 0 7 4 0 0
1235 8 0 0 4 3 3 0 0 0 0 0 0 0
1236 8 0 0 4 0 0 0 0 0 4 0 0 0
1237 4 0 0 0 0 0 4 0 0 0 0 0 0
1238 10 0 0 5 0 0 0 0 0 5 3 0 0
1239 1 0 0 0 0 0 1 0 0 0 0 0 0
1243 12 1 1 0 0 0 0 0 0 0 0 0 0
1271 2 0 0 1 0 0 1 1 1 0 0 0 0
1275 4 0 0 2 1 1 1 0 0 0 0 0 0
1277 1 0 0 0 0 0 0 0 0 0 0 0 0
1281 26 0 0 13 0 0 0 0 0 13 1 0 0
1282 61 1 1 13 0 0 0 0 0 24 13 0 0
1288 17 0 0 0 0 0 1 0 0 0 0 0 0
1294 3 0 0 1 1 1 0 0 0 1 1 0 0
1297 4 0 0 2 0 0 0 0 0 1 1 0 0
1299 3 1 1 1 0 0 0 0 0 1 1 0 0
1301 2 0 0 1 0 0 0 0 0 1 0 0 0
1320 14 2 2 0 0 0 10 1 1 0 0 0 0
1325 1 0 0 0 0 0 0 0 0 0 0 0 0
1326 1 0 0 0 0 0 1 0 0 0 0 0 0
1332 1 0 0 0 0 0 1 1 1 0 0 0 0
1348 3 0 0 2 0 0 1 0 0 0 0 0 0
1349 4 1 1 2 0 0 0 0 0 1 1 0 0
1627 10 2 2 0 0 0 2 0 0 0 0 0 0
1629 2 0 0 0 0 0 0 0 0 1 0 0 0
1630 2 0 0 1 0 0 1 0 0 0 0 0 0
1631 2 0 0 1 0 0 1 0 0 0 0 0 0
1632 3 1 1 2 0 0 1 0 0 0 0 0 0
1636 3 0 0 0 0 0 1 0 0 0 0 0 0
1637 2 0 0 1 0 0 0 0 0 1 0 0 0
1662 3 0 0 1 0 0 0 0 0 1 0 0 0
1663 6 0 0 2 0 0 1 0 0 1 0 0 0
1664 3 1 1 2 0 0 0 0 0 0 0 0 0
1665 3 0 0 3 0 0 0 0 0 0 0 0 0
1668 1 0 0 0 0 0 1 0 0 0 0 0 0
1670 1 0 0 0 0 0 1 1 1 0 0 0 0
1671 1 1 1 0 0 0 1 1 1 0 0 0 0
1673 2 0 0 1 0 0 0 0 0 1 0 0 0
1674 2 0 0 0 0 0 1 0 0 0 0 0 0
1678 2 0 0 1 0 0 0 0 0 1 0 0 0
1680 2 0 0 1 0 0 0 0 0 1 0 0 0
1688 3 0 0 1 0 0 0 0 0 1 1 0 0
1695 2 1 1 0 0 0 1 0 0 0 0 0 0
1698 2 0 0 1 0 0 0 0 0 1 0 0 0
1723 9 0 0 1 0 0 2 0 0 3 0 0 0
1731 4 0 0 1 0 0 2 0 0 0 0 0 0
1733 1 0 0 0 0 0 1 0 0 0 0 0 0
1738 2 0 0 1 0 0 0 0 0 1 1 0 0
1741 4 1 1 2 0 0 1 0 0 0 0 0 0
1742 4 0 0 1 0 0 1 0 0 0 0 0 0
1743 2 0 0 0 0 0 1 0 0 0 0 0 0
1744 1 0 0 0 0 0 1 0 0 0 0 0 0
1745 1 1 1 1 0 0 0 0 0 0 0 0 0
1746 1 0 0 1 0 0 0 0 0 0 0 0 0
1751 2 0 0 1 0 0 0 0 0 1 0 0 0
1752 3 1 1 1 0 0 1 0 0 0 0 0 0
1764 2 0 0 1 1 1 0 0 0 1 0 0 0
1765 2 0 0 1 0 0 0 0 0 1 0 0 0
1767 2 0 0 1 0 0 0 0 0 0 0 0 0
1769 1 0 0 0 0 0 1 0 0 0 0 0 0
1770 3 1 1 1 0 0 1 0 0 0 0 0 0
1775 5 0 0 0 0 0 0 0 0 1 1 0 0
1776 5 0 0 1 1 1 0 0 0 1 1 0 0
1778 4 1 1 2 1 1 1 1 1 0 0 0 0
1784 2 0 0 1 1 1 0 0 0 1 1 0 0
1786 3 1 1 2 0 0 0 0 0 0 0 0 0
1793 2 1 1 1 0 0 0 0 0 1 0 0 0
1797 1 1 1 0 0 0 1 0 0 0 0 0 0
1798 2 0 0 1 0 0 0 0 0 1 0 0 0
1822 2 0 0 0 0 0 2 0 0 0 0 0 0
1828 2 0 0 1 0 0 1 0 0 0 0 0 0
1829 1 0 0 0 0 0 1 0 0 0 0 0 0
1830 1 1 1 0 0 0 0 0 0 0 0 0 0
1834 3 0 0 0 0 0 1 0 0 0 0 0 0
1839 3 0 0 2 0 0 0 0 0 1 0 0 0
1841 1 0 0 0 0 0 0 0 0 0 0 0 0
1843 2 0 0 1 0 0 0 0 0 1 1 0 0
1847 5 0 0 1 0 0 1 0 0 0 0 0 0
1852 2 0 0 1 0 0 0 0 0 1 0 0 0
1868 6 1 1 0 0 0 1 0 0 1 0 0 0
1944 4 0 0 2 0 0 0 0 0 1 1 0 0
1948 19 3 3 1 0 0 0 0 0 2 1 0 0
1949 1 0 0 0 0 0 0 0 0 0 0 0 0
1952 3 0 0 0 0 0 1 0 0 0 0 0 0
1953 1 0 0 1 0 0 0 0 0 0 0 0 0
1954 2 0 0 0 0 0 0 0 0 1 0 0 0
1955 2 0 0 0 0 0 0 0 0 1 0 0 0
1960 3 0 0 1 0 0 0 0 0 1 1 0 0
1970 8 0 0 1 0 0 1 0 0 0 0 0 0
1976 31 1 1 1 0 0 0 0 0 8 6 0 0
1977 17 0 0 15 0 0 0 0 0 0 0 0 0
1980 4 0 0 3 0 0 1 0 0 0 0 0 0
1981 3 1 1 1 0 0 0 0 0 1 0 0 0
1982 1 0 0 0 0 0 1 0 0 0 0 0 0
1984 23 0 0 0 0 0 0 0 0 6 0 0 0
1985 22 1 1 7 0 0 0 0 0 6 4 0 0
1995 2 1 1 0 0 0 1 0 0 0 0 0 0
1997 3 0 0 1 0 0 1 0 0 0 0 0 0
1998 2 0 0 0 0 0 0 0 0 1 0 0 0
2000 2 0 0 0 0 0 1 0 0 0 0 0 0
2002 3 0 0 0 0 0 0 0 0 1 1 0 0
2004 3 0 0 1 0 0 0 0 0 0 0 0 0
2005 1 0 0 1 0 0 0 0 0 0 0 0 0
2006 2 1 1 0 0 0 0 0 0 1 1 0 0
2018 2 0 0 0 0 0 0 0 0 1 0 0 0
2019 2 0 0 0 0 0 1 0 0 0 0 0 0
2020 3 0 0 1 0 0 0 0 0 1 1 0 0
2031 4 1 1 0 0 0 1 1 1 0 0 0 0
2032 4 0 0 0 0 0 1 0 0 0 0 0 0
2033 5 1 1 0 0 0 1 0 0 0 0 0 0
2043 2 0 0 1 1 0 1 0 0 0 0 0 0
2044 2 0 0 0 0 0 0 0 0 1 1 0 0
2045 4 1 1 0 0 0 1 0 0 0 0 0 0
2047 2 0 0 1 0 0 0 0 0 1 0 0 0
2052 3 0 0 1 0 0 0 0 0 1 0 0 0
2282 3 0 0 1 0 0 0 0 0 1 1 0 0
2331 1 1 0 1 0 0 0 0 0 0 0 0 0
2338 2 0 0 0 0 0 1 0 0 0 0 0 0
2342 2 1 1 1 0 0 1 0 0 0 0 0 0
2348 2 0 0 1 0 0 1 0 0 0 0 0 0
2351 2 0 0 0 0 0 0 0 0 1 0 0 0
2359 2 0 0 2 0 0 0 0 0 0 0 0 0
2361 2 0 0 0 0 0 0 0 0 1 1 0 0
2415 3 1 1 1 0 0 0 0 0 0 0 0 0
2418 1 1 1 1 0 0 0 0 0 0 0 0 0
2422 1 0 0 1 0 0 0 0 0 0 0 0 0
2423 35 2 2 1 1 0 1 0 0 8 3 0 0
2425 14 0 0 14 4 0 0 0 0 0 0 0 0
2430 14 0 0 14 5 0 0 0 0 0 0 0 0
2432 16 0 0 0 0 0 0 0 0 8 1 0 0
2434 1 1 1 0 0 0 1 0 0 0 0 0 0
2435 1 0 0 1 0 0 0 0 0 0 0 0 0
2438 7 0 0 7 0 0 0 0 0 0 0 0 0
2440 21 1 1 0 0 0 0 0 0 7 1 0 0
2441 48 0 0 12 5 0 6 0 0 0 0 0 0
2445 18 0 0 9 3 0 0 0 0 9 5 0 0
2446 6 0 0 0 0 0 2 0 0 0 0 0 0
2454 2 1 1 1 0 0 0 0 0 1 0 0 0
2459 4 0 0 2 0 0 0 0 0 2 1 0 0
2461 1 0 0 1 0 0 0 0 0 0 0 0 0
2468 3 0 0 0 0 0 1 0 0 0 0 0 0
2471 2 1 1 1 0 0 0 0 0 1 1 0 0
2481 3 1 1 2 1 0 0 0 0 1 0 0 0
2483 4 0 0 1 0 0 0 0 0 2 0 0 0
2493 1 0 0 0 0 0 1 0 0 0 0 0 0
2498 2 0 0 0 0 0 1 0 0 0 0 0 0
2501 1 0 0 0 0 0 1 0 0 0 0 0 0
2507 1 0 0 1 0 0 0 0 0 0 0 0 0
2508 5 0 0 1 0 0 1 0 0 0 0 0 0
2516 3 0 0 1 0 0 1 0 0 0 0 0 0
2523 1 0 0 0 0 0 1 0 0 0 0 0 0
2527 3 1 1 0 0 0 1 0 0 0 0 0 0
2532 3 0 0 0 0 0 1 0 0 0 0 0 0
2533 1 0 0 0 0 0 1 0 0 0 0 0 0
2534 1 0 0 0 0 0 1 0 0 0 0 0 0
2535 1 0 0 0 0 0 0 0 0 0 0 0 0
2539 1 0 0 0 0 0 1 0 0 0 0 0 0
2544 8 0 0 7 2 0 0 0 0 0 0 0 0
2677 3 0 0 1 0 0 2 0 0 0 0 0 0
2679 1 0 0 0 0 0 0 0 0 0 0 0 0
2683 6 1 1 1 0 0 1 1 1 0 0 0 0
2685 16 0 0 0 0 0 3 0 0 3 1 0 0
2687 2 0 0 0 0 0 0 0 0 0 0 0 0
2689 107 0 0 21 0 0 0 0 0 40 10 0 0
2690 19 1 1 0 0 0 0 0 0 0 0 0 0
2698 13 0 0 2 1 1 0 0 0 2 0 2 2
2719 2 1 1 1 0 0 0 0 0 1 0 0 0
2726 6 1 1 3 0 0 0 0 0 3 1 0 0
2728 2 0 0 0 0 0 1 0 0 0 0 0 0
2729 1 0 0 0 0 0 0 0 0 0 0 0 0
2774 3 1 1 1 0 0 0 0 0 1 0 0 0
2775 5 1 1 2 0 0 0 0 0 2 1 0 0
2777 2 1 1 0 0 0 1 0 0 0 0 0 0
2778 2 0 0 0 0 0 1 0 0 0 0 0 0
2779 1 0 0 0 0 0 0 0 0 0 0 0 0
2818 1 0 0 0 0 0 0 0 0 0 0 0 0
2829 1 0 0 0 0 0 0 0 0 0 0 0 0
2845 4 1 1 1 0 0 0 0 0 1 0 0 0
2877 2 0 0 0 0 0 0 0 0 1 1 0 0
fn=handle_preload_list
191 3 1 1 1 0 0 0 0 0 1 0 0 0
831 1 1 1 0 0 0 1 0 0 0 0 0 0
835 1 0 0 0 0 0 1 0 0 0 0 0 0
836 2 0 0 1 0 0 1 0 0 0 0 0 0
837 1 0 0 0 0 0 1 0 0 0 0 0 0
839 1 0 0 1 0 0 0 0 0 0 0 0 0
841 7 0 0 0 0 0 1 0 0 0 0 0 0
842 3 0 0 1 0 0 0 0 0 1 0 0 0
850 3 0 0 1 0 0 0 0 0 0 0 0 0
894 12 1 1 1 1 1 8 1 1 0 0 0 0
895 3 1 1 0 0 0 0 0 0 0 0 0 0
899 5 0 0 2 0 0 0 0 0 2 0 0 0
902 4 0 0 0 0 0 1 0 0 0 0 0 0
903 3 0 0 0 0 0 0 0 0 1 1 0 0
905 5 1 1 0 0 0 1 0 0 0 0 0 0
906 2 0 0 0 0 0 1 0 0 0 0 0 0
912 1 0 0 0 0 0 0 0 0 0 0 0 0
914 2 0 0 1 0 0 0 0 0 0 0 0 0
916 2 0 0 1 0 0 0 0 0 1 0 0 0
917 1 0 0 0 0 0 0 0 0 0 0 0 0
920 9 0 0 7 0 0 0 0 0 0 0 0 0
fn=init_tls
756 3 1 1 0 0 0 2 0 0 0 0 0 0
758 2 0 0 1 0 0 1 0 0 0 0 0 0
762 3 0 0 1 0 0 0 0 0 1 0 0 0
768 2 1 1 0 0 0 1 0 0 0 0 0 0
771 1 0 0 0 0 0 1 0 0 0 0 0 0
772 1 0 0 0 0 0 0 0 0 0 0 0 0
773 1 0 0 0 0 0 0 0 0 0 0 0 0
777 1 0 0 0 0 0 0 0 0 0 0 0 0
779 1 0 0 0 0 0 1 0 0 0 0 0 0
783 2 0 0 1 1 1 0 0 0 1 0 0 0
784 2 0 0 0 0 0 0 0 0 0 0 0 0
785 18 1 1 1 0 0 0 0 0 8 7 0 0
786 7 1 1 7 0 0 0 0 0 0 0 0 0
787 14 0 0 7 0 0 0 0 0 7 5 0 0
791 6 0 0 0 0 0 2 1 1 0 0 0 0
793 2 0 0 0 0 0 0 0 0 0 0 0 0
795 3 0 0 1 0 0 0 0 0 1 0 0 0
798 2 1 1 0 0 0 1 0 0 0 0 0 0
801 1 0 0 0 0 0 1 0 0 0 0 0 0
808 2 0 0 0 0 0 1 0 0 0 0 0 0
809 2 0 0 0 0 0 0 0 0 1 0 0 0
815 2 0 0 1 0 0 1 0 0 0 0 0 0
818 8 0 0 0 0 0 2 0 0 1 0 0 0
821 1 0 0 0 0 0 1 0 0 0 0 0 0
822 1 0 0 0 0 0 1 0 0 0 0 0 0
825 5 0 0 3 0 0 0 0 0 0 0 0 0
fn=map_doit
663 3 1 1 0 0 0 1 0 0 0 0 0 0
665 4 0 0 1 0 0 0 0 0 0 0 0 0
666 6 1 1 2 0 0 2 0 0 0 0 0 0
668 2 0 0 2 0 0 0 0 0 0 0 0 0
fn=version_check_doit
696 3 1 1 0 0 0 1 0 0 0 0 0 0
698 6 1 1 2 0 0 1 0 0 1 1 0 0
702 2 0 0 2 0 0 0 0 0 0 0 0 0
fl=./elf/./get-dynamic-info.h
fn=_dl_start
45 75 0 0 19 5 5 0 0 0 19 1 0 0
49 36 1 1 0 0 0 0 0 0 18 8 0 0
54 21 0 0 0 0 0 0 0 0 5 3 0 0
55 14 0 0 0 0 0 0 0 0 0 0 0 0
56 5 0 0 0 0 0 0 0 0 1 1 0 0
58 1 0 0 0 0 0 0 0 0 0 0 0 0
59 5 1 1 0 0 0 0 0 0 1 1 0 0
61 1 0 0 0 0 0 0 0 0 0 0 0 0
62 5 1 1 0 0 0 0 0 0 1 0 0 0
64 5 0 0 0 0 0 0 0 0 0 0 0 0
68 19 0 0 0 0 0 18 6 6 0 0 0 0
72 3 0 0 0 0 0 0 0 0 1 0 0 0
82 4 1 1 2 0 0 0 0 0 1 0 0 0
83 4 0 0 2 0 0 0 0 0 1 0 0 0
84 4 0 0 2 0 0 0 0 0 1 0 0 0
85 4 0 0 2 0 0 0 0 0 1 0 0 0
87 4 1 1 2 0 0 0 0 0 1 0 0 0
92 4 0 0 2 0 0 0 0 0 1 0 0 0
93 4 0 0 2 0 0 0 0 0 1 0 0 0
94 4 0 0 2 0 0 0 0 0 1 0 0 0
97 3 1 1 1 0 0 0 0 0 1 0 0 0
102 2 0 0 1 0 0 0 0 0 1 0 0 0
109 3 0 0 1 0 0 0 0 0 1 0 0 0
110 3 0 0 2 0 0 0 0 0 1 0 0 0
118 2 0 0 1 1 1 0 0 0 1 0 0 0
119 2 1 1 1 0 0 0 0 0 1 0 0 0
124 3 0 0 1 0 0 0 0 0 1 1 0 0
127 3 0 0 1 0 0 0 0 0 1 1 0 0
fn=dl_main
39 3 1 1 1 0 0 0 0 0 1 0 0 0
43 1 0 0 0 0 0 0 0 0 0 0 0 0
45 119 0 0 30 8 8 0 0 0 30 2 0 0
49 58 1 1 0 0 0 0 0 0 29 10 0 0
54 25 0 0 0 0 0 0 0 0 6 3 0 0
55 17 0 0 0 0 0 0 0 0 0 0 0 0
56 5 0 0 0 0 0 0 0 0 1 1 0 0
58 1 0 0 0 0 0 0 0 0 0 0 0 0
59 5 1 1 0 0 0 0 0 0 1 0 0 0
61 1 0 0 0 0 0 0 0 0 0 0 0 0
62 5 0 0 0 0 0 0 0 0 1 0 0 0
64 5 0 0 0 0 0 0 0 0 0 0 0 0
68 29 0 0 0 0 0 29 6 6 0 0 0 0
72 5 2 2 2 0 0 0 0 0 2 1 0 0
82 3 0 0 1 0 0 0 0 0 1 1 0 0
83 4 0 0 2 0 0 0 0 0 1 0 0 0
84 4 1 1 2 0 0 0 0 0 1 0 0 0
85 4 0 0 2 0 0 0 0 0 1 0 0 0
87 4 0 0 2 0 0 0 0 0 1 0 0 0
92 4 0 0 2 0 0 0 0 0 1 0 0 0
93 4 1 1 2 0 0 0 0 0 1 0 0 0
94 5 0 0 2 0 0 0 0 0 1 0 0 0
97 3 0 0 1 0 0 0 0 0 1 0 0 0
102 2 0 0 1 0 0 0 0 0 1 0 0 0
109 2 0 0 1 0 0 0 0 0 1 0 0 0
110 3 0 0 2 0 0 0 0 0 1 0 0 0
132 3 1 1 1 0 0 0 0 0 1 0 0 0
137 2 0 0 1 0 0 1 0 0 0 0 0 0
139 2 0 0 0 0 0 0 0 0 1 1 0 0
141 2 0 0 0 0 0 0 0 0 1 1 0 0
143 2 0 0 0 0 0 0 0 0 1 0 0 0
144 1 0 0 0 0 0 1 0 0 0 0 0 0
147 3 1 1 1 0 0 0 0 0 1 0 0 0
149 3 0 0 1 0 0 1 0 0 0 0 0 0
150 2 0 0 0 0 0 0 0 0 1 1 0 0
159 2 0 0 1 0 0 0 0 0 0 0 0 0
160 3 1 1 0 0 0 0 0 0 1 1 0 0
165 2 0 0 0 0 0 0 0 0 1 0 0 0
166 2 0 0 1 0 0 1 0 0 0 0 0 0
169 2 1 1 1 0 0 0 0 0 1 1 0 0
fl=./elf/./setup-vdso.h
fn=dl_main
24 2 0 0 1 1 1 0 0 0 1 1 0 0
fl=./io/../sysdeps/unix/sysv/linux/access.c
fn=access
25 1 1 1 0 0 0 0 0 0 0 0 0 0
27 7 0 0 0 0 0 1 0 0 1 1 0 0
31 1 0 0 1 0 0 0 0 0 0 0 0 0
fl=./io/../sysdeps/unix/sysv/linux/close_nocancel.c
fn=__GI___close_nocancel
25 6 1 1 0 0 0 0 0 0 0 0 0 0
26 24 0 0 0 0 0 0 0 0 6 0 0 0
27 6 0 0 6 0 0 0 0 0 0 0 0 0
fl=./io/../sysdeps/unix/sysv/linux/fstat64.c
fn=fstat
29 12 1 1 0 0 0 0 0 0 0 0 0 0
30 12 0 0 0 0 0 0 0 0 6 0 0 0
35 18 0 0 0 0 0 0 0 0 0 0 0 0
fl=./io/../sysdeps/unix/sysv/linux/fstatat64.c
fn=fstatat
98 32 0 0 0 0 0 0 0 0 0 0 0 0
153 32 1 1 0 0 0 0 0 0 0 0 0 0
167 18 0 0 0 0 0 9 0 0 0 0 0 0
168 57 0 0 9 0 0 0 0 0 16 4 0 0
169 7 0 0 7 0 0 0 0 0 0 0 0 0
fl=./io/../sysdeps/unix/sysv/linux/open64_nocancel.c
fn=__open_nocancel
28 76 1 1 0 0 0 19 2 2 0 0 0 0
31 133 1 1 0 0 0 0 0 0 38 0 0 0
39 172 0 0 0 0 0 13 0 0 19 4 0 0
41 19 0 0 19 0 0 0 0 0 0 0 0 0
fl=./io/../sysdeps/unix/sysv/linux/pread64_nocancel.c
fn=__pread64_nocancel
25 8 1 1 0 0 0 0 0 0 0 0 0 0
26 16 0 0 0 0 0 0 0 0 4 0 0 0
27 4 0 0 4 0 0 0 0 0 0 0 0 0
fl=./io/../sysdeps/unix/sysv/linux/read_nocancel.c
fn=__read_nocancel
25 5 1 1 0 0 0 0 0 0 0 0 0 0
26 20 0 0 0 0 0 0 0 0 5 0 0 0
27 5 0 0 5 0 0 0 0 0 0 0 0 0
fl=./io/../sysdeps/unix/sysv/linux/stat64.c
fn=stat
28 20 1 1 0 0 0 0 0 0 0 0 0 0
29 40 0 0 0 0 0 0 0 0 0 0 0 0
fl=./libio/./libio/vtables.c
fn=check_stdfiles_vtables
83 1 1 1 0 0 0 0 0 0 0 0 0 0
84 4 0 0 2 1 0 0 0 0 1 1 0 0
85 3 1 1 2 1 0 0 0 0 1 0 0 0
86 3 0 0 2 2 0 0 0 0 1 0 0 0
88 1 0 0 1 0 0 0 0 0 0 0 0 0
fl=./malloc/./malloc/arena.c
fn=free
162 26938131 0 0 0 0 0 0 0 0 8979377 55694 0 0
fn=malloc
162 2362970 1 1 0 0 0 0 0 0 1181485 174 0 0
315 1 1 1 0 0 0 1 0 0 0 0 0 0
fn=ptmalloc_init.part.0
313 6 1 1 1 0 0 3 0 0 0 0 0 0
318 1 0 0 0 0 0 1 0 0 0 0 0 0
343 2 2 2 1 0 0 0 0 0 1 1 0 0
347 3 0 0 1 1 0 1 0 0 0 0 0 0
352 4 0 0 0 0 0 1 0 0 0 0 0 0
353 4 1 1 0 0 0 1 0 0 0 0 0 0
354 4 0 0 0 0 0 1 0 0 0 0 0 0
355 4 0 0 0 0 0 1 0 0 0 0 0 0
356 4 1 1 0 0 0 1 0 0 0 0 0 0
357 4 0 0 0 0 0 1 0 0 0 0 0 0
358 4 0 0 0 0 0 1 0 0 0 0 0 0
360 4 1 1 0 0 0 1 0 0 0 0 0 0
361 4 0 0 0 0 0 1 0 0 0 0 0 0
362 4 0 0 0 0 0 1 0 0 0 0 0 0
365 4 0 0 0 0 0 1 0 0 0 0 0 0
366 4 1 1 0 0 0 1 0 0 0 0 0 0
367 2 0 0 1 1 1 0 0 0 1 1 0 0
430 7 0 0 5 0 0 0 0 0 1 0 0 0
fn=sysmalloc
565 55 1 1 0 0 0 55 0 0 0 0 0 0
fl=./malloc/./malloc/malloc.c
fn=_int_free
2012 8728617 1 1 2909539 36 9 0 0 0 2909539 0 0 0
3181 12139678 1 1 6069839 0 0 6069839 0 0 0 0 0 0
3183 24279356 0 0 6069839 27 7 6069839 0 0 0 0 0 0
3184 6069839 0 0 0 0 0 6069839 0 0 0 0 0 0
3185 12139678 0 0 0 0 0 6069839 0 0 0 0 0 0
4421 98773158 2 2 8979378 41 9 62855646 59 6 0 0 0 0
4431 26938134 0 0 8979378 0 0 0 0 0 0 0 0 0
4437 44896890 0 0 0 0 0 0 0 0 8979378 0 0 0
4438 17958756 0 0 0 0 0 0 0 0 8979378 781 0 0
4442 35917512 0 0 0 0 0 0 0 0 8979378 0 0 0
4449 17958756 0 0 0 0 0 0 0 0 0 0 0 0
4450 62855646 1 1 26938134 41 9 0 0 0 17958756 354 0 0
4453 8979327 0 0 0 0 0 0 0 0 0 0 0 0
4459 26937981 0 0 17958654 59 0 0 0 0 8979327 0 0 0
4479 44896635 1 1 17958654 20 4 0 0 0 8979327 2007093 0 0
4482 6069839 0 0 0 0 0 0 0 0 0 0 0 0
4493 5819078 0 0 2909539 47 6 0 0 0 2909539 8 0 0
4504 11637952 0 0 2909488 415151 16601 0 0 0 2909488 0 0 0
4506 8728464 0 0 2909488 46 2 0 0 0 2909488 0 0 0
4527 2909488 0 0 0 0 0 2909488 0 0 0 0 0 0
4528 2909488 0 0 0 0 0 0 0 0 0 0 0 0
4532 8728464 0 0 2909488 0 0 0 0 0 0 0 0 0
4534 8728464 0 0 2909488 0 0 0 0 0 2909488 0 0 0
4538 5818976 0 0 0 0 0 0 0 0 2909488 26426 0 0
4540 11637952 0 0 0 0 0 2909488 0 0 0 0 0 0
4541 2909488 0 0 0 0 0 2909488 0 0 0 0 0 0
4560 11637952 0 0 0 0 0 0 0 0 2909488 85 0 0
4569 102 0 0 51 0 0 0 0 0 51 0 0 0
4572 51 0 0 51 0 0 0 0 0 0 0 0 0
4575 255 0 0 0 0 0 51 30 0 51 0 0 0
4578 51 1 1 0 0 0 0 0 0 0 0 0 0
4582 153 0 0 51 39 0 0 0 0 51 0 0 0
4585 130 0 0 51 36 8 0 0 0 65 6 0 0
4587 42 1 1 14 7 0 0 0 0 0 0 0 0
4590 153 0 0 51 29 0 0 0 0 51 0 0 0
4593 102 0 0 0 0 0 0 0 0 0 0 0 0
4594 102 0 0 0 0 0 0 0 0 51 0 0 0
4595 102 1 1 51 37 0 0 0 0 51 0 0 0
4601 102 0 0 51 0 0 0 0 0 51 40 0 0
4602 5 0 0 5 0 0 0 0 0 0 0 0 0
4603 5 0 0 0 0 0 0 0 0 0 0 0 0
4604 5 0 0 0 0 0 0 0 0 0 0 0 0
4605 20 0 0 5 2 0 0 0 0 5 0 0 0
4607 10 0 0 0 0 0 5 2 0 0 0 0 0
4610 102 1 1 51 0 0 0 0 0 51 2 0 0
4615 98 0 0 49 33 2 0 0 0 49 7 0 0
4616 10 1 1 0 0 0 5 0 0 0 0 0 0
4617 10 0 0 0 0 0 0 0 0 0 0 0 0
4619 44 0 0 44 0 0 0 0 0 0 0 0 0
4627 49 0 0 0 0 0 0 0 0 0 0 0 0
4628 196 0 0 49 0 0 0 0 0 0 0 0 0
4629 98 0 0 49 25 0 0 0 0 49 0 0 0
4631 49 0 0 0 0 0 49 11 0 0 0 0 0
4633 98 1 1 0 0 0 0 0 0 49 5 0 0
4635 147 1 1 0 0 0 49 12 0 0 0 0 0
4638 49 0 0 0 0 0 49 0 0 0 0 0 0
4639 49 0 0 0 0 0 49 0 0 0 0 0 0
4641 147 0 0 0 0 0 49 0 0 0 0 0 0
4642 49 0 0 0 0 0 49 0 0 0 0 0 0
4653 2 1 1 0 0 0 0 0 0 0 0 0 0
4654 6 0 0 0 0 0 2 0 0 0 0 0 0
4655 4 0 0 0 0 0 2 0 0 0 0 0 0
4672 102 0 0 0 0 0 0 0 0 51 16 0 0
4673 63 1 1 21 0 0 0 0 0 21 4 0 0
4674 12 0 0 0 0 0 4 0 0 0 0 0 0
4676 63 2 2 0 0 0 0 0 0 21 8 0 0
4678 105 1 1 63 36 9 0 0 0 21 2 0 0
4680 3 1 1 1 0 0 1 0 0 0 0 0 0
4692 153 0 0 51 0 0 0 0 0 51 7 0 0
4702 98773158 2 2 80814402 8 0 0 0 0 8979378 0 0 0
fn=_int_malloc
1343 2362972 1 1 0 0 0 0 0 0 1181486 0 0 0
1362 5907429 1 1 0 0 0 0 0 0 1181486 6 0 0
2005 3541874 1 1 1180626 0 0 0 0 0 1180622 2762 0 0
3177 1882376 0 0 119 0 0 1882257 0 0 0 0 0 0
3181 5783549 0 0 2555569 4 0 2555569 1 0 0 0 0 0
3183 7348325 1 1 3766123 1 0 2555651 0 0 0 0 0 0
3184 864 0 0 0 0 0 864 0 0 0 0 0 0
3185 5648380 0 0 1882138 0 0 1883121 0 0 0 0 0 0
3186 238 0 0 0 0 0 0 0 0 0 0 0 0
3193 2592 1 1 1728 0 0 0 0 0 0 0 0 0
3194 1728 0 0 0 0 0 0 0 0 864 0 0 0
3196 3456 0 0 864 0 0 864 0 0 0 0 0 0
3197 864 0 0 864 0 0 0 0 0 0 0 0 0
3198 864 0 0 0 0 0 864 0 0 0 0 0 0
3771 10633374 1 1 0 0 0 7088916 237 1 0 0 0 0
3811 2362972 1 1 0 0 0 0 0 0 1181486 0 0 0
3838 2362974 0 0 1181486 21 3 0 0 0 1181486 18 0 0
3841 352137 0 0 0 0 0 0 0 0 0 0 0 0
3843 1181420 0 0 1181419 3 1 0 0 0 0 0 0 0
3845 4850684 2 2 0 0 0 0 0 0 1181419 215919 0 0
3847 704274 0 0 0 0 0 0 0 0 352137 0 0 0
3850 1056411 0 0 352137 0 0 0 0 0 352137 0 0 0
3851 2112822 0 0 352137 13342 0 352137 0 0 0 0 0 0
3853 3544254 0 0 0 0 0 0 0 0 0 0 0 0
3856 704274 0 0 352137 3217 0 0 0 0 0 0 0 0
3857 704274 1 1 0 0 0 0 0 0 352137 0 0 0
3863 704274 0 0 0 0 0 0 0 0 0 0 0 0
3864 2112822 0 0 1056411 0 0 0 0 0 704274 0 0 0
3869 2234275 0 0 352137 0 0 0 0 0 0 0 0 0
3870 10541576 2 2 4258617 0 0 0 0 0 4258617 358293 0 0
3872 3764276 0 0 0 0 0 0 0 0 1882138 0 0 0
3874 5646414 1 1 1882138 0 0 0 0 0 1882138 10 0 0
3875 11292828 0 0 1882138 217910 0 1882138 0 0 0 0 0 0
3901 134 0 0 0 0 0 0 0 0 67 5 0 0
3903 829251 0 0 0 0 0 829251 16325 1 0 0 0 0
3904 1658594 2 2 0 0 0 0 0 0 0 0 0 0
3906 2487864 0 0 829288 12773 4 0 0 0 829288 43 0 0
3908 37 0 0 37 11 0 0 0 0 0 0 0 0
3909 74 0 0 37 14 0 0 0 0 37 0 0 0
3911 37 0 0 37 11 0 0 0 0 0 0 0 0
3912 37 0 0 0 0 0 37 0 0 0 0 0 0
3913 37 0 0 0 0 0 37 0 0 0 0 0 0
3915 111 1 1 0 0 0 0 0 0 37 2 0 0
3921 74 0 0 0 0 0 0 0 0 0 0 0 0
3922 222 0 0 111 0 0 0 0 0 74 0 0 0
3927 542 0 0 74 0 0 0 0 0 119 6 0 0
3928 300 0 0 0 0 0 0 0 0 150 37 0 0
3932 119 0 0 119 0 0 0 0 0 0 0 0 0
3933 119 0 0 119 64 0 0 0 0 0 0 0 0
3934 238 0 0 0 0 0 0 0 0 119 21 0 0
3936 119 0 0 0 0 0 119 0 0 0 0 0 0
3937 119 0 0 0 0 0 119 56 0 0 0 0 0
3944 37 0 0 0 0 0 0 0 0 0 0 0 0
3963 2362 4 4 0 0 0 733 28 2 155 66 0 0
3964 183 0 0 61 9 1 0 0 0 61 13 0 0
3965 139 0 0 0 0 0 46 45 8 0 0 0 0
3982 4146557 0 0 829311 4 0 1658623 14232 1 0 0 0 0
3983 2487936 0 0 0 0 0 0 0 0 0 0 0 0
3984 2487936 0 0 1658624 8 0 0 0 0 829312 1 0 0
3988 829312 0 0 0 0 0 829312 0 0 0 0 0 0
3993 672411 0 0 0 0 0 0 0 0 0 0 0 0
3994 3330334 1 1 833098 11874 2 0 0 0 833962 2367 0 0
3996 674937 0 0 674937 2644 0 0 0 0 0 0 0 0
3997 2699748 0 0 674937 7484 0 0 0 0 0 0 0 0
3998 674937 0 0 0 0 0 0 0 0 0 0 0 0
4000 1349874 1 1 0 0 0 0 0 0 674937 18 0 0
4001 2024811 0 0 674937 27 1 0 0 0 674937 2 0 0
4003 674937 0 0 674937 11473 0 0 0 0 0 0 0 0
4004 2699748 0 0 0 0 0 0 0 0 674937 0 0 0
4006 2699748 0 0 674937 0 0 0 0 0 674937 7 0 0
4008 1349874 1 1 674937 793 0 0 0 0 674937 0 0 0
4009 1349874 0 0 674937 0 0 0 0 0 674937 0 0 0
4011 1349874 0 0 0 0 0 0 0 0 674937 0 0 0
4022 2699748 0 0 0 0 0 0 0 0 674937 341 0 0
4023 1344730 1 1 672365 0 0 0 0 0 672365 100 0 0
4024 1344538 0 0 672269 0 0 0 0 0 672269 55750 0 0
4025 1344822 0 0 0 0 0 672411 0 0 0 0 0 0
4028 1340698 0 0 670349 0 0 0 0 0 0 0 0 0
4029 670349 0 0 0 0 0 0 0 0 0 0 0 0
4030 670349 0 0 0 0 0 670349 0 0 0 0 0 0
4031 2011047 0 0 0 0 0 670349 0 0 0 0 0 0
4032 670349 0 0 0 0 0 670349 343468 258593 0 0 0 0
4033 1340698 0 0 0 0 0 0 0 0 670349 4237 0 0
4035 1291668 1 1 0 0 0 645834 161451 127289 0 0 0 0
4039 5362792 0 0 0 0 0 670349 0 0 0 0 0 0
4041 2011047 0 0 0 0 0 670349 25 0 0 0 0 0
4042 670349 0 0 0 0 0 670349 0 0 0 0 0 0
4045 671217 0 0 0 0 0 0 0 0 0 0 0 0
4053 4588 0 0 0 0 0 4588 0 0 0 0 0 0
4054 4588 0 0 0 0 0 4588 0 0 0 0 0 0
4058 9176 0 0 0 0 0 0 0 0 4588 702 0 0
4060 1736 1 1 0 0 0 868 0 0 0 0 0 0
4061 3319852 1 1 0 0 0 1658624 8 0 868 3 0 0
4066 1736 0 0 868 0 0 0 0 0 868 2 0 0
4067 2020689 1 1 1346550 0 0 672411 0 0 864 2 0 0
4071 1728 0 0 0 0 0 0 0 0 0 0 0 0
4087 7440 1 1 0 0 0 0 0 0 3720 281 0 0
4089 5058 0 0 0 0 0 0 0 0 0 0 0 0
4090 10116 0 0 0 0 0 0 0 0 0 0 0 0
4091 2529 0 0 2529 123 57 0 0 0 0 0 0 0
4095 15555 2 2 0 0 0 0 0 0 3062 762 0 0
4096 4764 1 1 0 0 0 0 0 0 0 0 0 0
4097 1191 0 0 1191 164 65 0 0 0 0 0 0 0
4100 2382 0 0 0 0 0 0 0 0 1191 292 0 0
4103 1852 1 1 0 0 0 926 0 0 0 0 0 0
4105 3704 0 0 1852 59 0 0 0 0 926 1 0 0
4106 1852 0 0 926 0 0 0 0 0 926 178 0 0
4112 600 0 0 0 0 0 150 40 0 0 0 0 0
4113 150 0 0 150 6 0 0 0 0 0 0 0 0
4114 450 0 0 0 0 0 300 1 0 0 0 0 0
4118 3880 1 1 1552 43 1 0 0 0 776 1 0 0
4119 5676 0 0 0 0 0 0 0 0 2838 755 0 0
4121 2062 0 0 2062 77 0 0 0 0 0 0 0 0
4122 6186 0 0 2062 111 1 0 0 0 2062 2 0 0
4125 776 0 0 0 0 0 0 0 0 776 138 0 0
4128 360 0 0 180 1 0 0 0 0 0 0 0 0
4131 1788 0 0 596 21 2 596 156 0 0 0 0 0
4133 1788 0 0 1192 4 0 0 0 0 596 0 0 0
4135 596 0 0 0 0 0 596 0 0 0 0 0 0
4136 1788 0 0 596 0 0 596 0 0 0 0 0 0
4138 776 0 0 776 4 0 0 0 0 0 0 0 0
4139 1552 0 0 776 1 0 0 0 0 776 11 0 0
4144 795 1 1 0 0 0 265 71 0 0 0 0 0
4147 22320 1 1 3720 465 0 0 0 0 0 0 0 0
4149 14880 0 0 0 0 0 3720 0 0 0 0 0 0
4150 3720 0 0 0 0 0 3720 262 0 0 0 0 0
4151 3720 0 0 0 0 0 3720 0 0 0 0 0 0
4156 7440 0 0 7440 0 0 0 0 0 0 0 0 0
4157 7440 0 0 0 0 0 0 0 0 3720 92 0 0
4158 2017233 0 0 672411 0 0 672411 0 0 0 0 0 0
4166 11160 0 0 0 0 0 0 0 0 3720 0 0 0
4174 864 0 0 0 0 0 0 0 0 0 0 0 0
4183 316322 1 1 0 0 0 0 0 0 158161 37 0 0
4185 228 0 0 57 0 0 0 0 0 0 0 0 0
4188 171 0 0 57 43 5 0 0 0 57 13 0 0
4189 60 0 0 30 19 1 0 0 0 30 9 0 0
4192 54 1 1 54 19 2 0 0 0 0 0 0 0
4193 747 0 0 144 103 0 0 0 0 144 57 0 0
4195 117 0 0 117 71 0 0 0 0 0 0 0 0
4199 54 0 0 27 0 0 0 0 0 27 3 0 0
4200 32 0 0 16 1 0 0 0 0 0 0 0 0
4201 16 0 0 16 1 0 0 0 0 0 0 0 0
4204 54 0 0 0 0 0 0 0 0 0 0 0 0
4205 81 1 1 0 0 0 54 0 0 0 0 0 0
4208 81 0 0 27 0 0 0 0 0 27 17 0 0
4210 4 0 0 4 0 0 0 0 0 0 0 0 0
4211 12 1 1 0 0 0 0 0 0 4 0 0 0
4217 23 0 0 0 0 0 0 0 0 0 0 0 0
4221 92 0 0 23 0 0 0 0 0 0 0 0 0
4222 46 0 0 23 0 0 0 0 0 23 1 0 0
4225 23 0 0 0 0 0 23 23 6 0 0 0 0
4226 23 0 0 0 0 0 23 0 0 0 0 0 0
4227 23 0 0 0 0 0 23 0 0 0 0 0 0
4228 46 1 1 0 0 0 0 0 0 23 11 0 0
4230 26 0 0 0 0 0 13 2 1 0 0 0 0
4233 184 0 0 0 0 0 23 0 0 0 0 0 0
4235 69 0 0 0 0 0 23 5 1 0 0 0 0
4236 23 0 0 0 0 0 23 0 0 0 0 0 0
4239 27 0 0 0 0 0 0 0 0 0 0 0 0
4256 316268 1 1 158134 1 0 0 0 0 0 0 0 0
4257 316268 0 0 0 0 0 0 0 0 0 0 0 0
4258 316268 0 0 0 0 0 0 0 0 0 0 0 0
4259 316268 0 0 158134 3440 1 0 0 0 0 0 0 0
4260 474402 0 0 0 0 0 0 0 0 0 0 0 0
4265 324891 1 1 0 0 0 0 0 0 161919 594 0 0
4269 1250100 1 1 0 0 0 0 0 0 468696 57 0 0
4272 1720766 2 2 468659 0 0 0 0 0 468659 160 0 0
4274 5080 0 0 0 0 0 0 0 0 0 0 0 0
4275 2540 0 0 0 0 0 0 0 0 0 0 0 0
4279 55360 0 0 0 0 0 0 0 0 27680 2268 0 0
4281 23678 0 0 0 0 0 0 0 0 0 0 0 0
4283 47356 0 0 0 0 0 0 0 0 23678 1955 0 0
4287 4002 0 0 4002 1208 5 0 0 0 0 0 0 0
4290 8004 0 0 0 0 0 0 0 0 4002 1016 0 0
4292 5225 1 1 0 0 0 1045 0 0 0 0 0 0
4293 1045 0 0 0 0 0 0 0 0 0 0 0 0
4294 1045 0 0 0 0 0 0 0 0 0 0 0 0
4299 8871 1 1 5914 1230 7 0 0 0 0 0 0 0
4302 5914 0 0 0 0 0 0 0 0 2957 0 0 0
4304 5914 0 0 0 0 0 0 0 0 0 0 0 0
4307 11828 0 0 0 0 0 8871 0 0 0 0 0 0
4310 11828 0 0 5914 0 0 0 0 0 2957 373 0 0
4312 997 0 0 997 0 0 0 0 0 0 0 0 0
4313 2991 1 1 0 0 0 0 0 0 997 2 0 0
4320 1960 0 0 0 0 0 0 0 0 0 0 0 0
4325 7840 1 1 1960 0 0 0 0 0 0 0 0 0
4326 3920 0 0 1960 0 0 0 0 0 1960 0 0 0
4329 1960 0 0 0 0 0 1960 756 164 0 0 0 0
4330 1960 0 0 0 0 0 1960 0 0 0 0 0 0
4331 1960 0 0 0 0 0 1960 0 0 0 0 0 0
4334 3920 0 0 0 0 0 0 0 0 1960 11 0 0
4335 1956 0 0 0 0 0 1956 0 0 0 0 0 0
4336 3920 0 0 0 0 0 0 0 0 1960 124 0 0
4338 2186 1 1 0 0 0 1093 262 90 0 0 0 0
4341 15680 0 0 0 0 0 1960 0 0 0 0 0 0
4343 5880 0 0 0 0 0 1960 5 0 0 0 0 0
4344 1960 0 0 0 0 0 1960 0 0 0 0 0 0
4347 2957 0 0 0 0 0 0 0 0 0 0 0 0
4369 155177 0 0 155177 0 0 0 0 0 0 0 0 0
4370 310354 0 0 155177 1718 2 0 0 0 0 0 0 0
4372 310354 0 0 155177 9 2 0 0 0 155177 2 0 0
4375 465787 1 1 0 0 0 256 0 0 155177 25372 0 0
4377 155049 0 0 0 0 0 0 0 0 0 0 0 0
4378 310098 1 1 155049 0 0 0 0 0 0 0 0 0
4379 155049 0 0 0 0 0 155049 0 0 0 0 0 0
4380 1240392 1 1 0 0 0 155049 0 0 0 0 0 0
4382 310098 0 0 0 0 0 155049 116390 116390 0 0 0 0
4385 155049 0 0 0 0 0 0 0 0 0 0 0 0
4392 384 0 0 128 0 0 0 0 0 128 72 0 0
4394 132 0 0 0 0 0 66 0 0 0 0 0 0
4396 264 0 0 132 0 0 0 0 0 66 2 0 0
4397 2363102 0 0 66 0 0 66 0 0 0 0 0 0
4399 12438765 3 3 0 0 0 7463259 0 0 0 0 0 0
4407 310 1 1 62 0 0 62 0 0 0 0 0 0
4408 124 0 0 0 0 0 0 0 0 62 3 0 0
4413 10633374 2 2 8270402 4 0 0 0 0 0 0 0 0
fn=free
3352 35917532 1 1 0 0 0 17958766 0 0 0 0 0 0
3356 17958766 0 0 0 0 0 0 0 0 8979383 0 0 0
3364 17958766 0 0 17958766 108 22 0 0 0 0 0 0 0
3366 8979383 0 0 0 0 0 0 0 0 0 0 0 0
3368 26938149 1 1 8979383 748536 9791 0 0 0 8979383 660403 0 0
3372 18 0 0 6 6 1 0 0 0 6 0 0 0
3374 24 0 0 6 6 1 0 0 0 6 0 0 0
3376 12 0 0 0 0 0 6 0 0 0 0 0 0
3377 12 1 1 0 0 0 6 0 0 0 0 0 0
3378 6 0 0 0 0 0 0 0 0 0 0 0 0
3381 12 0 0 0 0 0 6 5 0 0 0 0 0
3385 26938131 0 0 17958754 80 18 0 0 0 8979377 0 0 0
3391 17958754 1 1 0 0 0 8979377 6 4 0 0 0 0
3394 8979383 0 0 0 0 0 8979383 4 0 0 0 0 0
3395 35917532 0 0 26938149 4 0 0 0 0 0 0 0 0
fn=malloc
1343 18267106 0 0 0 0 0 0 0 0 9133553 96362 0 0
1362 45667764 2 2 0 0 0 0 0 0 9133553 44 0 0
3193 15904136 0 0 7952068 37 17 0 0 0 0 0 0 0
3194 15904136 0 0 0 0 0 0 0 0 7952068 0 0 0
3196 31808272 0 0 7952068 56077 7 7952068 0 0 0 0 0 0
3197 15904136 0 0 0 0 0 7952068 0 0 0 0 0 0
3198 7952068 0 0 0 0 0 7952068 0 0 0 0 0 0
3241 4 0 0 2 0 0 1 0 0 1 0 0 0
3287 54801318 1 1 0 0 0 27400659 10 1 0 0 0 0
3294 18267106 0 0 9133553 12 3 0 0 0 9133553 10737 0 0
3304 27400656 1 1 0 0 0 0 0 0 0 0 0 0
3306 36534212 0 0 18267106 24 4 0 0 0 9133553 1 0 0
3309 18267106 0 0 9133553 12 2 0 0 0 9133553 75 0 0
3311 27400482 1 1 9133494 37 10 0 0 0 9133494 804765 0 0
3319 3544455 1 1 1181485 9 1 0 0 0 1181485 9 0 0
3321 4725940 1 1 0 0 0 1181485 1 0 0 0 0 0
3322 5907425 0 0 1181485 3 0 0 0 0 1181485 0 0 0
3347 45667765 0 0 36534212 5 0 0 0 0 0 0 0 0
fn=malloc_consolidate
4715 928 1 1 0 0 0 696 102 12 0 0 0 0
4730 116 0 0 0 0 0 116 0 0 0 0 0 0
4732 232 0 0 0 0 0 116 56 4 0 0 0 0
4743 116 1 1 0 0 0 0 0 0 0 0 0 0
4745 2320 0 0 2320 8 0 0 0 0 1160 4 0 0
4746 2320 0 0 0 0 0 0 0 0 1160 166 0 0
4749 1350282 1 1 0 0 0 0 0 0 675141 9 0 0
4753 2025423 0 0 675141 659049 34 0 0 0 0 0 0 0
4754 2700564 0 0 0 0 0 0 0 0 675141 1 0 0
4759 3375705 1 1 675141 164082 16 0 0 0 0 0 0 0
4762 1350282 0 0 0 0 0 0 0 0 0 0 0 0
4763 675141 0 0 0 0 0 0 0 0 0 0 0 0
4764 2025423 0 0 675141 327416 35 0 0 0 0 0 0 0
4766 1350282 0 0 0 0 0 0 0 0 675141 165676 0 0
4767 339630 0 0 339630 0 0 0 0 0 0 0 0 0
4768 339630 0 0 0 0 0 0 0 0 0 0 0 0
4769 339630 0 0 0 0 0 0 0 0 0 0 0 0
4770 1358520 0 0 339630 294578 6 0 0 0 339630 5 0 0
4772 3396300 0 0 1358520 0 0 1698150 27 3 0 0 0 0
4775 1350282 1 1 675141 4 0 0 0 0 675141 34 0 0
4778 1350270 1 1 675135 548153 6740 0 0 0 675135 156213 0 0
4779 333452 1 1 0 0 0 0 0 0 0 0 0 0
4780 2334164 0 0 666904 0 0 1000356 3 0 0 0 0 0
4782 683366 0 0 0 0 0 341683 0 0 0 0 0 0
4784 675135 0 0 675135 0 0 0 0 0 0 0 0 0
4785 1350270 0 0 0 0 0 675135 0 0 0 0 0 0
4786 1350270 0 0 675135 0 0 675135 5 0 0 0 0 0
4788 1350270 0 0 0 0 0 0 0 0 675135 27191 0 0
4789 114932 0 0 0 0 0 57466 6647 0 0 0 0 0
4793 2025405 0 0 0 0 0 675135 0 0 0 0 0 0
4795 675135 0 0 0 0 0 675135 0 0 0 0 0 0
4796 1008587 0 0 0 0 0 675135 0 0 0 0 0 0
4800 6 0 0 0 0 0 0 0 0 0 0 0 0
4801 12 0 0 0 0 0 6 0 0 0 0 0 0
4802 12 0 0 0 0 0 6 0 0 0 0 0 0
4805 2025275 0 0 0 0 0 0 0 0 675141 160 0 0
4808 3480 0 0 1160 0 0 0 0 0 1160 381 0 0
4809 928 0 0 812 8 0 0 0 0 0 0 0 0
fn=munmap_chunk
3044 6 1 1 0 0 0 0 0 0 0 0 0 0
3045 12 0 0 12 12 2 0 0 0 0 0 0 0
3046 18 0 0 6 0 0 0 0 0 0 0 0 0
3048 12 0 0 0 0 0 0 0 0 6 0 0 0
3050 6 0 0 0 0 0 0 0 0 0 0 0 0
3051 12 0 0 6 0 0 0 0 0 0 0 0 0
3052 12 1 1 6 0 0 0 0 0 0 0 0 0
3058 24 0 0 0 0 0 0 0 0 0 0 0 0
3059 30 0 0 0 0 0 0 0 0 6 0 0 0
3062 6 0 0 12 0 0 0 0 0 6 0 0 0
3063 18 0 0 12 0 0 0 0 0 6 0 0 0
3068 12 1 1 0 0 0 0 0 0 0 0 0 0
3069 6 0 0 0 0 0 0 0 0 0 0 0 0
fn=ptmalloc_init.part.0
1966 385 1 1 0 0 0 0 0 0 127 8 0 0
1969 381 0 0 0 0 0 127 33 32 0 0 0 0
1977 1 0 0 0 0 0 1 1 1 0 0 0 0
1978 1 0 0 0 0 0 1 1 1 0 0 0 0
1980 1 0 0 0 0 0 1 0 0 0 0 0 0
3162 7 1 1 0 0 0 1 0 0 1 0 0 0
fn=sysmalloc
2028 216 0 0 54 0 0 0 0 0 54 0 0 0
2548 558 2 2 0 0 0 372 8 1 0 0 0 0
2568 248 0 0 186 120 4 62 0 0 0 0 0 0
2579 124 1 1 0 0 0 0 0 0 62 1 0 0
2580 179 0 0 62 61 3 55 1 0 62 3 0 0
2581 21 0 0 14 6 1 0 0 0 7 0 0 0
2585 35 0 0 7 0 0 0 0 0 7 0 0 0
2594 28 0 0 0 0 0 7 7 1 0 0 0 0
2595 14 0 0 0 0 0 0 0 0 7 0 0 0
2606 55 0 0 55 0 0 0 0 0 0 0 0 0
2607 165 0 0 55 0 0 0 0 0 0 0 0 0
2608 55 0 0 0 0 0 0 0 0 0 0 0 0
2610 106 2 2 0 0 0 0 0 0 0 0 0 0
2617 598 0 0 0 0 0 0 0 0 163 0 0 0
2623 165 1 1 0 0 0 0 0 0 55 0 0 0
2626 165 0 0 0 0 0 0 0 0 55 2 0 0
2687 110 2 2 55 0 0 0 0 0 0 0 0 0
2696 220 0 0 55 0 0 0 0 0 0 0 0 0
2709 165 0 0 55 54 1 0 0 0 55 0 0 0
2713 3 1 1 0 0 0 1 0 0 0 0 0 0
2717 275 0 0 0 0 0 55 0 0 0 0 0 0
2725 110 1 1 0 0 0 0 0 0 55 3 0 0
2727 110 1 1 0 0 0 55 8 2 0 0 0 0
2728 165 0 0 55 0 0 0 0 0 55 2 0 0
2729 110 1 1 55 0 0 0 0 0 0 0 0 0
2730 55 0 0 0 0 0 0 0 0 0 0 0 0
2733 110 0 0 0 0 0 0 0 0 55 44 0 0
2746 8 0 0 2 0 0 0 0 0 2 0 0 0
2752 16 0 0 0 0 0 4 0 0 0 0 0 0
2754 6 0 0 2 0 0 0 0 0 2 0 0 0
2758 2 0 0 2 0 0 0 0 0 0 0 0 0
2762 4 0 0 0 0 0 0 0 0 2 0 0 0
2764 110 1 1 55 1 0 0 0 0 55 1 0 0
2765 2 1 1 0 0 0 1 0 0 0 0 0 0
2766 271 0 0 108 0 0 55 0 0 0 0 0 0
2772 224 1 1 0 0 0 0 0 0 55 1 0 0
2773 208 0 0 0 0 0 52 0 0 0 0 0 0
2775 8 3 3 3 0 0 0 0 0 4 2 0 0
2802 2 0 0 0 0 0 0 0 0 0 0 0 0
2815 3 1 1 0 0 0 0 0 0 1 1 0 0
2837 2 0 0 0 0 0 0 0 0 0 0 0 0
2838 7 0 0 0 0 0 0 0 0 0 0 0 0
2840 2 1 1 0 0 0 0 0 0 1 0 0 0
2841 4 0 0 0 0 0 2 0 0 0 0 0 0
2853 3 0 0 1 0 0 0 0 0 1 0 0 0
2867 4 0 0 0 0 0 0 0 0 2 0 0 0
2886 4 0 0 0 0 0 0 0 0 2 0 0 0
2895 3 0 0 0 0 0 3 0 0 0 0 0 0
2896 12 0 0 0 0 0 3 3 3 0 0 0 0
2897 7 1 1 2 0 0 3 0 0 0 0 0 0
2908 6 1 1 0 0 0 0 0 0 3 1 0 0
2915 4 0 0 0 0 0 0 0 0 0 0 0 0
2916 6 0 0 0 0 0 2 0 0 0 0 0 0
2924 2 0 0 0 0 0 2 1 1 0 0 0 0
2926 2 0 0 0 0 0 2 0 0 0 0 0 0
2931 4 0 0 0 0 0 0 0 0 2 1 0 0
2933 5 1 1 0 0 0 1 0 0 0 0 0 0
2941 111 2 2 56 0 0 0 0 0 55 1 0 0
2942 55 0 0 0 0 0 55 0 0 0 0 0 0
2946 54 0 0 53 0 0 0 0 0 0 0 0 0
2947 110 0 0 55 0 0 0 0 0 0 0 0 0
2950 110 0 0 0 0 0 0 0 0 55 2 0 0
2952 55 0 0 0 0 0 0 0 0 0 0 0 0
2953 55 0 0 0 0 0 0 0 0 0 0 0 0
2954 55 0 0 0 0 0 55 0 0 0 0 0 0
2955 440 2 2 0 0 0 55 0 0 0 0 0 0
2956 110 0 0 0 0 0 55 45 45 0 0 0 0
2958 110 0 0 0 0 0 0 0 0 0 0 0 0
2964 682 2 2 558 0 0 0 0 0 62 54 0 0
fn=sysmalloc_mmap.constprop.0
2028 28 0 0 7 0 0 0 0 0 7 0 0 0
2420 21 1 1 0 0 0 21 0 0 0 0 0 0
2433 21 0 0 0 0 0 0 0 0 0 0 0 0
2438 14 1 1 0 0 0 0 0 0 7 2 0 0
2441 70 0 0 0 0 0 7 6 1 0 0 0 0
2444 14 1 1 0 0 0 0 0 0 7 0 0 0
2448 14 0 0 0 0 0 0 0 0 7 0 0 0
2466 21 0 0 0 0 0 0 0 0 7 0 0 0
2484 7 0 0 0 0 0 7 7 7 0 0 0 0
2485 21 0 0 0 0 0 7 0 0 0 0 0 0
2489 21 1 1 14 0 0 0 0 0 7 0 0 0
2490 27 0 0 10 0 0 0 0 0 10 3 0 0
2493 21 0 0 14 0 0 0 0 0 7 0 0 0
2494 35 1 1 14 0 0 0 0 0 14 1 0 0
2499 35 0 0 28 0 0 0 0 0 0 0 0 0
fn=sysmalloc_mmap_fallback.constprop.0
2028 8 1 1 2 0 0 0 0 0 2 0 0 0
2508 18 1 1 0 0 0 10 0 0 0 0 0 0
2512 2 0 0 2 0 0 0 0 0 0 0 0 0
2515 4 0 0 2 0 0 0 0 0 2 1 0 0
2516 5 0 0 0 0 0 0 0 0 0 0 0 0
2519 4 0 0 0 0 0 0 0 0 2 2 0 0
2523 4 1 1 0 0 0 0 0 0 2 0 0 0
2524 2 0 0 0 0 0 0 0 0 0 0 0 0
2526 18 0 0 0 0 0 2 0 0 0 0 0 0
2529 4 0 0 0 0 0 0 0 0 2 0 0 0
2533 4 0 0 0 0 0 0 0 0 2 2 0 0
2540 2 0 0 2 0 0 0 0 0 0 0 0 0
2542 2 0 0 0 0 0 2 0 0 0 0 0 0
2544 14 0 0 12 0 0 0 0 0 0 0 0 0
fn=systrim.constprop.0
2977 3 0 0 0 0 0 3 0 0 0 0 0 0
2986 3 1 1 2 0 0 0 0 0 0 0 0 0
2988 1 0 0 0 0 0 0 0 0 0 0 0 0
2989 2 0 0 0 0 0 0 0 0 1 0 0 0
2994 3 0 0 1 1 0 0 0 0 1 1 0 0
2995 1 0 0 0 0 0 0 0 0 0 0 0 0
2998 5 0 0 2 2 0 0 0 0 0 0 0 0
3000 2 0 0 0 0 0 0 0 0 1 1 0 0
3007 3 1 1 0 0 0 1 0 0 0 0 0 0
3008 4 0 0 1 0 0 0 0 0 1 0 0 0
3020 3 0 0 0 0 0 1 0 0 0 0 0 0
3021 2 0 0 0 0 0 1 0 0 0 0 0 0
3023 1 0 0 0 0 0 0 0 0 0 0 0 0
3025 2 0 0 0 0 0 0 0 0 0 0 0 0
3029 2 0 0 0 0 0 0 0 0 1 0 0 0
3032 1 0 0 1 0 0 0 0 0 0 0 0 0
3033 4 0 0 1 0 0 1 0 0 0 0 0 0
3035 2 0 0 0 0 0 0 0 0 0 0 0 0
3040 4 0 0 4 0 0 0 0 0 0 0 0 0
fn=tcache_init.part.0
3235 3 1 1 0 0 0 2 0 0 0 0 0 0
3244 8 0 0 3 0 0 0 0 0 2 0 0 0
3245 4 1 1 0 0 0 1 0 0 0 0 0 0
3246 2 0 0 0 0 0 0 0 0 1 0 0 0
3254 4 0 0 2 0 0 0 0 0 2 0 0 0
3261 2 0 0 0 0 0 0 0 0 1 0 0 0
3263 2 0 0 1 0 0 1 0 0 0 0 0 0
3264 88 1 1 0 0 0 81 9 9 80 10 0 0
3267 4 0 0 3 0 0 0 0 0 0 0 0 0
fn=unlink_chunk.constprop.0
1626 676076 1 1 0 0 0 0 0 0 0 0 0 0
1628 3380380 0 0 1352152 1701 74 0 0 0 676076 2 0 0
1631 3380380 1 1 1352152 103225 10 0 0 0 0 0 0 0
1632 676076 0 0 676076 0 0 0 0 0 0 0 0 0
1634 2704304 0 0 1352152 1281294 132 0 0 0 1352152 10 0 0
1637 676076 0 0 0 0 0 676076 0 0 0 0 0 0
1638 676076 0 0 0 0 0 676076 0 0 0 0 0 0
1639 1524787 0 0 57545 13299 8 0 0 0 733621 46147 0 0
1641 2022 0 0 1011 616 15 0 0 0 1011 42 0 0
1642 6066 1 1 2022 193 66 0 0 0 1011 0 0 0
1645 2022 0 0 1011 286 4 0 0 0 1011 4 0 0
1647 8 0 0 0 0 0 0 0 0 4 0 0 0
1651 4 0 0 0 0 0 4 0 0 0 0 0 0
1653 8 0 0 4 0 0 4 0 0 0 0 0 0
1654 12 0 0 4 0 0 4 0 0 0 0 0 0
1659 1007 0 0 0 0 0 1007 0 0 0 0 0 0
1660 2014 0 0 1007 0 0 1007 0 0 0 0 0 0
1663 1352152 0 0 676076 0 0 0 0 0 0 0 0 0
fl=./malloc/./malloc/morecore.c
fn=__glibc_morecore
25 118 2 2 0 0 0 0 0 0 0 0 0 0
26 118 0 0 59 0 0 0 0 0 59 0 0 0
27 2 0 0 0 0 0 0 0 0 0 0 0 0
29 59 0 0 0 0 0 59 0 0 0 0 0 0
30 118 0 0 0 0 0 0 0 0 59 2 0 0
34 118 0 0 59 0 0 0 0 0 0 0 0 0
fl=./malloc/./malloc/scratch_buffer_set_array_size.c
fn=__libc_scratch_buffer_set_array_size
30 50 2 2 0 0 0 15 0 0 0 0 0 0
34 5 0 0 0 0 0 0 0 0 0 0 0 0
35 10 0 0 0 0 0 0 0 0 5 2 0 0
45 10 0 0 5 0 0 0 0 0 5 2 0 0
46 5 0 0 0 0 0 0 0 0 0 0 0 0
63 20 1 1 20 0 0 0 0 0 0 0 0 0
fl=./math/../sysdeps/ieee754/dbl-64/e_log.c
fn=__ieee754_log_fma
39 1199492 0 0 0 0 0 0 0 0 0 0 0 0
49 599746 1 1 0 0 0 0 0 0 0 0 0 0
61 2998730 1 1 0 0 0 0 0 0 599746 39198 0 0
65 113199 0 0 0 0 0 0 0 0 37733 0 0 0
67 37733 0 0 37733 11 2 0 0 0 0 0 0 0
68 37733 0 0 0 0 0 0 0 0 0 0 0 0
69 37733 0 0 0 0 0 0 0 0 0 0 0 0
70 113199 1 1 113199 1 0 0 0 0 0 0 0 0
71 150932 1 1 113199 8 2 0 0 0 0 0 0 0
72 188665 0 0 150932 0 0 0 0 0 0 0 0 0
75 150932 0 0 37733 9 2 0 0 0 0 0 0 0
76 37733 0 0 0 0 0 0 0 0 0 0 0 0
77 75466 1 1 37733 0 0 0 0 0 0 0 0 0
78 75466 0 0 0 0 0 0 0 0 0 0 0 0
79 75466 0 0 0 0 0 0 0 0 0 0 0 0
80 113199 0 0 0 0 0 0 0 0 0 0 0 0
81 37733 0 0 0 0 0 0 0 0 0 0 0 0
82 37733 0 0 0 0 0 0 0 0 0 0 0 0
83 37733 0 0 37733 0 0 0 0 0 0 0 0 0
85 1686039 0 0 0 0 0 0 0 0 562013 0 0 0
102 1124026 0 0 0 0 0 0 0 0 0 0 0 0
103 1124026 0 0 0 0 0 0 0 0 0 0 0 0
104 562013 0 0 0 0 0 0 0 0 0 0 0 0
105 1686039 0 0 0 0 0 0 0 0 0 0 0 0
106 2810065 1 1 0 0 0 0 0 0 0 0 0 0
114 1686039 1 1 1124026 2938 34 0 0 0 0 0 0 0
119 1124026 0 0 0 0 0 0 0 0 0 0 0 0
122 1124026 0 0 1124026 8 2 0 0 0 0 0 0 0
123 562013 0 0 0 0 0 0 0 0 0 0 0 0
124 1686039 0 0 562013 0 0 0 0 0 0 0 0 0
127 562013 0 0 0 0 0 0 0 0 0 0 0 0
130 5058117 1 1 2810065 7 2 0 0 0 0 0 0 0
131 562013 0 0 562013 0 0 0 0 0 0 0 0 0
fl=./math/../sysdeps/ieee754/dbl-64/math_config.h
fn=__ieee754_log_fma
67 599746 0 0 0 0 0 0 0 0 0 0 0 0
fl=./math/../sysdeps/x86_64/fpu/multiarch/e_asin.c
fn=__acos_finite@GLIBC_2.15
35 1 1 1 0 0 0 0 0 0 0 0 0 0
fn=__asin_finite@GLIBC_2.15
27 2 1 1 1 0 0 0 0 0 0 0 0 0
fl=./math/../sysdeps/x86_64/fpu/multiarch/e_atan2.c
fn=__atan2_finite@GLIBC_2.15
26 2 1 1 1 0 0 0 0 0 0 0 0 0
fl=./math/../sysdeps/x86_64/fpu/multiarch/e_exp.c
fn=__exp_finite@GLIBC_2.15
27 2 2 2 1 0 0 0 0 0 0 0 0 0
fl=./math/../sysdeps/x86_64/fpu/multiarch/e_exp2f.c
fn=exp2f@@GLIBC_2.27
27 2 1 1 1 0 0 0 0 0 0 0 0 0
fl=./math/../sysdeps/x86_64/fpu/multiarch/e_expf.c
fn=expf@@GLIBC_2.27
27 2 1 1 1 0 0 0 0 0 0 0 0 0
fl=./math/../sysdeps/x86_64/fpu/multiarch/e_log.c
fn=__log_finite@GLIBC_2.15
27 2 2 2 1 0 0 0 0 0 0 0 0 0
fl=./math/../sysdeps/x86_64/fpu/multiarch/e_log2f.c
fn=log2f@@GLIBC_2.27
27 2 1 1 1 0 0 0 0 0 0 0 0 0
fl=./math/../sysdeps/x86_64/fpu/multiarch/e_logf.c
fn=logf@@GLIBC_2.27
27 2 1 1 1 0 0 0 0 0 0 0 0 0
fl=./math/../sysdeps/x86_64/fpu/multiarch/e_pow.c
fn=__pow_finite@GLIBC_2.15
27 2 1 1 1 0 0 0 0 0 0 0 0 0
fl=./math/../sysdeps/x86_64/fpu/multiarch/e_powf.c
fn=powf@@GLIBC_2.27
30 1 1 1 0 0 0 0 0 0 0 0 0 0
fl=./math/../sysdeps/x86_64/fpu/multiarch/ifunc-avx-fma4.h
fn=__atan2_finite@GLIBC_2.15
32 5 1 1 2 0 0 0 0 0 1 0 0 0
33 2 0 0 1 0 0 0 0 0 1 1 0 0
fn=__exp_finite@GLIBC_2.15
32 5 0 0 2 0 0 0 0 0 1 1 0 0
33 2 0 0 1 0 0 0 0 0 1 1 0 0
fn=__log_finite@GLIBC_2.15
32 5 0 0 2 0 0 0 0 0 1 0 0 0
33 2 0 0 1 0 0 0 0 0 1 1 0 0
fn=cos
32 5 1 1 2 0 0 0 0 0 1 0 0 0
33 2 0 0 1 0 0 0 0 0 1 1 0 0
fn=sin
32 5 0 0 2 0 0 0 0 0 1 0 0 0
33 2 0 0 1 0 0 0 0 0 1 1 0 0
fl=./math/../sysdeps/x86_64/fpu/multiarch/ifunc-fma.h
fn=cosf
29 4 1 1 2 0 0 0 0 0 1 0 0 0
30 3 0 0 1 0 0 0 0 0 0 0 0 0
fn=exp2f@@GLIBC_2.27
29 4 0 0 2 0 0 0 0 0 1 0 0 0
30 3 1 1 1 0 0 0 0 0 0 0 0 0
fn=expf@@GLIBC_2.27
29 4 1 1 2 0 0 0 0 0 1 0 0 0
30 3 0 0 1 0 0 0 0 0 0 0 0 0
fn=log2f@@GLIBC_2.27
29 4 0 0 2 0 0 0 0 0 1 0 0 0
30 3 1 1 1 0 0 0 0 0 0 0 0 0
fn=logf@@GLIBC_2.27
29 4 0 0 2 0 0 0 0 0 1 0 0 0
30 3 0 0 1 0 0 0 0 0 0 0 0 0
fn=powf@@GLIBC_2.27
29 4 0 0 2 0 0 0 0 0 1 0 0 0
30 4 0 0 2 0 0 0 0 0 0 0 0 0
fn=sincosf
29 4 1 1 2 0 0 0 0 0 1 0 0 0
30 3 0 0 1 0 0 0 0 0 0 0 0 0
fn=sinf
29 4 0 0 2 0 0 0 0 0 1 0 0 0
30 3 0 0 1 0 0 0 0 0 0 0 0 0
fl=./math/../sysdeps/x86_64/fpu/multiarch/ifunc-fma4.h
fn=__acos_finite@GLIBC_2.15
31 4 0 0 2 0 0 0 0 0 1 0 0 0
32 2 1 1 1 0 0 0 0 0 1 1 0 0
35 1 0 0 1 0 0 0 0 0 0 0 0 0
fn=__asin_finite@GLIBC_2.15
31 4 0 0 2 0 0 0 0 0 1 0 0 0
32 2 0 0 1 0 0 0 0 0 1 1 0 0
fn=__pow_finite@GLIBC_2.15
31 4 0 0 2 0 0 0 0 0 1 0 0 0
32 2 0 0 1 0 0 0 0 0 1 0 0 0
fl=./math/../sysdeps/x86_64/fpu/multiarch/s_cosf.c
fn=cosf
26 2 1 1 1 0 0 0 0 0 0 0 0 0
fl=./math/../sysdeps/x86_64/fpu/multiarch/s_fma.c
fn=fma
49 6 1 1 3 0 0 0 0 0 1 1 0 0
fl=./math/../sysdeps/x86_64/fpu/multiarch/s_sin.c
fn=cos
34 2 1 1 1 0 0 0 0 0 0 0 0 0
fn=sin
27 2 1 1 1 0 0 0 0 0 0 0 0 0
fl=./math/../sysdeps/x86_64/fpu/multiarch/s_sincosf.c
fn=sincosf
26 2 1 1 1 0 0 0 0 0 0 0 0 0
fl=./math/../sysdeps/x86_64/fpu/multiarch/s_sinf.c
fn=sinf
26 2 1 1 1 0 0 0 0 0 0 0 0 0
fl=./math/./w_log_template.c
fn=log@@GLIBC_2.29
31 599746 1 1 0 0 0 0 0 0 0 0 0 0
32 1799238 0 0 0 0 0 0 0 0 599746 2737 0 0
41 599746 1 1 0 0 0 0 0 0 0 0 0 0
fl=./misc/../sysdeps/unix/syscall-template.S
fn=mprotect
117 45 1 1 0 0 0 0 0 0 9 0 0 0
122 9 0 0 9 0 0 0 0 0 0 0 0 0
fn=munmap
117 35 3 3 0 0 0 0 0 0 7 0 0 0
122 7 0 0 7 0 0 0 0 0 0 0 0 0
fl=./misc/../sysdeps/unix/sysv/linux/brk.c
fn=brk
35 57 1 1 0 0 0 0 0 0 0 0 0 0
36 228 0 0 57 0 0 57 0 0 0 0 0 0
37 114 0 0 0 0 0 0 0 0 57 4 0 0
39 4 0 0 2 0 0 2 0 0 0 0 0 0
40 4 0 0 2 0 0 0 0 0 0 0 0 0
43 55 0 0 0 0 0 0 0 0 0 0 0 0
44 55 0 0 55 0 0 0 0 0 0 0 0 0
fl=./misc/../sysdeps/unix/sysv/linux/mmap64.c
fn=mmap
47 70 2 2 0 0 0 0 0 0 0 0 0 0
50 70 0 0 0 0 0 0 0 0 35 0 0 0
58 140 0 0 0 0 0 0 0 0 35 0 0 0
60 35 0 0 35 0 0 0 0 0 0 0 0 0
fl=./misc/./misc/init-misc.c
fn=__init_misc
30 5 2 2 0 0 0 2 0 0 0 0 0 0
31 5 0 0 1 0 0 0 0 0 2 0 0 0
33 3 0 0 0 0 0 1 0 0 0 0 0 0
37 5 0 0 1 0 0 1 1 0 0 0 0 0
38 3 0 0 2 0 0 1 0 0 0 0 0 0
40 4 0 0 3 0 0 0 0 0 0 0 0 0
fl=./misc/./misc/sbrk.c
fn=sbrk
37 295 1 1 0 0 0 177 2 0 0 0 0 0
40 118 0 0 118 110 4 0 0 0 0 0 0 0
43 118 0 0 59 55 2 0 0 0 59 6 0 0
58 118 1 1 0 0 0 0 0 0 59 5 0 0
59 4 0 0 0 0 0 1 0 0 1 0 0 0
60 2 0 0 0 0 0 0 0 0 0 0 0 0
62 118 0 0 0 0 0 0 0 0 59 3 0 0
63 4 0 0 4 0 0 0 0 0 0 0 0 0
66 224 1 1 0 0 0 0 0 0 112 4 0 0
68 2 0 0 0 0 0 0 0 0 0 0 0 0
74 168 0 0 0 0 0 56 46 0 56 4 0 0
78 295 1 1 236 0 0 0 0 0 0 0 0 0
fl=./nptl/../sysdeps/unix/sysv/linux/x86/elision-conf.c
fn=__lll_elision_init
96 6 1 1 1 0 0 2 0 0 0 0 0 0
101 5 1 1 0 0 0 1 0 0 0 0 0 0
103 4 0 0 0 0 0 1 0 0 0 0 0 0
105 4 0 0 0 0 0 1 0 0 0 0 0 0
107 4 0 0 0 0 0 1 0 0 0 0 0 0
109 4 1 1 0 0 0 1 0 0 0 0 0 0
113 3 0 0 1 1 1 0 0 0 1 0 0 0
114 1 0 0 0 0 0 1 1 1 0 0 0 0
115 6 0 0 4 0 0 0 0 0 1 0 0 0
fl=./nptl/./nptl/pthread_mutex_conf.c
fn=__pthread_tunables_init
50 6 2 2 1 0 0 2 0 0 0 0 0 0
51 5 0 0 0 0 0 1 0 0 0 0 0 0
53 4 0 0 0 0 0 1 0 0 0 0 0 0
55 6 0 0 4 0 0 0 0 0 1 0 0 0
fl=./posix/../sysdeps/unix/syscall-template.S
fn=uname
120 5 1 1 0 0 0 0 0 0 1 0 0 0
122 1 0 0 1 0 0 0 0 0 0 0 0 0
fl=./resource/../sysdeps/unix/sysv/linux/getrlimit64.c
fn=getrlimit
38 2 1 1 0 0 0 0 0 0 0 0 0 0
39 7 0 0 0 0 0 0 0 0 1 0 0 0
40 1 0 0 1 0 0 0 0 0 0 0 0 0
fl=./setjmp/../sysdeps/x86_64/bsd-_setjmp.S
fn=_setjmp
28 1 1 1 0 0 0 0 0 0 0 0 0 0
30 1 0 0 0 0 0 0 0 0 0 0 0 0
32 1 0 0 0 0 0 0 0 0 0 0 0 0
fl=./setjmp/../sysdeps/x86_64/setjmp.S
fn=__sigsetjmp
30 14 2 2 0 0 0 0 0 0 0 0 0 0
32 14 0 0 0 0 0 14 0 0 0 0 0 0
41 14 0 0 0 0 0 0 0 0 0 0 0 0
42 28 1 1 14 0 0 0 0 0 0 0 0 0
43 14 0 0 0 0 0 14 0 0 0 0 0 0
47 14 0 0 0 0 0 14 0 0 0 0 0 0
48 14 0 0 0 0 0 14 0 0 0 0 0 0
49 14 0 0 0 0 0 14 0 0 0 0 0 0
50 14 0 0 0 0 0 14 0 0 0 0 0 0
51 14 0 0 0 0 0 0 0 0 0 0 0 0
53 28 1 1 14 0 0 0 0 0 0 0 0 0
55 14 0 0 0 0 0 14 1 1 0 0 0 0
56 14 0 0 14 0 0 0 0 0 0 0 0 0
57 14 0 0 0 0 0 0 0 0 0 0 0 0
59 28 0 0 14 0 0 0 0 0 0 0 0 0
61 14 1 1 0 0 0 14 0 0 0 0 0 0
66 1 0 0 1 1 0 0 0 0 0 0 0 0
67 1 0 0 0 0 0 0 0 0 1 1 0 0
69 13 0 0 0 0 0 0 0 0 0 0 0 0
72 13 0 0 0 0 0 0 0 0 0 0 0 0
73 13 0 0 0 0 0 13 0 0 0 0 0 0
80 13 0 0 0 0 0 0 0 0 0 0 0 0
81 13 0 0 13 0 0 0 0 0 0 0 0 0
84 1 1 1 0 0 0 0 0 0 0 0 0 0
fl=./setjmp/./setjmp/sigjmp.c
fn=__sigjmp_save
28 3 0 0 0 0 0 1 0 0 0 0 0 0
29 1 0 0 0 0 0 1 0 0 0 0 0 0
30 2 0 0 0 0 0 0 0 0 1 0 0 0
34 3 0 0 2 0 0 0 0 0 0 0 0 0
fl=./stdlib/../sysdeps/unix/sysv/linux/getrandom.c
fn=getrandom
28 1 1 1 0 0 0 0 0 0 0 0 0 0
29 7 1 1 1 0 0 0 0 0 2 0 0 0
30 1 0 0 1 0 0 0 0 0 0 0 0 0
fl=./stdlib/./stdlib/cxa_atexit.c
fn=__cxa_atexit
41 20 0 0 0 0 0 0 0 0 10 0 0 0
43 60 0 0 10 1 0 0 0 0 10 0 0 0
44 20 1 1 0 0 0 10 0 0 0 0 0 0
46 20 0 0 0 0 0 0 0 0 10 0 0 0
53 30 0 0 10 0 0 0 0 0 0 0 0 0
55 10 0 0 0 0 0 10 0 0 0 0 0 0
56 20 0 0 10 0 0 10 5 2 0 0 0 0
58 10 0 0 0 0 0 10 0 0 0 0 0 0
59 40 1 1 20 0 0 0 0 0 20 0 0 0
60 10 0 0 0 0 0 0 0 0 0 0 0 0
69 90 1 1 0 0 0 40 0 0 0 0 0 0
71 60 0 0 40 0 0 0 0 0 0 0 0 0
fn=__new_exitfn
82 50 1 1 0 0 0 20 0 0 0 0 0 0
83 20 0 0 0 0 0 0 0 0 0 0 0 0
88 20 0 0 10 0 0 0 0 0 10 2 0 0
93 44 0 0 11 1 0 0 0 0 11 0 0 0
95 40 1 1 10 1 0 0 0 0 10 5 0 0
96 45 0 0 9 0 0 0 0 0 9 5 0 0
103 1 0 0 0 0 0 1 0 0 0 0 0 0
106 18 0 0 0 0 0 0 0 0 9 0 0 0
124 1 0 0 0 0 0 0 0 0 0 0 0 0
125 2 1 1 0 0 0 1 0 0 0 0 0 0
131 27 0 0 0 0 0 0 0 0 0 0 0 0
132 18 0 0 0 0 0 9 0 0 0 0 0 0
138 10 1 1 0 0 0 10 0 0 0 0 0 0
139 10 0 0 10 0 0 0 0 0 0 0 0 0
143 50 0 0 30 0 0 0 0 0 0 0 0 0
fl=./string/../include/rtld-malloc.h
fn=strdup
56 12 0 0 6 0 0 6 0 0 0 0 6 1
fl=./string/../sysdeps/x86/cacheinfo.c
fn=__x86_cacheinfo
86 3 1 1 1 0 0 0 0 0 0 0 0 0
fl=./string/../sysdeps/x86/cacheinfo.h
fn=__x86_cacheinfo
61 1 0 0 1 0 0 0 0 0 0 0 0 0
64 3 0 0 1 1 0 0 0 0 1 0 0 0
66 3 0 0 0 0 0 1 0 0 0 0 0 0
67 1 1 1 0 0 0 1 1 1 0 0 0 0
73 3 0 0 1 0 0 0 0 0 1 0 0 0
75 3 0 0 0 0 0 1 0 0 0 0 0 0
76 1 0 0 0 0 0 1 0 0 0 0 0 0
80 2 1 1 1 0 0 1 1 1 0 0 0 0
82 2 0 0 1 0 0 1 1 1 0 0 0 0
83 2 0 0 1 1 0 1 0 0 0 0 0 0
84 2 0 0 1 0 0 1 0 0 0 0 0 0
86 2 0 0 1 0 0 0 0 0 1 1 0 0
fl=./string/../sysdeps/x86_64/memcmp.S
fn=bcmp
22 1 1 1 0 0 0 0 0 0 0 0 0 0
27 1 0 0 0 0 0 0 0 0 0 0 0 0
28 1 0 0 0 0 0 0 0 0 1 0 0 0
29 1 0 0 0 0 0 0 0 0 0 0 0 0
30 1 0 0 0 0 0 0 0 0 1 0 0 0
31 1 0 0 0 0 0 0 0 0 0 0 0 0
32 1 0 0 0 0 0 0 0 0 0 0 0 0
33 1 0 0 0 0 0 0 0 0 0 0 0 0
34 1 0 0 0 0 0 0 0 0 1 0 0 0
37 1 0 0 0 0 0 0 0 0 0 0 0 0
38 1 0 0 0 0 0 0 0 0 1 0 0 0
39 1 1 1 1 0 0 0 0 0 0 0 0 0
40 1 0 0 1 0 0 0 0 0 0 0 0 0
41 1 0 0 0 0 0 0 0 0 0 0 0 0
42 1 0 0 0 0 0 0 0 0 1 0 0 0
43 1 0 0 0 0 0 0 0 0 0 0 0 0
44 1 0 0 0 0 0 0 0 0 0 0 0 0
45 1 0 0 0 0 0 0 0 0 1 0 0 0
47 1 0 0 0 0 0 0 0 0 0 0 0 0
48 1 0 0 0 0 0 0 0 0 1 1 0 0
65 1 1 1 0 0 0 0 0 0 0 0 0 0
66 1 0 0 0 0 0 0 0 0 1 1 0 0
83 1 0 0 0 0 0 0 0 0 0 0 0 0
84 1 0 0 0 0 0 0 0 0 1 0 0 0
85 1 0 0 1 0 0 0 0 0 0 0 0 0
86 1 0 0 1 0 0 0 0 0 0 0 0 0
87 1 0 0 0 0 0 0 0 0 0 0 0 0
91 1 0 0 0 0 0 0 0 0 0 0 0 0
93 1 0 0 0 0 0 0 0 0 0 0 0 0
94 1 0 0 0 0 0 0 0 0 0 0 0 0
98 1 0 0 0 0 0 0 0 0 1 1 0 0
138 1 1 1 0 0 0 0 0 0 0 0 0 0
139 1 0 0 0 0 0 0 0 0 1 0 0 0
140 1 0 0 0 0 0 0 0 0 0 0 0 0
141 1 0 0 0 0 0 0 0 0 0 0 0 0
142 1 0 0 0 0 0 0 0 0 0 0 0 0
143 1 0 0 0 0 0 0 0 0 0 0 0 0
144 1 1 1 0 0 0 0 0 0 0 0 0 0
145 1 0 0 0 0 0 0 0 0 0 0 0 0
146 1 0 0 0 0 0 0 0 0 0 0 0 0
147 1 0 0 0 0 0 0 0 0 0 0 0 0
148 1 0 0 0 0 0 0 0 0 0 0 0 0
149 1 0 0 0 0 0 0 0 0 0 0 0 0
150 1 0 0 1 0 0 0 0 0 0 0 0 0
fl=./string/../sysdeps/x86_64/multiarch/../strchr.S
fn=index
23 28 1 1 0 0 0 0 0 0 0 0 0 0
24 28 0 0 0 0 0 0 0 0 0 0 0 0
25 28 0 0 0 0 0 0 0 0 0 0 0 0
26 28 0 0 0 0 0 0 0 0 0 0 0 0
27 28 0 0 0 0 0 0 0 0 0 0 0 0
28 28 0 0 0 0 0 0 0 0 0 0 0 0
29 28 0 0 0 0 0 0 0 0 0 0 0 0
30 28 0 0 0 0 0 0 0 0 0 0 0 0
31 28 0 0 0 0 0 0 0 0 28 0 0 0
32 28 0 0 28 5 5 0 0 0 0 0 0 0
33 28 0 0 0 0 0 0 0 0 0 0 0 0
34 28 1 1 0 0 0 0 0 0 0 0 0 0
35 28 0 0 0 0 0 0 0 0 0 0 0 0
36 28 0 0 0 0 0 0 0 0 0 0 0 0
37 28 0 0 0 0 0 0 0 0 0 0 0 0
38 28 0 0 0 0 0 0 0 0 0 0 0 0
39 28 0 0 0 0 0 0 0 0 0 0 0 0
40 28 0 0 0 0 0 0 0 0 28 4 0 0
41 24 0 0 0 0 0 0 0 0 0 0 0 0
45 24 0 0 0 0 0 0 0 0 0 0 0 0
46 24 0 0 0 0 0 0 0 0 0 0 0 0
47 24 0 0 24 0 0 0 0 0 0 0 0 0
48 24 0 0 0 0 0 0 0 0 0 0 0 0
50 24 0 0 24 0 0 0 0 0 0 0 0 0
54 4 0 0 4 0 0 0 0 0 0 0 0 0
55 4 0 0 0 0 0 0 0 0 0 0 0 0
56 4 0 0 0 0 0 0 0 0 0 0 0 0
57 4 1 1 0 0 0 0 0 0 0 0 0 0
58 4 0 0 0 0 0 0 0 0 0 0 0 0
59 4 0 0 0 0 0 0 0 0 0 0 0 0
60 4 0 0 4 0 0 0 0 0 0 0 0 0
61 4 0 0 0 0 0 0 0 0 0 0 0 0
62 4 0 0 0 0 0 0 0 0 0 0 0 0
63 4 0 0 0 0 0 0 0 0 0 0 0 0
64 4 0 0 0 0 0 0 0 0 0 0 0 0
65 4 0 0 0 0 0 0 0 0 0 0 0 0
66 4 0 0 0 0 0 0 0 0 0 0 0 0
67 4 0 0 4 0 0 0 0 0 0 0 0 0
68 4 0 0 0 0 0 0 0 0 0 0 0 0
69 4 0 0 0 0 0 0 0 0 0 0 0 0
70 4 0 0 0 0 0 0 0 0 0 0 0 0
71 4 0 0 0 0 0 0 0 0 0 0 0 0
72 4 0 0 0 0 0 0 0 0 0 0 0 0
73 4 1 1 0 0 0 0 0 0 0 0 0 0
74 4 0 0 0 0 0 0 0 0 0 0 0 0
75 4 0 0 0 0 0 0 0 0 0 0 0 0
76 4 0 0 0 0 0 0 0 0 0 0 0 0
77 4 0 0 0 0 0 0 0 0 4 4 0 0
129 4 2 1 0 0 0 0 0 0 0 0 0 0
133 4 0 0 0 0 0 0 0 0 0 0 0 0
134 4 0 0 0 0 0 0 0 0 0 0 0 0
135 4 0 0 4 0 0 0 0 0 0 0 0 0
136 4 0 0 0 0 0 0 0 0 0 0 0 0
138 4 0 0 4 0 0 0 0 0 0 0 0 0
fl=./string/../sysdeps/x86_64/multiarch/ifunc-avx2.h
fn=memrchr
32 2 0 0 0 0 0 0 0 0 1 1 0 0
33 5 1 1 2 0 0 0 0 0 0 0 0 0
34 3 0 0 1 0 0 0 0 0 1 0 0 0
36 2 0 0 0 0 0 0 0 0 0 0 0 0
37 2 0 0 0 0 0 0 0 0 1 1 0 0
40 3 0 0 0 0 0 0 0 0 1 0 0 0
43 4 0 0 0 0 0 0 0 0 0 0 0 0
fn=rindex
32 2 1 1 0 0 0 0 0 0 1 1 0 0
33 5 0 0 2 0 0 0 0 0 0 0 0 0
34 3 0 0 1 0 0 0 0 0 1 0 0 0
36 2 0 0 0 0 0 0 0 0 0 0 0 0
37 2 0 0 0 0 0 0 0 0 1 1 0 0
40 3 0 0 0 0 0 0 0 0 1 0 0 0
43 4 0 0 0 0 0 0 0 0 0 0 0 0
fn=strchrnul
32 2 0 0 0 0 0 0 0 0 1 1 0 0
33 5 0 0 2 0 0 0 0 0 0 0 0 0
34 3 1 1 1 0 0 0 0 0 1 0 0 0
36 2 0 0 0 0 0 0 0 0 0 0 0 0
37 2 1 1 0 0 0 0 0 0 1 1 0 0
40 3 0 0 0 0 0 0 0 0 1 0 0 0
43 4 0 0 0 0 0 0 0 0 0 0 0 0
fn=strlen
32 2 1 1 0 0 0 0 0 0 1 1 0 0
33 5 0 0 2 0 0 0 0 0 0 0 0 0
34 3 0 0 1 0 0 0 0 0 1 0 0 0
36 2 0 0 0 0 0 0 0 0 0 0 0 0
37 2 0 0 0 0 0 0 0 0 1 1 0 0
40 3 0 0 0 0 0 0 0 0 1 0 0 0
43 4 0 0 0 0 0 0 0 0 0 0 0 0
fn=strnlen
32 4 1 1 0 0 0 0 0 0 2 1 0 0
33 10 0 0 4 1 0 0 0 0 0 0 0 0
34 6 0 0 2 0 0 0 0 0 2 0 0 0
36 4 0 0 0 0 0 0 0 0 0 0 0 0
37 4 0 0 0 0 0 0 0 0 2 2 0 0
40 6 0 0 0 0 0 0 0 0 2 0 0 0
43 8 0 0 0 0 0 0 0 0 0 0 0 0
fl=./string/../sysdeps/x86_64/multiarch/ifunc-evex.h
fn=memchr
34 2 0 0 0 0 0 0 0 0 1 0 0 0
35 5 1 1 2 0 0 0 0 0 0 0 0 0
36 3 0 0 1 0 0 0 0 0 1 0 0 0
38 2 0 0 0 0 0 0 0 0 0 0 0 0
39 2 1 1 0 0 0 0 0 0 1 1 0 0
41 2 0 0 0 0 0 0 0 0 0 0 0 0
47 3 0 0 0 0 0 0 0 0 1 0 0 0
50 4 0 0 0 0 0 0 0 0 0 0 0 0
fn=rawmemchr
34 2 0 0 0 0 0 0 0 0 1 1 0 0
35 5 0 0 2 0 0 0 0 0 0 0 0 0
36 3 0 0 1 0 0 0 0 0 1 0 0 0
38 2 0 0 0 0 0 0 0 0 0 0 0 0
39 2 0 0 0 0 0 0 0 0 1 1 0 0
41 2 1 1 0 0 0 0 0 0 0 0 0 0
47 3 0 0 0 0 0 0 0 0 1 0 0 0
50 4 0 0 0 0 0 0 0 0 0 0 0 0
fl=./string/../sysdeps/x86_64/multiarch/ifunc-memcmp.h
fn=bcmp
34 4 0 0 2 0 0 0 0 0 0 0 0 0
35 3 0 0 1 0 0 0 0 0 1 1 0 0
36 2 1 1 0 0 0 0 0 0 1 0 0 0
37 3 0 0 1 0 0 0 0 0 1 0 0 0
39 2 0 0 0 0 0 0 0 0 0 0 0 0
40 2 0 0 0 0 0 0 0 0 1 1 0 0
43 3 0 0 0 0 0 0 0 0 1 0 0 0
46 3 0 0 0 0 0 0 0 0 1 0 0 0
fl=./string/../sysdeps/x86_64/multiarch/ifunc-memmove.h
fn=memcpy@@GLIBC_2.14
52 4 0 0 0 0 0 0 0 0 2 0 0 0
53 6 0 0 4 0 0 0 0 0 0 0 0 0
56 6 0 0 2 0 0 0 0 0 0 0 0 0
57 4 1 1 0 0 0 0 0 0 2 2 0 0
70 4 0 0 0 0 0 0 0 0 2 0 0 0
72 4 1 1 0 0 0 0 0 0 2 1 0 0
80 4 0 0 0 0 0 0 0 0 2 2 0 0
88 4 0 0 0 0 0 0 0 0 2 2 0 0
90 10 1 1 2 0 0 0 0 0 0 0 0 0
fn=memmove
52 6 0 0 0 0 0 0 0 0 3 1 0 0
53 9 0 0 6 0 0 0 0 0 0 0 0 0
56 9 1 1 3 0 0 0 0 0 0 0 0 0
57 6 1 1 0 0 0 0 0 0 3 1 0 0
70 6 0 0 0 0 0 0 0 0 3 0 0 0
72 6 0 0 0 0 0 0 0 0 3 0 0 0
80 6 0 0 0 0 0 0 0 0 3 3 0 0
88 6 0 0 0 0 0 0 0 0 3 3 0 0
90 15 1 1 3 0 0 0 0 0 0 0 0 0
fn=mempcpy
52 2 0 0 0 0 0 0 0 0 1 0 0 0
53 3 0 0 2 0 0 0 0 0 0 0 0 0
56 3 0 0 1 0 0 0 0 0 0 0 0 0
57 2 1 1 0 0 0 0 0 0 1 1 0 0
70 2 0 0 0 0 0 0 0 0 1 1 0 0
72 2 1 1 0 0 0 0 0 0 1 1 0 0
80 2 0 0 0 0 0 0 0 0 1 1 0 0
88 2 0 0 0 0 0 0 0 0 1 1 0 0
90 5 1 1 1 0 0 0 0 0 0 0 0 0
fl=./string/../sysdeps/x86_64/multiarch/ifunc-memset.h
fn=memset
50 10 0 0 4 2 0 0 0 0 2 0 0 0
53 6 0 0 2 1 0 0 0 0 0 0 0 0
54 4 1 1 0 0 0 0 0 0 2 2 0 0
60 4 1 1 0 0 0 0 0 0 0 0 0 0
69 4 0 0 0 0 0 0 0 0 2 0 0 0
71 4 0 0 0 0 0 0 0 0 2 0 0 0
81 4 0 0 0 0 0 0 0 0 2 0 0 0
89 4 0 0 0 0 0 0 0 0 2 0 0 0
91 10 0 0 2 0 0 0 0 0 0 0 0 0
fl=./string/../sysdeps/x86_64/multiarch/ifunc-sse4_2.h
fn=strcspn
30 5 1 1 2 0 0 0 0 0 0 0 0 0
fn=strpbrk
30 5 1 1 2 1 0 0 0 0 0 0 0 0
fn=strspn
30 5 0 0 2 0 0 0 0 0 0 0 0 0
fl=./string/../sysdeps/x86_64/multiarch/ifunc-strcasecmp.h
fn=strcasecmp
32 5 1 1 2 0 0 0 0 0 1 1 0 0
fn=strcasecmp_l
32 5 0 0 2 0 0 0 0 0 1 1 0 0
fn=strncasecmp
32 5 0 0 2 0 0 0 0 0 1 1 0 0
fn=strncasecmp_l
32 5 0 0 2 0 0 0 0 0 1 1 0 0
fl=./string/../sysdeps/x86_64/multiarch/ifunc-strcpy.h
fn=stpcpy
36 4 0 0 2 0 0 0 0 0 0 0 0 0
37 3 0 0 1 0 0 0 0 0 1 1 0 0
39 2 1 1 0 0 0 0 0 0 0 0 0 0
40 2 0 0 0 0 0 0 0 0 1 1 0 0
43 3 0 0 0 0 0 0 0 0 1 0 0 0
46 3 0 0 0 0 0 0 0 0 1 0 0 0
fn=stpncpy
36 4 0 0 2 0 0 0 0 0 0 0 0 0
37 3 1 1 1 0 0 0 0 0 1 1 0 0
39 2 0 0 0 0 0 0 0 0 0 0 0 0
40 2 0 0 0 0 0 0 0 0 1 1 0 0
43 3 0 0 0 0 0 0 0 0 1 0 0 0
46 3 0 0 0 0 0 0 0 0 1 0 0 0
fn=strcat
36 4 0 0 2 0 0 0 0 0 0 0 0 0
37 3 0 0 1 0 0 0 0 0 1 1 0 0
39 2 1 1 0 0 0 0 0 0 0 0 0 0
40 2 0 0 0 0 0 0 0 0 1 1 0 0
43 3 0 0 0 0 0 0 0 0 1 0 0 0
46 3 0 0 0 0 0 0 0 0 1 0 0 0
fn=strcpy
36 4 0 0 2 0 0 0 0 0 0 0 0 0
37 3 0 0 1 0 0 0 0 0 1 1 0 0
39 2 1 1 0 0 0 0 0 0 0 0 0 0
40 2 0 0 0 0 0 0 0 0 1 1 0 0
43 3 0 0 0 0 0 0 0 0 1 0 0 0
46 3 0 0 0 0 0 0 0 0 1 0 0 0
fn=strncpy
36 4 0 0 2 0 0 0 0 0 0 0 0 0
37 3 0 0 1 0 0 0 0 0 1 1 0 0
39 2 1 1 0 0 0 0 0 0 0 0 0 0
40 2 0 0 0 0 0 0 0 0 1 1 0 0
43 3 0 0 0 0 0 0 0 0 1 0 0 0
46 3 0 0 0 0 0 0 0 0 1 0 0 0
fl=./string/../sysdeps/x86_64/multiarch/memchr.c
fn=memchr
29 2 1 1 1 0 0 0 0 0 0 0 0 0
fl=./string/../sysdeps/x86_64/multiarch/memcmp.c
fn=bcmp
29 3 2 2 1 0 0 0 0 0 0 0 0 0
fl=./string/../sysdeps/x86_64/multiarch/memcpy.c
fn=memcpy@@GLIBC_2.14
29 2 1 1 0 0 0 0 0 0 0 0 0 0
fl=./string/../sysdeps/x86_64/multiarch/memmove-vec-unaligned-erms.S
fn=__memcpy_avx_unaligned_erms
307 19 1 1 0 0 0 0 0 0 0 0 0 0
308 19 0 0 0 0 0 0 0 0 0 0 0 0
314 19 0 0 0 0 0 0 0 0 0 0 0 0
315 19 0 0 0 0 0 0 0 0 19 3 0 0
317 17 0 0 17 5 0 0 0 0 0 0 0 0
318 17 0 0 0 0 0 0 0 0 0 0 0 0
319 17 0 0 0 0 0 0 0 0 17 3 0 0
322 2 0 0 2 0 0 0 0 0 0 0 0 0
323 2 0 0 0 0 0 2 0 0 0 0 0 0
324 2 0 0 0 0 0 2 0 0 0 0 0 0
327 4 0 0 2 0 0 0 0 0 0 0 0 0
357 2 0 0 0 0 0 0 0 0 0 0 0 0
358 2 0 0 0 0 0 0 0 0 2 1 0 0
360 1 0 0 0 0 0 0 0 0 0 0 0 0
361 1 0 0 0 0 0 0 0 0 1 1 0 0
394 1 1 1 1 0 0 0 0 0 0 0 0 0
395 1 0 0 1 0 0 0 0 0 0 0 0 0
396 1 0 0 0 0 0 1 0 0 0 0 0 0
397 1 0 0 0 0 0 1 0 0 0 0 0 0
399 1 0 0 1 0 0 0 0 0 0 0 0 0
416 1 1 1 1 0 0 0 0 0 0 0 0 0
417 1 0 0 1 0 0 0 0 0 0 0 0 0
418 1 0 0 0 0 0 1 0 0 0 0 0 0
419 1 0 0 0 0 0 1 0 0 0 0 0 0
420 1 0 0 1 0 0 0 0 0 0 0 0 0
427 1 0 0 1 0 0 0 0 0 0 0 0 0
428 1 0 0 1 0 0 0 0 0 0 0 0 0
429 1 0 0 0 0 0 1 1 1 0 0 0 0
430 1 0 0 0 0 0 1 0 0 0 0 0 0
431 1 0 0 0 0 0 1 1 1 0 0 0 0
432 1 0 0 0 0 0 1 0 0 0 0 0 0
433 2 0 0 1 0 0 0 0 0 0 0 0 0
438 15 1 1 15 0 0 0 0 0 0 0 0 0
439 15 0 0 0 0 0 0 0 0 15 2 0 0
444 7 0 0 0 0 0 0 0 0 0 0 0 0
445 7 0 0 0 0 0 0 0 0 7 2 0 0
447 2 0 0 2 0 0 0 0 0 0 0 0 0
448 2 0 0 0 0 0 0 0 0 0 0 0 0
449 2 0 0 0 0 0 0 0 0 2 1 0 0
451 1 0 0 1 0 0 0 0 0 0 0 0 0
452 1 0 0 1 0 0 0 0 0 0 0 0 0
453 1 0 0 1 0 0 0 0 0 0 0 0 0
454 1 0 0 1 0 0 0 0 0 0 0 0 0
455 1 0 0 1 0 0 0 0 0 0 0 0 0
456 1 1 1 1 0 0 0 0 0 0 0 0 0
457 1 0 0 0 0 0 1 0 0 0 0 0 0
458 1 0 0 0 0 0 1 1 1 0 0 0 0
459 1 0 0 0 0 0 1 0 0 0 0 0 0
460 1 0 0 0 0 0 1 1 1 0 0 0 0
461 1 0 0 0 0 0 1 1 1 0 0 0 0
462 1 0 0 0 0 0 1 0 0 0 0 0 0
463 1 0 0 0 0 0 1 0 0 0 0 0 0
464 1 0 0 0 0 0 1 0 0 0 0 0 0
465 2 0 0 1 0 0 0 0 0 0 0 0 0
469 5 0 0 0 0 0 0 0 0 0 0 0 0
470 5 0 0 0 0 0 0 0 0 0 0 0 0
474 5 0 0 0 0 0 0 0 0 0 0 0 0
476 5 1 1 0 0 0 0 0 0 5 0 0 0
480 5 0 0 5 3 0 0 0 0 0 0 0 0
481 5 0 0 0 0 0 0 0 0 5 0 0 0
492 5 0 0 0 0 0 0 0 0 0 0 0 0
495 5 0 0 0 0 0 0 0 0 0 0 0 0
497 5 0 0 0 0 0 0 0 0 0 0 0 0
499 5 0 0 0 0 0 0 0 0 0 0 0 0
503 5 0 0 0 0 0 0 0 0 0 0 0 0
504 5 0 0 0 0 0 0 0 0 5 2 0 0
513 3 0 0 3 0 0 0 0 0 0 0 0 0
514 3 0 0 3 0 0 0 0 0 0 0 0 0
516 3 0 0 0 0 0 0 0 0 0 0 0 0
518 3 0 0 0 0 0 0 0 0 0 0 0 0
519 3 1 1 3 0 0 0 0 0 0 0 0 0
520 3 0 0 3 0 0 0 0 0 0 0 0 0
523 3 0 0 0 0 0 0 0 0 0 0 0 0
525 3 0 0 0 0 0 0 0 0 0 0 0 0
527 3 0 0 0 0 0 0 0 0 0 0 0 0
529 6 0 0 0 0 0 0 0 0 0 0 0 0
535 25 0 0 25 0 0 0 0 0 0 0 0 0
536 25 0 0 25 0 0 0 0 0 0 0 0 0
537 25 0 0 25 0 0 0 0 0 0 0 0 0
538 25 0 0 25 0 0 0 0 0 0 0 0 0
539 25 0 0 0 0 0 0 0 0 0 0 0 0
540 25 0 0 0 0 0 25 11 11 0 0 0 0
541 25 0 0 0 0 0 25 15 15 0 0 0 0
542 25 1 1 0 0 0 25 10 10 0 0 0 0
543 25 0 0 0 0 0 25 15 15 0 0 0 0
544 25 0 0 0 0 0 0 0 0 0 0 0 0
545 25 0 0 0 0 0 0 0 0 0 0 0 0
546 25 0 0 0 0 0 0 0 0 25 16 0 0
548 3 0 0 0 0 0 3 1 1 0 0 0 0
549 3 0 0 0 0 0 3 2 2 0 0 0 0
550 3 0 0 0 0 0 3 0 0 0 0 0 0
551 3 0 0 0 0 0 3 0 0 0 0 0 0
553 3 0 0 0 0 0 3 0 0 0 0 0 0
557 6 0 0 3 0 0 0 0 0 0 0 0 0
570 2 0 0 2 0 0 0 0 0 0 0 0 0
571 2 0 0 2 0 0 0 0 0 0 0 0 0
573 2 1 1 0 0 0 0 0 0 0 0 0 0
574 2 0 0 2 0 0 0 0 0 0 0 0 0
575 2 0 0 2 0 0 0 0 0 0 0 0 0
577 2 0 0 0 0 0 0 0 0 0 0 0 0
579 2 0 0 0 0 0 0 0 0 0 0 0 0
581 4 0 0 0 0 0 0 0 0 0 0 0 0
587 94 0 0 94 0 0 0 0 0 0 0 0 0
588 94 0 0 94 1 0 0 0 0 0 0 0 0
589 94 0 0 94 0 0 0 0 0 0 0 0 0
590 94 0 0 94 1 0 0 0 0 0 0 0 0
591 94 0 0 0 0 0 0 0 0 0 0 0 0
592 94 0 0 0 0 0 94 94 94 0 0 0 0
593 94 1 1 0 0 0 94 0 0 0 0 0 0
594 94 0 0 0 0 0 94 94 94 0 0 0 0
595 94 0 0 0 0 0 94 0 0 0 0 0 0
596 94 0 0 0 0 0 0 0 0 0 0 0 0
597 94 0 0 0 0 0 0 0 0 0 0 0 0
598 94 0 0 0 0 0 0 0 0 94 11 0 0
600 2 0 0 0 0 0 2 0 0 0 0 0 0
601 2 0 0 0 0 0 2 2 2 0 0 0 0
602 2 0 0 0 0 0 2 0 0 0 0 0 0
603 2 0 0 0 0 0 2 0 0 0 0 0 0
605 2 0 0 0 0 0 2 0 0 0 0 0 0
606 4 0 0 2 0 0 0 0 0 0 0 0 0
615 6 1 1 6 3 0 0 0 0 0 0 0 0
622 6 0 0 0 0 0 0 0 0 0 0 0 0
623 6 0 0 0 0 0 0 0 0 6 0 0 0
629 6 0 0 0 0 0 0 0 0 0 0 0 0
632 6 0 0 0 0 0 0 0 0 0 0 0 0
634 6 0 0 0 0 0 0 0 0 0 0 0 0
637 6 0 0 0 0 0 0 0 0 0 0 0 0
638 6 0 0 0 0 0 0 0 0 0 0 0 0
640 6 0 0 0 0 0 0 0 0 0 0 0 0
642 1031942 0 0 1031936 15803 0 1031936 16127 16123 1031942 22 0 0
644 6 0 0 0 0 0 6 5 0 0 0 0 0
646 6 0 0 0 0 0 6 4 0 0 0 0 0
648 12 0 0 6 5 0 0 0 0 0 0 0 0
653 8 1 1 0 0 0 0 0 0 0 0 0 0
654 8 0 0 0 0 0 0 0 0 0 0 0 0
658 8 0 0 0 0 0 0 0 0 0 0 0 0
660 8 0 0 0 0 0 0 0 0 8 0 0 0
663 8 0 0 0 0 0 0 0 0 0 0 0 0
667 8 0 0 8 8 1 0 0 0 0 0 0 0
668 8 0 0 0 0 0 0 0 0 8 2 0 0
671 6 0 0 6 0 0 0 0 0 0 0 0 0
672 6 0 0 0 0 0 0 0 0 6 2 0 0
727 2 1 1 2 0 0 0 0 0 0 0 0 0
728 2 0 0 0 0 0 0 0 0 2 0 0 0
734 2 0 0 0 0 0 0 0 0 0 0 0 0
735 2 0 0 0 0 0 0 0 0 0 0 0 0
736 2 0 0 0 0 0 0 0 0 2 0 0 0
743 2 0 0 2 2 0 0 0 0 0 0 0 0
749 2 1 1 0 0 0 2 0 0 0 0 0 0
751 2 0 0 0 0 0 2 2 2 0 0 0 0
759 2 0 0 0 0 0 0 0 0 0 0 0 0
760 2 0 0 0 0 0 0 0 0 0 0 0 0
762 2 0 0 0 0 0 0 0 0 0 0 0 0
764 2 0 0 0 0 0 0 0 0 0 0 0 0
766 2 0 0 0 0 0 0 0 0 0 0 0 0
768 2 0 0 0 0 0 0 0 0 0 0 0 0
776 2 0 0 0 0 0 0 0 0 0 0 0 0
777 2 0 0 0 0 0 0 0 0 0 0 0 0
778 2 0 0 0 0 0 0 0 0 2 1 0 0
780 2 0 0 0 0 0 0 0 0 0 0 0 0
781 2 0 0 0 0 0 0 0 0 0 0 0 0
782 2 0 0 2 0 0 0 0 0 0 0 0 0
783 2 0 0 0 0 0 0 0 0 2 0 0 0
786 2 1 1 0 0 0 0 0 0 0 0 0 0
788 4 0 0 0 0 0 0 0 0 0 0 0 0
793 382 0 0 0 0 0 0 0 0 0 0 0 0
795 24448 0 0 0 0 0 0 0 0 0 0 0 0
796 24448 0 0 0 0 0 0 0 0 0 0 0 0
797 24448 0 0 0 0 0 0 0 0 0 0 0 0
798 24448 1 1 0 0 0 0 0 0 0 0 0 0
800 48896 0 0 48896 24442 8 0 0 0 0 0 0 0
801 48896 0 0 48896 24443 1 0 0 0 0 0 0 0
802 12224 1 1 0 0 0 0 0 0 0 0 0 0
804 48896 0 0 0 0 0 48896 24446 24446 0 0 0 0
805 48896 0 0 0 0 0 48896 24448 24448 0 0 0 0
806 12224 0 0 0 0 0 0 0 0 0 0 0 0
807 12224 0 0 0 0 0 0 0 0 0 0 0 0
808 12224 1 1 0 0 0 0 0 0 12224 406 0 0
809 382 0 0 0 0 0 0 0 0 0 0 0 0
810 382 0 0 0 0 0 0 0 0 0 0 0 0
811 382 0 0 0 0 0 0 0 0 0 0 0 0
812 382 0 0 0 0 0 0 0 0 382 4 0 0
813 2 0 0 0 0 0 0 0 0 0 0 0 0
816 2 0 0 0 0 0 0 0 0 0 0 0 0
817 2 0 0 0 0 0 0 0 0 2 0 0 0
822 252 0 0 0 0 0 0 0 0 0 0 0 0
823 252 1 1 0 0 0 0 0 0 0 0 0 0
824 126 0 0 126 126 0 0 0 0 0 0 0 0
825 126 0 0 126 0 0 0 0 0 0 0 0 0
826 126 0 0 126 126 0 0 0 0 0 0 0 0
827 126 0 0 126 0 0 0 0 0 0 0 0 0
828 126 0 0 0 0 0 0 0 0 0 0 0 0
829 126 0 0 0 0 0 0 0 0 0 0 0 0
830 126 0 0 0 0 0 126 126 126 0 0 0 0
831 126 0 0 0 0 0 126 0 0 0 0 0 0
832 126 0 0 0 0 0 126 126 126 0 0 0 0
833 126 0 0 0 0 0 126 0 0 0 0 0 0
834 126 0 0 0 0 0 0 0 0 0 0 0 0
835 126 0 0 0 0 0 0 0 0 0 0 0 0
836 126 0 0 0 0 0 0 0 0 126 14 0 0
840 2 0 0 2 0 0 0 0 0 0 0 0 0
841 2 1 1 2 2 0 0 0 0 0 0 0 0
842 2 0 0 2 0 0 0 0 0 0 0 0 0
843 2 0 0 2 2 0 0 0 0 0 0 0 0
845 2 0 0 0 0 0 2 0 0 0 0 0 0
846 2 0 0 0 0 0 2 2 2 0 0 0 0
847 2 0 0 0 0 0 2 0 0 0 0 0 0
848 2 0 0 0 0 0 2 2 0 0 0 0 0
849 4 0 0 2 2 1 0 0 0 0 0 0 0
fn=memcpy
212 30 1 1 0 0 0 0 0 0 0 0 0 0
213 30 0 0 0 0 0 0 0 0 0 0 0 0
219 75 0 0 0 0 0 0 0 0 0 0 0 0
220 75 0 0 0 0 0 0 0 0 75 32 0 0
222 30 0 0 30 1 0 0 0 0 0 0 0 0
223 30 0 0 0 0 0 0 0 0 0 0 0 0
224 30 0 0 0 0 0 0 0 0 30 18 0 0
226 16 0 0 16 0 0 0 0 0 0 0 0 0
227 16 0 0 0 0 0 16 5 5 0 0 0 0
228 16 0 0 0 0 0 16 0 0 0 0 0 0
230 16 0 0 16 0 0 0 0 0 0 0 0 0
360 45 1 1 0 0 0 0 0 0 0 0 0 0
361 45 0 0 0 0 0 0 0 0 45 23 0 0
363 13 0 0 0 0 0 0 0 0 0 0 0 0
367 13 0 0 0 0 0 0 0 0 13 6 0 0
368 8 0 0 0 0 0 0 0 0 0 0 0 0
369 8 0 0 0 0 0 0 0 0 8 4 0 0
370 3 0 0 3 2 2 0 0 0 0 0 0 0
371 3 0 0 0 0 0 0 0 0 3 1 0 0
372 2 0 0 2 0 0 0 0 0 0 0 0 0
373 2 0 0 0 0 0 2 1 1 0 0 0 0
375 3 0 0 0 0 0 3 1 1 0 0 0 0
377 8 0 0 8 0 0 0 0 0 0 0 0 0
383 5 0 0 5 0 0 0 0 0 0 0 0 0
384 5 0 0 5 0 0 0 0 0 0 0 0 0
385 5 0 0 0 0 0 5 0 0 0 0 0 0
386 5 0 0 0 0 0 5 0 0 0 0 0 0
387 5 0 0 5 0 0 0 0 0 0 0 0 0
416 32 1 1 32 0 0 0 0 0 0 0 0 0
417 32 0 0 32 0 0 0 0 0 0 0 0 0
418 32 0 0 0 0 0 32 6 6 0 0 0 0
419 32 0 0 0 0 0 32 1 1 0 0 0 0
420 32 0 0 32 0 0 0 0 0 0 0 0 0
427 14 0 0 14 0 0 0 0 0 0 0 0 0
428 14 0 0 14 0 0 0 0 0 0 0 0 0
429 14 0 0 0 0 0 14 4 4 0 0 0 0
430 14 0 0 0 0 0 14 3 3 0 0 0 0
431 14 0 0 0 0 0 14 3 3 0 0 0 0
432 14 0 0 0 0 0 14 0 0 0 0 0 0
433 14 0 0 14 0 0 0 0 0 0 0 0 0
444 14 1 1 0 0 0 0 0 0 0 0 0 0
445 14 0 0 0 0 0 0 0 0 14 1 0 0
447 14 0 0 14 0 0 0 0 0 0 0 0 0
448 14 0 0 0 0 0 0 0 0 0 0 0 0
449 14 0 0 0 0 0 0 0 0 14 8 0 0
fn=mempcpy
199 45 0 0 0 0 0 0 0 0 0 0 0 0
200 45 0 0 0 0 0 0 0 0 0 0 0 0
201 45 0 0 0 0 0 0 0 0 0 0 0 0
202 45 0 0 0 0 0 0 0 0 0 0 0 0
fl=./string/../sysdeps/x86_64/multiarch/memmove.c
fn=memmove
29 3 1 1 0 0 0 0 0 0 0 0 0 0
fl=./string/../sysdeps/x86_64/multiarch/mempcpy.c
fn=mempcpy
33 1 1 1 0 0 0 0 0 0 0 0 0 0
fl=./string/../sysdeps/x86_64/multiarch/memrchr.c
fn=memrchr
29 3 2 2 1 0 0 0 0 0 0 0 0 0
fl=./string/../sysdeps/x86_64/multiarch/memset-vec-unaligned-erms.S
fn=__memset_avx2_unaligned_erms
181 69 1 1 0 0 0 0 0 0 0 0 0 0
182 207 0 0 0 0 0 0 0 0 0 0 0 0
187 69 0 0 0 0 0 0 0 0 0 0 0 0
188 69 0 0 0 0 0 0 0 0 69 1 0 0
189 69 0 0 0 0 0 0 0 0 0 0 0 0
190 69 0 0 0 0 0 0 0 0 69 13 0 0
204 5 0 0 0 0 0 5 0 0 0 0 0 0
205 5 0 0 0 0 0 5 4 0 0 0 0 0
207 10 0 0 5 0 0 0 0 0 0 0 0 0
259 69 1 1 69 0 0 0 0 0 0 0 0 0
260 69 0 0 0 0 0 0 0 0 69 20 0 0
283 20 0 0 0 0 0 20 6 6 0 0 0 0
284 20 0 0 0 0 0 20 10 10 0 0 0 0
289 20 0 0 0 0 0 0 0 0 0 0 0 0
292 20 0 0 0 0 0 0 0 0 0 0 0 0
293 20 0 0 0 0 0 0 0 0 20 5 0 0
296 15 0 0 0 0 0 15 10 10 0 0 0 0
297 15 0 0 0 0 0 15 5 5 0 0 0 0
310 15 0 0 0 0 0 0 0 0 0 0 0 0
311 15 0 0 0 0 0 0 0 0 0 0 0 0
313 15 0 0 0 0 0 0 0 0 15 7 0 0
316 10 0 0 0 0 0 0 0 0 0 0 0 0
319 10 0 0 0 0 0 0 0 0 0 0 0 0
322 40 0 0 0 0 0 40 35 35 0 0 0 0
323 40 0 0 0 0 0 40 0 0 0 0 0 0
324 40 0 0 0 0 0 40 40 40 0 0 0 0
325 40 0 0 0 0 0 40 0 0 0 0 0 0
326 40 0 0 0 0 0 0 0 0 0 0 0 0
327 40 0 0 0 0 0 0 0 0 0 0 0 0
328 50 0 0 0 0 0 0 0 0 40 22 0 0
331 15 1 1 0 0 0 15 10 10 0 0 0 0
332 15 0 0 0 0 0 15 5 5 0 0 0 0
333 15 0 0 0 0 0 15 8 0 0 0 0 0
334 15 0 0 0 0 0 15 4 0 0 0 0 0
337 30 0 0 15 0 0 0 0 0 0 0 0 0
348 49 1 1 0 0 0 0 0 0 0 0 0 0
349 49 0 0 0 0 0 0 0 0 0 0 0 0
350 49 0 0 0 0 0 0 0 0 0 0 0 0
351 9433337 0 0 0 0 0 9433288 147364 83572 9433337 69 0 0
352 49 0 0 0 0 0 0 0 0 0 0 0 0
353 98 0 0 49 24 9 0 0 0 0 0 0 0
fn=memset
125 11 1 1 0 0 0 0 0 0 0 0 0 0
126 55 0 0 0 0 0 0 0 0 0 0 0 0
132 11 0 0 0 0 0 0 0 0 0 0 0 0
133 11 1 1 0 0 0 0 0 0 11 1 0 0
134 10 0 0 0 0 0 0 0 0 0 0 0 0
135 10 0 0 0 0 0 0 0 0 10 5 0 0
137 2 0 0 0 0 0 2 2 2 0 0 0 0
138 2 0 0 0 0 0 2 0 0 0 0 0 0
139 2 0 0 2 0 0 0 0 0 0 0 0 0
204 4 0 0 0 0 0 4 0 0 0 0 0 0
205 4 0 0 0 0 0 4 0 0 0 0 0 0
207 4 0 0 4 0 0 0 0 0 0 0 0 0
283 8 0 0 0 0 0 8 4 4 0 0 0 0
284 8 0 0 0 0 0 8 2 2 0 0 0 0
289 8 0 0 0 0 0 0 0 0 0 0 0 0
292 8 0 0 0 0 0 0 0 0 0 0 0 0
293 8 0 0 0 0 0 0 0 0 8 3 0 0
296 4 0 0 0 0 0 4 2 2 0 0 0 0
297 4 0 0 0 0 0 4 1 1 0 0 0 0
310 4 0 0 0 0 0 0 0 0 0 0 0 0
311 4 0 0 0 0 0 0 0 0 0 0 0 0
313 4 0 0 0 0 0 0 0 0 4 1 0 0
316 3 1 1 0 0 0 0 0 0 0 0 0 0
319 6 0 0 0 0 0 0 0 0 0 0 0 0
322 85 0 0 0 0 0 85 79 79 0 0 0 0
323 85 0 0 0 0 0 85 0 0 0 0 0 0
324 85 0 0 0 0 0 85 4 4 0 0 0 0
325 85 0 0 0 0 0 85 0 0 0 0 0 0
326 85 0 0 0 0 0 0 0 0 0 0 0 0
327 85 0 0 0 0 0 0 0 0 0 0 0 0
328 85 0 0 0 0 0 0 0 0 85 18 0 0
331 4 0 0 0 0 0 4 2 2 0 0 0 0
332 4 0 0 0 0 0 4 0 0 0 0 0 0
333 4 0 0 0 0 0 4 0 0 0 0 0 0
334 4 0 0 0 0 0 4 0 0 0 0 0 0
339 4 0 0 4 0 0 0 0 0 0 0 0 0
368 1 1 1 0 0 0 0 0 0 0 0 0 0
369 1 0 0 0 0 0 0 0 0 0 0 0 0
370 1 0 0 0 0 0 0 0 0 1 1 0 0
402 1 0 0 0 0 0 1 1 1 0 0 0 0
403 1 0 0 0 0 0 1 0 0 0 0 0 0
404 1 0 0 1 0 0 0 0 0 0 0 0 0
fl=./string/../sysdeps/x86_64/multiarch/memset.c
fn=memset
29 2 1 1 0 0 0 0 0 0 0 0 0 0
fl=./string/../sysdeps/x86_64/multiarch/rawmemchr.c
fn=rawmemchr
31 2 1 1 1 0 0 0 0 0 0 0 0 0
fl=./string/../sysdeps/x86_64/multiarch/stpcpy.c
fn=stpcpy
33 3 1 1 1 0 0 0 0 0 0 0 0 0
fl=./string/../sysdeps/x86_64/multiarch/stpncpy.c
fn=stpncpy
31 3 2 2 1 0 0 0 0 0 0 0 0 0
fl=./string/../sysdeps/x86_64/multiarch/strcasecmp.c
fn=strcasecmp
31 2 0 0 1 0 0 0 0 0 0 0 0 0
fl=./string/../sysdeps/x86_64/multiarch/strcasecmp_l.c
fn=strcasecmp_l
31 2 1 1 1 0 0 0 0 0 0 0 0 0
fl=./string/../sysdeps/x86_64/multiarch/strcat.c
fn=strcat
29 3 1 1 1 0 0 0 0 0 0 0 0 0
fl=./string/../sysdeps/x86_64/multiarch/strchr.c
fn=index
40 2 1 1 0 0 0 0 0 0 0 0 0 0
41 4 0 0 2 0 0 0 0 0 0 0 0 0
42 3 0 0 1 0 0 0 0 0 1 0 0 0
44 2 0 0 0 0 0 0 0 0 0 0 0 0
45 2 0 0 0 0 0 0 0 0 1 1 0 0
48 3 0 0 0 0 0 0 0 0 1 0 0 0
51 3 0 0 0 0 0 0 0 0 1 0 0 0
61 3 1 1 1 0 0 0 0 0 0 0 0 0
fl=./string/../sysdeps/x86_64/multiarch/strchrnul.c
fn=strchrnul
31 3 1 1 1 0 0 0 0 0 0 0 0 0
fl=./string/../sysdeps/x86_64/multiarch/strcmp.c
fn=strcmp
41 4 0 0 2 0 0 0 0 0 0 0 0 0
42 3 1 1 1 0 0 0 0 0 1 1 0 0
44 2 0 0 0 0 0 0 0 0 1 0 0 0
49 3 0 0 0 0 0 0 0 0 1 1 0 0
52 3 1 1 0 0 0 0 0 0 1 0 0 0
65 2 1 1 1 0 0 0 0 0 0 0 0 0
fl=./string/../sysdeps/x86_64/multiarch/strcpy.c
fn=strcpy
29 3 1 1 1 0 0 0 0 0 0 0 0 0
fl=./string/../sysdeps/x86_64/multiarch/strcspn.c
fn=strcspn
29 2 1 1 1 0 0 0 0 0 0 0 0 0
fl=./string/../sysdeps/x86_64/multiarch/strlen-vec.S
fn=strlen
41 31 1 1 0 0 0 0 0 0 0 0 0 0
85 31 0 0 0 0 0 0 0 0 0 0 0 0
86 31 0 0 0 0 0 0 0 0 0 0 0 0
87 31 0 0 0 0 0 0 0 0 0 0 0 0
88 31 0 0 0 0 0 0 0 0 0 0 0 0
89 31 0 0 0 0 0 0 0 0 0 0 0 0
90 31 0 0 0 0 0 0 0 0 0 0 0 0
91 31 0 0 0 0 0 0 0 0 0 0 0 0
93 31 0 0 0 0 0 0 0 0 0 0 0 0
95 31 0 0 0 0 0 0 0 0 31 0 0 0
126 31 0 0 31 3 3 0 0 0 0 0 0 0
127 31 0 0 0 0 0 0 0 0 0 0 0 0
128 31 0 0 0 0 0 0 0 0 0 0 0 0
129 31 0 0 0 0 0 0 0 0 0 0 0 0
130 31 0 0 0 0 0 0 0 0 31 10 0 0
131 16 0 0 0 0 0 0 0 0 0 0 0 0
133 16 0 0 16 0 0 0 0 0 0 0 0 0
137 15 1 1 0 0 0 0 0 0 0 0 0 0
138 15 0 0 15 0 0 0 0 0 0 0 0 0
139 15 0 0 15 0 0 0 0 0 0 0 0 0
140 15 0 0 15 0 0 0 0 0 0 0 0 0
141 15 0 0 0 0 0 0 0 0 0 0 0 0
142 15 0 0 0 0 0 0 0 0 0 0 0 0
143 15 0 0 0 0 0 0 0 0 0 0 0 0
144 15 0 0 0 0 0 0 0 0 0 0 0 0
145 15 0 0 0 0 0 0 0 0 0 0 0 0
146 15 0 0 0 0 0 0 0 0 0 0 0 0
147 15 0 0 0 0 0 0 0 0 0 0 0 0
148 15 0 0 0 0 0 0 0 0 0 0 0 0
153 120 1 1 15 0 0 0 0 0 15 0 0 0
fl=./string/../sysdeps/x86_64/multiarch/strlen.c
fn=strlen
29 3 1 1 1 0 0 0 0 0 0 0 0 0
fl=./string/../sysdeps/x86_64/multiarch/strncase.c
fn=strncasecmp
31 2 1 1 1 0 0 0 0 0 0 0 0 0
fl=./string/../sysdeps/x86_64/multiarch/strncase_l.c
fn=strncasecmp_l
31 2 2 2 1 0 0 0 0 0 0 0 0 0
fl=./string/../sysdeps/x86_64/multiarch/strncmp.c
fn=strncmp
41 4 1 1 2 0 0 0 0 0 1 0 0 0
42 3 0 0 1 0 0 0 0 0 1 0 0 0
44 2 0 0 0 0 0 0 0 0 1 0 0 0
49 3 0 0 0 0 0 0 0 0 1 0 0 0
52 3 0 0 0 0 0 0 0 0 1 1 0 0
66 2 2 2 1 0 0 0 0 0 0 0 0 0
fl=./string/../sysdeps/x86_64/multiarch/strncpy.c
fn=strncpy
29 3 1 1 1 0 0 0 0 0 0 0 0 0
fl=./string/../sysdeps/x86_64/multiarch/strnlen.c
fn=strnlen
31 6 2 2 2 0 0 0 0 0 0 0 0 0
fl=./string/../sysdeps/x86_64/multiarch/strpbrk.c
fn=strpbrk
29 2 1 1 1 0 0 0 0 0 0 0 0 0
fl=./string/../sysdeps/x86_64/multiarch/strrchr-avx2.S
fn=__strrchr_avx2
46 1 1 1 0 0 0 0 0 0 0 0 0 0
47 1 0 0 0 0 0 0 0 0 0 0 0 0
48 1 0 0 0 0 0 0 0 0 0 0 0 0
50 1 0 0 0 0 0 0 0 0 0 0 0 0
51 1 0 0 0 0 0 0 0 0 0 0 0 0
54 1 0 0 0 0 0 0 0 0 0 0 0 0
55 1 0 0 0 0 0 0 0 0 0 0 0 0
56 1 0 0 0 0 0 0 0 0 1 0 0 0
58 1 0 0 1 1 0 0 0 0 0 0 0 0
59 1 0 0 0 0 0 0 0 0 0 0 0 0
60 1 0 0 0 0 0 0 0 0 0 0 0 0
61 1 0 0 0 0 0 0 0 0 0 0 0 0
62 1 0 0 0 0 0 0 0 0 0 0 0 0
63 1 1 1 0 0 0 0 0 0 0 0 0 0
65 1 0 0 0 0 0 0 0 0 0 0 0 0
66 1 0 0 0 0 0 0 0 0 1 1 0 0
78 1 0 0 0 0 0 0 0 0 0 0 0 0
79 1 0 0 0 0 0 0 0 0 1 0 0 0
219 1 1 1 0 0 0 0 0 0 0 0 0 0
220 1 0 0 0 0 0 0 0 0 0 0 0 0
221 1 0 0 0 0 0 0 0 0 0 0 0 0
222 1 0 0 0 0 0 0 0 0 0 0 0 0
223 1 0 0 0 0 0 0 0 0 0 0 0 0
225 1 0 0 0 0 0 0 0 0 1 0 0 0
226 1 0 0 0 0 0 0 0 0 0 0 0 0
227 1 0 0 0 0 0 0 0 0 0 0 0 0
228 2 1 1 1 0 0 0 0 0 0 0 0 0
fl=./string/../sysdeps/x86_64/multiarch/strrchr.c
fn=rindex
28 3 1 1 1 0 0 0 0 0 0 0 0 0
fl=./string/../sysdeps/x86_64/multiarch/strspn.c
fn=strspn
29 2 1 1 1 0 0 0 0 0 0 0 0 0
fl=./string/../sysdeps/x86_64/strcmp.S
fn=strcmp
108 2562 1 1 0 0 0 0 0 0 0 0 0 0
141 2562 0 0 0 0 0 0 0 0 0 0 0 0
142 2562 0 0 0 0 0 0 0 0 0 0 0 0
144 2562 0 0 0 0 0 0 0 0 0 0 0 0
145 2562 0 0 0 0 0 0 0 0 0 0 0 0
166 2562 0 0 0 0 0 0 0 0 0 0 0 0
167 2562 0 0 0 0 0 0 0 0 2438 145 0 0
168 2408 0 0 0 0 0 0 0 0 0 0 0 0
169 2408 0 0 0 0 0 0 0 0 2408 50 0 0
170 2331 0 0 2331 65 29 0 0 0 0 0 0 0
171 2331 1 1 2331 11 7 0 0 0 0 0 0 0
172 2331 0 0 2331 0 0 0 0 0 0 0 0 0
173 2331 0 0 2331 0 0 0 0 0 0 0 0 0
194 2331 0 0 0 0 0 0 0 0 0 0 0 0
195 2331 0 0 0 0 0 0 0 0 0 0 0 0
196 2331 0 0 0 0 0 0 0 0 0 0 0 0
197 2331 0 0 0 0 0 0 0 0 0 0 0 0
198 2331 0 0 0 0 0 0 0 0 0 0 0 0
199 2331 0 0 0 0 0 0 0 0 0 0 0 0
200 2331 0 0 0 0 0 0 0 0 2331 59 0 0
205 45 0 0 0 0 0 0 0 0 0 0 0 0
206 135 0 0 0 0 0 0 0 0 0 0 0 0
215 276 1 1 0 0 0 0 0 0 0 0 0 0
216 276 0 0 0 0 0 0 0 0 0 0 0 0
217 276 0 0 0 0 0 0 0 0 0 0 0 0
218 276 0 0 0 0 0 0 0 0 0 0 0 0
219 276 0 0 0 0 0 0 0 0 0 0 0 0
220 276 0 0 0 0 0 0 0 0 0 0 0 0
221 276 0 0 0 0 0 0 0 0 0 0 0 0
222 276 0 0 0 0 0 0 0 0 276 22 0 0
223 166 0 0 0 0 0 0 0 0 166 73 0 0
224 82 0 0 0 0 0 0 0 0 0 0 0 0
225 82 0 0 0 0 0 0 0 0 0 0 0 0
226 82 0 0 0 0 0 0 0 0 0 0 0 0
228 166 0 0 0 0 0 0 0 0 0 0 0 0
229 166 0 0 0 0 0 0 0 0 0 0 0 0
230 166 0 0 0 0 0 0 0 0 0 0 0 0
231 166 0 0 166 9 3 0 0 0 0 0 0 0
232 166 0 0 0 0 0 0 0 0 0 0 0 0
233 166 0 0 0 0 0 0 0 0 0 0 166 111
243 110 1 1 110 10 3 0 0 0 0 0 0 0
244 110 0 0 0 0 0 0 0 0 0 0 0 0
245 110 0 0 0 0 0 0 0 0 0 0 0 0
247 110 0 0 110 2 1 0 0 0 0 0 0 0
253 110 0 0 0 0 0 0 0 0 0 0 0 0
254 110 0 0 0 0 0 0 0 0 0 0 0 0
255 110 0 0 0 0 0 0 0 0 0 0 0 0
256 110 0 0 0 0 0 0 0 0 0 0 0 0
257 110 0 0 0 0 0 0 0 0 0 0 0 0
262 110 0 0 0 0 0 0 0 0 110 12 0 0
264 99 0 0 0 0 0 0 0 0 0 0 0 0
265 99 0 0 0 0 0 0 0 0 0 0 0 0
266 198 0 0 0 0 0 0 0 0 0 0 0 0
274 118 1 1 118 9 0 0 0 0 0 0 0 0
275 118 0 0 118 2 2 0 0 0 0 0 0 0
278 118 0 0 0 0 0 0 0 0 0 0 0 0
279 118 0 0 0 0 0 0 0 0 0 0 0 0
280 118 0 0 0 0 0 0 0 0 0 0 0 0
281 118 0 0 0 0 0 0 0 0 0 0 0 0
282 118 0 0 0 0 0 0 0 0 0 0 0 0
283 118 0 0 0 0 0 0 0 0 118 23 0 0
289 31 0 0 0 0 0 0 0 0 0 0 0 0
290 31 0 0 31 0 0 0 0 0 0 0 0 0
291 31 0 0 31 0 0 0 0 0 0 0 0 0
294 31 0 0 0 0 0 0 0 0 0 0 0 0
295 31 0 0 0 0 0 0 0 0 0 0 0 0
296 31 0 0 0 0 0 0 0 0 0 0 0 0
297 31 1 1 0 0 0 0 0 0 0 0 0 0
298 31 0 0 0 0 0 0 0 0 0 0 0 0
299 31 0 0 0 0 0 0 0 0 31 8 0 0
304 19 0 0 0 0 0 0 0 0 0 0 0 0
305 19 0 0 0 0 0 0 0 0 0 0 0 0
444 1 1 1 0 0 0 0 0 0 0 0 0 0
445 1 0 0 1 0 0 0 0 0 0 0 0 0
446 1 0 0 1 1 0 0 0 0 0 0 0 0
447 1 0 0 0 0 0 0 0 0 0 0 0 0
448 1 0 0 0 0 0 0 0 0 0 0 0 0
450 1 0 0 0 0 0 0 0 0 0 0 0 0
451 1 0 0 0 0 0 0 0 0 0 0 0 0
452 1 1 1 0 0 0 0 0 0 0 0 0 0
453 1 0 0 0 0 0 0 0 0 0 0 0 0
454 1 0 0 0 0 0 0 0 0 0 0 0 0
455 1 0 0 0 0 0 0 0 0 0 0 0 0
456 1 0 0 0 0 0 0 0 0 1 0 0 0
457 1 0 0 1 0 0 0 0 0 0 0 0 0
460 1 0 0 0 0 0 0 0 0 0 0 0 0
461 1 0 0 0 0 0 0 0 0 0 0 0 0
462 1 0 0 0 0 0 0 0 0 0 0 0 0
468 1 0 0 0 0 0 0 0 0 0 0 0 0
469 1 0 0 0 0 0 0 0 0 0 0 0 0
470 2 0 0 0 0 0 0 0 0 0 0 0 0
474 1 1 1 0 0 0 0 0 0 0 0 0 0
475 1 0 0 0 0 0 0 0 0 1 0 0 0
478 1 0 0 1 1 0 0 0 0 0 0 0 0
479 1 0 0 1 1 0 0 0 0 0 0 0 0
480 1 0 0 0 0 0 0 0 0 0 0 0 0
483 1 0 0 0 0 0 0 0 0 0 0 0 0
484 1 0 0 0 0 0 0 0 0 0 0 0 0
485 1 0 0 0 0 0 0 0 0 0 0 0 0
491 1 0 0 0 0 0 0 0 0 0 0 0 0
492 1 0 0 0 0 0 0 0 0 0 0 0 0
493 1 0 0 0 0 0 0 0 0 0 0 0 0
494 1 0 0 0 0 0 0 0 0 0 0 0 0
495 1 0 0 0 0 0 0 0 0 0 0 0 0
496 1 1 1 0 0 0 0 0 0 1 1 0 0
568 3 1 1 0 0 0 0 0 0 0 0 0 0
569 3 0 0 3 0 0 0 0 0 0 0 0 0
570 3 0 0 3 2 1 0 0 0 0 0 0 0
571 3 0 0 0 0 0 0 0 0 0 0 0 0
572 3 0 0 0 0 0 0 0 0 0 0 0 0
574 3 0 0 0 0 0 0 0 0 0 0 0 0
575 3 0 0 0 0 0 0 0 0 0 0 0 0
576 3 1 1 0 0 0 0 0 0 0 0 0 0
577 3 0 0 0 0 0 0 0 0 0 0 0 0
578 3 0 0 0 0 0 0 0 0 0 0 0 0
579 3 0 0 0 0 0 0 0 0 0 0 0 0
580 3 0 0 0 0 0 0 0 0 3 1 0 0
581 3 0 0 3 0 0 0 0 0 0 0 0 0
585 3 0 0 0 0 0 0 0 0 0 0 0 0
586 3 0 0 0 0 0 0 0 0 0 0 0 0
587 3 0 0 0 0 0 0 0 0 0 0 0 0
593 3 0 0 0 0 0 0 0 0 0 0 0 0
594 3 0 0 0 0 0 0 0 0 0 0 0 0
595 6 0 0 0 0 0 0 0 0 0 0 0 0
599 3 1 1 0 0 0 0 0 0 0 0 0 0
600 3 0 0 0 0 0 0 0 0 3 0 0 0
603 3 0 0 3 0 0 0 0 0 0 0 0 0
604 3 0 0 3 1 1 0 0 0 0 0 0 0
605 3 0 0 0 0 0 0 0 0 0 0 0 0
608 3 0 0 0 0 0 0 0 0 0 0 0 0
609 3 0 0 0 0 0 0 0 0 0 0 0 0
610 3 0 0 0 0 0 0 0 0 0 0 0 0
616 3 0 0 0 0 0 0 0 0 0 0 0 0
617 3 0 0 0 0 0 0 0 0 0 0 0 0
618 3 0 0 0 0 0 0 0 0 0 0 0 0
619 3 0 0 0 0 0 0 0 0 0 0 0 0
620 3 0 0 0 0 0 0 0 0 0 0 0 0
621 3 1 1 0 0 0 0 0 0 3 1 0 0
628 1 0 0 0 0 0 0 0 0 0 0 0 0
629 1 0 0 0 0 0 0 0 0 0 0 0 0
631 1 0 0 0 0 0 0 0 0 0 0 0 0
632 1 0 0 0 0 0 0 0 0 1 0 0 0
634 1 0 0 1 0 0 0 0 0 0 0 0 0
635 1 0 0 1 0 0 0 0 0 0 0 0 0
636 1 0 0 0 0 0 0 0 0 0 0 0 0
639 1 0 0 0 0 0 0 0 0 0 0 0 0
640 1 0 0 0 0 0 0 0 0 0 0 0 0
641 1 0 0 0 0 0 0 0 0 0 0 0 0
647 1 0 0 0 0 0 0 0 0 0 0 0 0
648 1 0 0 0 0 0 0 0 0 0 0 0 0
649 1 0 0 0 0 0 0 0 0 0 0 0 0
650 1 0 0 0 0 0 0 0 0 0 0 0 0
651 1 1 1 0 0 0 0 0 0 0 0 0 0
652 1 0 0 0 0 0 0 0 0 1 1 0 0
693 5 1 1 0 0 0 0 0 0 0 0 0 0
694 5 0 0 5 1 1 0 0 0 0 0 0 0
695 5 0 0 5 1 1 0 0 0 0 0 0 0
696 5 0 0 0 0 0 0 0 0 0 0 0 0
697 5 0 0 0 0 0 0 0 0 0 0 0 0
699 5 0 0 0 0 0 0 0 0 0 0 0 0
700 5 0 0 0 0 0 0 0 0 0 0 0 0
701 5 1 1 0 0 0 0 0 0 0 0 0 0
702 5 0 0 0 0 0 0 0 0 0 0 0 0
703 5 0 0 0 0 0 0 0 0 0 0 0 0
704 5 0 0 0 0 0 0 0 0 0 0 0 0
705 5 0 0 0 0 0 0 0 0 5 3 0 0
706 5 0 0 5 0 0 0 0 0 0 0 0 0
710 5 0 0 0 0 0 0 0 0 0 0 0 0
711 5 0 0 0 0 0 0 0 0 0 0 0 0
712 5 0 0 0 0 0 0 0 0 0 0 0 0
718 5 0 0 0 0 0 0 0 0 0 0 0 0
719 5 0 0 0 0 0 0 0 0 0 0 0 0
720 10 0 0 0 0 0 0 0 0 0 0 0 0
724 5 1 1 0 0 0 0 0 0 0 0 0 0
725 5 0 0 0 0 0 0 0 0 5 0 0 0
728 5 0 0 5 1 1 0 0 0 0 0 0 0
729 5 0 0 5 0 0 0 0 0 0 0 0 0
730 5 0 0 0 0 0 0 0 0 0 0 0 0
733 5 0 0 0 0 0 0 0 0 0 0 0 0
734 5 0 0 0 0 0 0 0 0 0 0 0 0
735 5 0 0 0 0 0 0 0 0 0 0 0 0
741 5 0 0 0 0 0 0 0 0 0 0 0 0
742 5 0 0 0 0 0 0 0 0 0 0 0 0
743 5 0 0 0 0 0 0 0 0 0 0 0 0
744 5 0 0 0 0 0 0 0 0 0 0 0 0
745 5 0 0 0 0 0 0 0 0 0 0 0 0
746 5 1 1 0 0 0 0 0 0 5 3 0 0
818 1 1 1 0 0 0 0 0 0 0 0 0 0
819 1 0 0 1 0 0 0 0 0 0 0 0 0
820 1 0 0 1 0 0 0 0 0 0 0 0 0
821 1 0 0 0 0 0 0 0 0 0 0 0 0
822 1 0 0 0 0 0 0 0 0 0 0 0 0
824 1 0 0 0 0 0 0 0 0 0 0 0 0
825 1 0 0 0 0 0 0 0 0 0 0 0 0
826 1 1 1 0 0 0 0 0 0 0 0 0 0
827 1 0 0 0 0 0 0 0 0 0 0 0 0
828 1 0 0 0 0 0 0 0 0 0 0 0 0
829 1 0 0 0 0 0 0 0 0 0 0 0 0
830 1 0 0 0 0 0 0 0 0 1 0 0 0
831 1 0 0 1 0 0 0 0 0 0 0 0 0
835 1 0 0 0 0 0 0 0 0 0 0 0 0
836 1 0 0 0 0 0 0 0 0 0 0 0 0
837 1 0 0 0 0 0 0 0 0 0 0 0 0
843 1 0 0 0 0 0 0 0 0 0 0 0 0
844 1 0 0 0 0 0 0 0 0 0 0 0 0
845 2 0 0 0 0 0 0 0 0 0 0 0 0
849 1 1 1 0 0 0 0 0 0 0 0 0 0
850 1 0 0 0 0 0 0 0 0 1 0 0 0
853 1 0 0 1 0 0 0 0 0 0 0 0 0
854 1 0 0 1 0 0 0 0 0 0 0 0 0
855 1 0 0 0 0 0 0 0 0 0 0 0 0
858 1 0 0 0 0 0 0 0 0 0 0 0 0
859 1 0 0 0 0 0 0 0 0 0 0 0 0
860 1 0 0 0 0 0 0 0 0 0 0 0 0
866 1 0 0 0 0 0 0 0 0 0 0 0 0
867 1 0 0 0 0 0 0 0 0 0 0 0 0
868 1 0 0 0 0 0 0 0 0 0 0 0 0
869 1 0 0 0 0 0 0 0 0 0 0 0 0
870 1 0 0 0 0 0 0 0 0 0 0 0 0
871 1 1 1 0 0 0 0 0 0 1 0 0 0
878 1 0 0 0 0 0 0 0 0 0 0 0 0
879 1 0 0 0 0 0 0 0 0 0 0 0 0
881 1 0 0 0 0 0 0 0 0 0 0 0 0
882 1 0 0 0 0 0 0 0 0 1 0 0 0
884 1 0 0 1 0 0 0 0 0 0 0 0 0
885 1 0 0 1 1 1 0 0 0 0 0 0 0
886 1 0 0 0 0 0 0 0 0 0 0 0 0
889 1 0 0 0 0 0 0 0 0 0 0 0 0
890 1 0 0 0 0 0 0 0 0 0 0 0 0
891 1 0 0 0 0 0 0 0 0 0 0 0 0
897 1 0 0 0 0 0 0 0 0 0 0 0 0
898 1 0 0 0 0 0 0 0 0 0 0 0 0
899 1 0 0 0 0 0 0 0 0 0 0 0 0
900 1 0 0 0 0 0 0 0 0 0 0 0 0
901 1 1 1 0 0 0 0 0 0 0 0 0 0
902 1 0 0 0 0 0 0 0 0 1 1 0 0
943 2 2 2 0 0 0 0 0 0 0 0 0 0
944 2 0 0 2 0 0 0 0 0 0 0 0 0
945 2 0 0 2 1 1 0 0 0 0 0 0 0
946 2 0 0 0 0 0 0 0 0 0 0 0 0
947 2 0 0 0 0 0 0 0 0 0 0 0 0
949 2 0 0 0 0 0 0 0 0 0 0 0 0
950 2 0 0 0 0 0 0 0 0 0 0 0 0
951 2 1 1 0 0 0 0 0 0 0 0 0 0
952 2 0 0 0 0 0 0 0 0 0 0 0 0
953 2 0 0 0 0 0 0 0 0 0 0 0 0
954 2 0 0 0 0 0 0 0 0 0 0 0 0
955 2 0 0 0 0 0 0 0 0 2 0 0 0
956 2 0 0 2 0 0 0 0 0 0 0 0 0
960 2 0 0 0 0 0 0 0 0 0 0 0 0
961 2 0 0 0 0 0 0 0 0 0 0 0 0
962 2 0 0 0 0 0 0 0 0 0 0 0 0
968 2 0 0 0 0 0 0 0 0 0 0 0 0
969 2 0 0 0 0 0 0 0 0 0 0 0 0
970 4 0 0 0 0 0 0 0 0 0 0 0 0
974 2 1 1 0 0 0 0 0 0 0 0 0 0
975 2 0 0 0 0 0 0 0 0 2 0 0 0
978 2 0 0 2 1 1 0 0 0 0 0 0 0
979 2 0 0 2 0 0 0 0 0 0 0 0 0
980 2 0 0 0 0 0 0 0 0 0 0 0 0
983 2 0 0 0 0 0 0 0 0 0 0 0 0
984 2 0 0 0 0 0 0 0 0 0 0 0 0
985 2 0 0 0 0 0 0 0 0 0 0 0 0
991 2 0 0 0 0 0 0 0 0 0 0 0 0
992 2 0 0 0 0 0 0 0 0 0 0 0 0
993 2 0 0 0 0 0 0 0 0 0 0 0 0
994 2 0 0 0 0 0 0 0 0 0 0 0 0
995 2 0 0 0 0 0 0 0 0 0 0 0 0
996 2 1 1 0 0 0 0 0 0 2 1 0 0
1068 11 1 1 0 0 0 0 0 0 0 0 0 0
1069 11 0 0 11 2 2 0 0 0 0 0 0 0
1070 11 0 0 11 1 1 0 0 0 0 0 0 0
1071 11 0 0 0 0 0 0 0 0 0 0 0 0
1072 11 0 0 0 0 0 0 0 0 0 0 0 0
1074 11 0 0 0 0 0 0 0 0 0 0 0 0
1075 11 0 0 0 0 0 0 0 0 0 0 0 0
1076 11 1 1 0 0 0 0 0 0 0 0 0 0
1077 11 0 0 0 0 0 0 0 0 0 0 0 0
1078 11 0 0 0 0 0 0 0 0 0 0 0 0
1079 11 0 0 0 0 0 0 0 0 0 0 0 0
1080 11 0 0 0 0 0 0 0 0 11 3 0 0
1081 4 0 0 4 0 0 0 0 0 0 0 0 0
1085 4 0 0 0 0 0 0 0 0 0 0 0 0
1086 4 0 0 0 0 0 0 0 0 0 0 0 0
1087 4 0 0 0 0 0 0 0 0 0 0 0 0
1093 4 0 0 0 0 0 0 0 0 0 0 0 0
1094 4 0 0 0 0 0 0 0 0 0 0 0 0
1095 8 0 0 0 0 0 0 0 0 0 0 0 0
1099 4 1 1 0 0 0 0 0 0 0 0 0 0
1100 4 0 0 0 0 0 0 0 0 4 0 0 0
1103 4 0 0 4 2 1 0 0 0 0 0 0 0
1104 4 0 0 4 1 1 0 0 0 0 0 0 0
1105 4 0 0 0 0 0 0 0 0 0 0 0 0
1108 4 0 0 0 0 0 0 0 0 0 0 0 0
1109 4 0 0 0 0 0 0 0 0 0 0 0 0
1110 4 0 0 0 0 0 0 0 0 0 0 0 0
1116 4 0 0 0 0 0 0 0 0 0 0 0 0
1117 4 0 0 0 0 0 0 0 0 0 0 0 0
1118 4 0 0 0 0 0 0 0 0 0 0 0 0
1119 4 0 0 0 0 0 0 0 0 0 0 0 0
1120 4 0 0 0 0 0 0 0 0 0 0 0 0
1121 4 1 1 0 0 0 0 0 0 4 3 0 0
1128 1 0 0 0 0 0 0 0 0 0 0 0 0
1129 1 0 0 0 0 0 0 0 0 0 0 0 0
1131 1 0 0 0 0 0 0 0 0 0 0 0 0
1132 1 0 0 0 0 0 0 0 0 1 0 0 0
1134 1 0 0 1 0 0 0 0 0 0 0 0 0
1135 1 0 0 1 0 0 0 0 0 0 0 0 0
1136 1 0 0 0 0 0 0 0 0 0 0 0 0
1139 1 0 0 0 0 0 0 0 0 0 0 0 0
1140 1 0 0 0 0 0 0 0 0 0 0 0 0
1141 1 0 0 0 0 0 0 0 0 0 0 0 0
1147 1 0 0 0 0 0 0 0 0 0 0 0 0
1148 1 0 0 0 0 0 0 0 0 0 0 0 0
1149 1 0 0 0 0 0 0 0 0 0 0 0 0
1150 1 0 0 0 0 0 0 0 0 0 0 0 0
1151 1 1 1 0 0 0 0 0 0 0 0 0 0
1152 1 0 0 0 0 0 0 0 0 1 1 0 0
1193 6 1 1 0 0 0 0 0 0 0 0 0 0
1194 6 0 0 6 0 0 0 0 0 0 0 0 0
1195 6 0 0 6 0 0 0 0 0 0 0 0 0
1196 6 0 0 0 0 0 0 0 0 0 0 0 0
1197 6 0 0 0 0 0 0 0 0 0 0 0 0
1199 6 0 0 0 0 0 0 0 0 0 0 0 0
1200 6 0 0 0 0 0 0 0 0 0 0 0 0
1201 6 1 1 0 0 0 0 0 0 0 0 0 0
1202 6 0 0 0 0 0 0 0 0 0 0 0 0
1203 6 0 0 0 0 0 0 0 0 0 0 0 0
1204 6 0 0 0 0 0 0 0 0 0 0 0 0
1205 6 0 0 0 0 0 0 0 0 6 6 0 0
1318 37 1 1 0 0 0 0 0 0 0 0 0 0
1319 37 0 0 37 2 2 0 0 0 0 0 0 0
1320 37 0 0 37 3 0 0 0 0 0 0 0 0
1321 37 0 0 0 0 0 0 0 0 0 0 0 0
1322 37 0 0 0 0 0 0 0 0 0 0 0 0
1324 37 0 0 0 0 0 0 0 0 0 0 0 0
1325 37 0 0 0 0 0 0 0 0 0 0 0 0
1326 37 1 1 0 0 0 0 0 0 0 0 0 0
1327 37 0 0 0 0 0 0 0 0 0 0 0 0
1328 37 0 0 0 0 0 0 0 0 0 0 0 0
1329 37 0 0 0 0 0 0 0 0 0 0 0 0
1330 37 0 0 0 0 0 0 0 0 37 11 0 0
1331 12 0 0 12 0 0 0 0 0 0 0 0 0
1335 12 0 0 0 0 0 0 0 0 0 0 0 0
1336 12 0 0 0 0 0 0 0 0 0 0 0 0
1337 12 0 0 0 0 0 0 0 0 0 0 0 0
1343 12 0 0 0 0 0 0 0 0 0 0 0 0
1344 12 0 0 0 0 0 0 0 0 0 0 0 0
1345 24 0 0 0 0 0 0 0 0 0 0 0 0
1349 12 1 1 0 0 0 0 0 0 0 0 0 0
1350 12 0 0 0 0 0 0 0 0 12 1 0 0
1353 11 0 0 11 1 0 0 0 0 0 0 0 0
1354 11 0 0 11 1 1 0 0 0 0 0 0 0
1355 11 0 0 0 0 0 0 0 0 0 0 0 0
1358 11 0 0 0 0 0 0 0 0 0 0 0 0
1359 11 0 0 0 0 0 0 0 0 0 0 0 0
1360 11 0 0 0 0 0 0 0 0 0 0 0 0
1366 11 0 0 0 0 0 0 0 0 0 0 0 0
1367 11 0 0 0 0 0 0 0 0 0 0 0 0
1368 11 0 0 0 0 0 0 0 0 0 0 0 0
1369 11 0 0 0 0 0 0 0 0 0 0 0 0
1370 11 0 0 0 0 0 0 0 0 0 0 0 0
1371 11 1 1 0 0 0 0 0 0 11 5 0 0
1415 1 1 1 0 0 0 0 0 0 0 0 0 0
1416 1 0 0 0 0 0 0 0 0 0 0 0 0
1417 1 0 0 0 0 0 0 0 0 0 0 0 0
1418 1 0 0 0 0 0 0 0 0 1 1 0 0
1431 1 1 1 1 0 0 0 0 0 0 0 0 0
1432 1 0 0 0 0 0 0 0 0 0 0 0 0
1433 1 0 0 0 0 0 0 0 0 0 0 0 0
1434 1 0 0 0 0 0 0 0 0 0 0 0 0
1443 1 0 0 0 0 0 0 0 0 0 0 0 0
1444 1 0 0 1 0 0 0 0 0 0 0 0 0
1445 1 0 0 1 0 0 0 0 0 0 0 0 0
1446 1 0 0 0 0 0 0 0 0 0 0 0 0
1447 1 0 0 0 0 0 0 0 0 0 0 0 0
1449 1 0 0 0 0 0 0 0 0 0 0 0 0
1450 1 0 0 0 0 0 0 0 0 0 0 0 0
1451 1 1 1 0 0 0 0 0 0 0 0 0 0
1452 1 0 0 0 0 0 0 0 0 0 0 0 0
1453 1 0 0 0 0 0 0 0 0 0 0 0 0
1454 1 0 0 0 0 0 0 0 0 0 0 0 0
1455 1 0 0 0 0 0 0 0 0 1 0 0 0
1456 1 0 0 1 0 0 0 0 0 0 0 0 0
1460 1 0 0 0 0 0 0 0 0 0 0 0 0
1461 1 0 0 0 0 0 0 0 0 0 0 0 0
1462 1 0 0 0 0 0 0 0 0 0 0 0 0
1468 1 0 0 0 0 0 0 0 0 0 0 0 0
1469 1 0 0 0 0 0 0 0 0 0 0 0 0
1470 2 0 0 0 0 0 0 0 0 0 0 0 0
1474 1 1 1 0 0 0 0 0 0 0 0 0 0
1475 1 0 0 0 0 0 0 0 0 1 0 0 0
1478 1 0 0 1 1 1 0 0 0 0 0 0 0
1479 1 0 0 1 0 0 0 0 0 0 0 0 0
1480 1 0 0 0 0 0 0 0 0 0 0 0 0
1483 1 0 0 0 0 0 0 0 0 0 0 0 0
1484 1 0 0 0 0 0 0 0 0 0 0 0 0
1485 1 0 0 0 0 0 0 0 0 0 0 0 0
1491 1 0 0 0 0 0 0 0 0 0 0 0 0
1492 1 0 0 0 0 0 0 0 0 0 0 0 0
1493 1 0 0 0 0 0 0 0 0 0 0 0 0
1494 1 0 0 0 0 0 0 0 0 0 0 0 0
1495 1 0 0 0 0 0 0 0 0 0 0 0 0
1496 1 1 1 0 0 0 0 0 0 1 0 0 0
1568 12 1 1 0 0 0 0 0 0 0 0 0 0
1569 12 0 0 12 2 1 0 0 0 0 0 0 0
1570 12 0 0 12 0 0 0 0 0 0 0 0 0
1571 12 0 0 0 0 0 0 0 0 0 0 0 0
1572 12 0 0 0 0 0 0 0 0 0 0 0 0
1574 12 0 0 0 0 0 0 0 0 0 0 0 0
1575 12 0 0 0 0 0 0 0 0 0 0 0 0
1576 12 1 1 0 0 0 0 0 0 0 0 0 0
1577 12 0 0 0 0 0 0 0 0 0 0 0 0
1578 12 0 0 0 0 0 0 0 0 0 0 0 0
1579 12 0 0 0 0 0 0 0 0 0 0 0 0
1580 12 0 0 0 0 0 0 0 0 12 7 0 0
1581 6 0 0 6 0 0 0 0 0 0 0 0 0
1585 6 0 0 0 0 0 0 0 0 0 0 0 0
1586 6 0 0 0 0 0 0 0 0 0 0 0 0
1587 6 0 0 0 0 0 0 0 0 0 0 0 0
1593 6 0 0 0 0 0 0 0 0 0 0 0 0
1594 6 0 0 0 0 0 0 0 0 0 0 0 0
1595 12 0 0 0 0 0 0 0 0 0 0 0 0
1599 7 1 1 0 0 0 0 0 0 0 0 0 0
1600 7 0 0 0 0 0 0 0 0 7 0 0 0
1603 7 0 0 7 0 0 0 0 0 0 0 0 0
1604 7 0 0 7 1 0 0 0 0 0 0 0 0
1605 7 0 0 0 0 0 0 0 0 0 0 0 0
1608 7 0 0 0 0 0 0 0 0 0 0 0 0
1609 7 0 0 0 0 0 0 0 0 0 0 0 0
1610 7 0 0 0 0 0 0 0 0 0 0 0 0
1616 7 0 0 0 0 0 0 0 0 0 0 0 0
1617 7 0 0 0 0 0 0 0 0 0 0 0 0
1618 7 0 0 0 0 0 0 0 0 0 0 0 0
1619 7 0 0 0 0 0 0 0 0 0 0 0 0
1620 7 0 0 0 0 0 0 0 0 0 0 0 0
1621 7 1 1 0 0 0 0 0 0 7 5 0 0
1628 1 0 0 0 0 0 0 0 0 0 0 0 0
1629 1 0 0 0 0 0 0 0 0 0 0 0 0
1631 1 0 0 0 0 0 0 0 0 0 0 0 0
1632 1 0 0 0 0 0 0 0 0 1 0 0 0
1634 1 0 0 1 0 0 0 0 0 0 0 0 0
1635 1 0 0 1 0 0 0 0 0 0 0 0 0
1636 1 0 0 0 0 0 0 0 0 0 0 0 0
1639 1 0 0 0 0 0 0 0 0 0 0 0 0
1640 1 0 0 0 0 0 0 0 0 0 0 0 0
1641 1 0 0 0 0 0 0 0 0 0 0 0 0
1647 1 0 0 0 0 0 0 0 0 0 0 0 0
1648 1 0 0 0 0 0 0 0 0 0 0 0 0
1649 1 0 0 0 0 0 0 0 0 0 0 0 0
1650 1 0 0 0 0 0 0 0 0 0 0 0 0
1651 1 1 1 0 0 0 0 0 0 0 0 0 0
1652 1 0 0 0 0 0 0 0 0 1 0 0 0
1659 1 0 0 0 0 0 0 0 0 0 0 0 0
1660 1 0 0 0 0 0 0 0 0 0 0 0 0
1661 1 0 0 0 0 0 0 0 0 0 0 0 0
1693 14 1 1 0 0 0 0 0 0 0 0 0 0
1694 14 0 0 14 2 1 0 0 0 0 0 0 0
1695 14 0 0 14 5 3 0 0 0 0 0 0 0
1696 14 0 0 0 0 0 0 0 0 0 0 0 0
1697 14 0 0 0 0 0 0 0 0 0 0 0 0
1699 14 0 0 0 0 0 0 0 0 0 0 0 0
1700 14 0 0 0 0 0 0 0 0 0 0 0 0
1701 14 1 1 0 0 0 0 0 0 0 0 0 0
1702 14 0 0 0 0 0 0 0 0 0 0 0 0
1703 14 0 0 0 0 0 0 0 0 0 0 0 0
1704 14 0 0 0 0 0 0 0 0 0 0 0 0
1705 14 0 0 0 0 0 0 0 0 14 5 0 0
1706 8 0 0 8 0 0 0 0 0 0 0 0 0
1710 8 0 0 0 0 0 0 0 0 0 0 0 0
1711 8 0 0 0 0 0 0 0 0 0 0 0 0
1712 8 0 0 0 0 0 0 0 0 0 0 0 0
1718 8 0 0 0 0 0 0 0 0 0 0 0 0
1719 8 0 0 0 0 0 0 0 0 0 0 0 0
1720 16 0 0 0 0 0 0 0 0 0 0 0 0
1724 9 1 1 0 0 0 0 0 0 0 0 0 0
1725 9 0 0 0 0 0 0 0 0 9 0 0 0
1728 9 0 0 9 4 3 0 0 0 0 0 0 0
1729 9 0 0 9 2 2 0 0 0 0 0 0 0
1730 9 0 0 0 0 0 0 0 0 0 0 0 0
1733 9 0 0 0 0 0 0 0 0 0 0 0 0
1734 9 0 0 0 0 0 0 0 0 0 0 0 0
1735 9 0 0 0 0 0 0 0 0 0 0 0 0
1741 9 0 0 0 0 0 0 0 0 0 0 0 0
1742 9 0 0 0 0 0 0 0 0 0 0 0 0
1743 9 0 0 0 0 0 0 0 0 0 0 0 0
1744 9 0 0 0 0 0 0 0 0 0 0 0 0
1745 9 0 0 0 0 0 0 0 0 0 0 0 0
1746 9 1 1 0 0 0 0 0 0 9 5 0 0
1753 3 0 0 0 0 0 0 0 0 0 0 0 0
1754 3 0 0 0 0 0 0 0 0 0 0 0 0
1756 3 0 0 0 0 0 0 0 0 0 0 0 0
1757 3 0 0 0 0 0 0 0 0 3 0 0 0
1759 3 0 0 3 0 0 0 0 0 0 0 0 0
1760 3 0 0 3 1 1 0 0 0 0 0 0 0
1761 3 0 0 0 0 0 0 0 0 0 0 0 0
1764 3 0 0 0 0 0 0 0 0 0 0 0 0
1765 3 0 0 0 0 0 0 0 0 0 0 0 0
1766 3 0 0 0 0 0 0 0 0 0 0 0 0
1772 3 0 0 0 0 0 0 0 0 0 0 0 0
1773 3 0 0 0 0 0 0 0 0 0 0 0 0
1774 3 0 0 0 0 0 0 0 0 0 0 0 0
1775 3 0 0 0 0 0 0 0 0 0 0 0 0
1776 3 1 1 0 0 0 0 0 0 0 0 0 0
1777 3 0 0 0 0 0 0 0 0 3 2 0 0
1784 1 0 0 0 0 0 0 0 0 0 0 0 0
1785 1 0 0 0 0 0 0 0 0 0 0 0 0
1786 1 0 0 0 0 0 0 0 0 0 0 0 0
1818 6 1 1 0 0 0 0 0 0 0 0 0 0
1819 6 0 0 6 0 0 0 0 0 0 0 0 0
1820 6 0 0 6 1 0 0 0 0 0 0 0 0
1821 6 0 0 0 0 0 0 0 0 0 0 0 0
1822 6 0 0 0 0 0 0 0 0 0 0 0 0
1824 6 0 0 0 0 0 0 0 0 0 0 0 0
1825 6 0 0 0 0 0 0 0 0 0 0 0 0
1826 6 1 1 0 0 0 0 0 0 0 0 0 0
1827 6 0 0 0 0 0 0 0 0 0 0 0 0
1828 6 0 0 0 0 0 0 0 0 0 0 0 0
1829 6 0 0 0 0 0 0 0 0 0 0 0 0
1830 6 0 0 0 0 0 0 0 0 6 3 0 0
1831 3 0 0 3 0 0 0 0 0 0 0 0 0
1835 3 0 0 0 0 0 0 0 0 0 0 0 0
1836 3 0 0 0 0 0 0 0 0 0 0 0 0
1837 3 0 0 0 0 0 0 0 0 0 0 0 0
1843 3 0 0 0 0 0 0 0 0 0 0 0 0
1844 3 0 0 0 0 0 0 0 0 0 0 0 0
1845 6 0 0 0 0 0 0 0 0 0 0 0 0
1849 4 1 1 0 0 0 0 0 0 0 0 0 0
1850 4 0 0 0 0 0 0 0 0 4 0 0 0
1853 4 0 0 4 1 0 0 0 0 0 0 0 0
1854 4 0 0 4 0 0 0 0 0 0 0 0 0
1855 4 0 0 0 0 0 0 0 0 0 0 0 0
1858 4 0 0 0 0 0 0 0 0 0 0 0 0
1859 4 0 0 0 0 0 0 0 0 0 0 0 0
1860 4 0 0 0 0 0 0 0 0 0 0 0 0
1866 4 0 0 0 0 0 0 0 0 0 0 0 0
1867 4 0 0 0 0 0 0 0 0 0 0 0 0
1868 4 0 0 0 0 0 0 0 0 0 0 0 0
1869 4 0 0 0 0 0 0 0 0 0 0 0 0
1870 4 0 0 0 0 0 0 0 0 0 0 0 0
1871 4 1 1 0 0 0 0 0 0 4 3 0 0
1878 2 0 0 0 0 0 0 0 0 0 0 0 0
1879 2 0 0 0 0 0 0 0 0 0 0 0 0
1881 2 0 0 0 0 0 0 0 0 0 0 0 0
1882 2 0 0 0 0 0 0 0 0 2 0 0 0
1884 2 0 0 2 0 0 0 0 0 0 0 0 0
1885 2 0 0 2 1 1 0 0 0 0 0 0 0
1886 2 0 0 0 0 0 0 0 0 0 0 0 0
1889 2 0 0 0 0 0 0 0 0 0 0 0 0
1890 2 0 0 0 0 0 0 0 0 0 0 0 0
1891 2 0 0 0 0 0 0 0 0 0 0 0 0
1897 2 0 0 0 0 0 0 0 0 0 0 0 0
1898 2 0 0 0 0 0 0 0 0 0 0 0 0
1899 2 0 0 0 0 0 0 0 0 0 0 0 0
1900 2 0 0 0 0 0 0 0 0 0 0 0 0
1901 2 1 1 0 0 0 0 0 0 0 0 0 0
1902 2 0 0 0 0 0 0 0 0 2 1 0 0
1909 1 0 0 0 0 0 0 0 0 0 0 0 0
1910 1 0 0 0 0 0 0 0 0 0 0 0 0
1911 1 0 0 0 0 0 0 0 0 0 0 0 0
1943 12 1 1 0 0 0 0 0 0 0 0 0 0
1944 12 0 0 12 1 1 0 0 0 0 0 0 0
1945 12 0 0 12 4 3 0 0 0 0 0 0 0
1946 12 0 0 0 0 0 0 0 0 0 0 0 0
1947 12 0 0 0 0 0 0 0 0 0 0 0 0
1949 12 0 0 0 0 0 0 0 0 0 0 0 0
1950 12 0 0 0 0 0 0 0 0 0 0 0 0
1951 12 2 1 0 0 0 0 0 0 0 0 0 0
1952 12 0 0 0 0 0 0 0 0 0 0 0 0
1953 12 0 0 0 0 0 0 0 0 0 0 0 0
1954 12 0 0 0 0 0 0 0 0 0 0 0 0
1955 12 0 0 0 0 0 0 0 0 12 5 0 0
1956 6 0 0 6 0 0 0 0 0 0 0 0 0
1960 6 0 0 0 0 0 0 0 0 0 0 0 0
1961 6 0 0 0 0 0 0 0 0 0 0 0 0
1962 6 0 0 0 0 0 0 0 0 0 0 0 0
1968 6 0 0 0 0 0 0 0 0 0 0 0 0
1969 6 0 0 0 0 0 0 0 0 0 0 0 0
1970 12 0 0 0 0 0 0 0 0 0 0 0 0
1974 7 1 1 0 0 0 0 0 0 0 0 0 0
1975 7 0 0 0 0 0 0 0 0 7 0 0 0
1978 7 0 0 7 2 2 0 0 0 0 0 0 0
1979 7 0 0 7 1 0 0 0 0 0 0 0 0
1980 7 0 0 0 0 0 0 0 0 0 0 0 0
1983 7 0 0 0 0 0 0 0 0 0 0 0 0
1984 7 0 0 0 0 0 0 0 0 0 0 0 0
1985 7 0 0 0 0 0 0 0 0 0 0 0 0
1991 7 0 0 0 0 0 0 0 0 0 0 0 0
1992 7 0 0 0 0 0 0 0 0 0 0 0 0
1993 7 0 0 0 0 0 0 0 0 0 0 0 0
1994 7 0 0 0 0 0 0 0 0 0 0 0 0
1995 7 0 0 0 0 0 0 0 0 0 0 0 0
1996 7 1 1 0 0 0 0 0 0 7 3 0 0
2003 1 0 0 0 0 0 0 0 0 0 0 0 0
2004 1 0 0 0 0 0 0 0 0 0 0 0 0
2006 1 0 0 0 0 0 0 0 0 0 0 0 0
2007 1 0 0 0 0 0 0 0 0 1 0 0 0
2009 1 0 0 1 0 0 0 0 0 0 0 0 0
2010 1 0 0 1 1 1 0 0 0 0 0 0 0
2011 1 0 0 0 0 0 0 0 0 0 0 0 0
2014 1 0 0 0 0 0 0 0 0 0 0 0 0
2015 1 0 0 0 0 0 0 0 0 0 0 0 0
2016 1 0 0 0 0 0 0 0 0 0 0 0 0
2022 1 0 0 0 0 0 0 0 0 0 0 0 0
2023 1 0 0 0 0 0 0 0 0 0 0 0 0
2024 1 0 0 0 0 0 0 0 0 0 0 0 0
2025 1 0 0 0 0 0 0 0 0 0 0 0 0
2026 1 1 1 0 0 0 0 0 0 0 0 0 0
2027 1 0 0 0 0 0 0 0 0 1 0 0 0
2034 1 0 0 0 0 0 0 0 0 0 0 0 0
2035 1 0 0 0 0 0 0 0 0 0 0 0 0
2036 1 0 0 0 0 0 0 0 0 0 0 0 0
2068 55 1 1 0 0 0 0 0 0 0 0 0 0
2069 55 0 0 55 2 1 0 0 0 0 0 0 0
2070 55 0 0 55 9 6 0 0 0 0 0 0 0
2071 55 0 0 0 0 0 0 0 0 0 0 0 0
2072 55 0 0 0 0 0 0 0 0 0 0 0 0
2074 55 0 0 0 0 0 0 0 0 0 0 0 0
2075 55 0 0 0 0 0 0 0 0 0 0 0 0
2076 55 1 1 0 0 0 0 0 0 0 0 0 0
2077 55 0 0 0 0 0 0 0 0 0 0 0 0
2078 55 0 0 0 0 0 0 0 0 0 0 0 0
2079 55 0 0 0 0 0 0 0 0 0 0 0 0
2080 55 0 0 0 0 0 0 0 0 55 15 0 0
2082 19 0 0 19 0 0 0 0 0 0 0 0 0
2086 19 0 0 0 0 0 0 0 0 0 0 0 0
2087 19 0 0 0 0 0 0 0 0 0 0 0 0
2088 19 0 0 0 0 0 0 0 0 0 0 0 0
2094 19 0 0 0 0 0 0 0 0 0 0 0 0
2095 19 0 0 0 0 0 0 0 0 0 0 0 0
2097 38 0 0 0 0 0 0 0 0 0 0 0 0
2101 19 1 1 0 0 0 0 0 0 0 0 0 0
2102 19 0 0 0 0 0 0 0 0 19 0 0 0
2105 19 0 0 19 7 5 0 0 0 0 0 0 0
2106 19 0 0 19 2 2 0 0 0 0 0 0 0
2107 19 0 0 0 0 0 0 0 0 0 0 0 0
2110 19 0 0 0 0 0 0 0 0 0 0 0 0
2111 19 0 0 0 0 0 0 0 0 0 0 0 0
2112 19 0 0 0 0 0 0 0 0 0 0 0 0
2118 19 0 0 0 0 0 0 0 0 0 0 0 0
2119 19 0 0 0 0 0 0 0 0 0 0 0 0
2120 19 0 0 0 0 0 0 0 0 0 0 0 0
2121 19 0 0 0 0 0 0 0 0 0 0 0 0
2122 19 0 0 0 0 0 0 0 0 0 0 0 0
2123 19 1 1 0 0 0 0 0 0 19 6 0 0
2130 2 0 0 0 0 0 0 0 0 0 0 0 0
2131 2 0 0 0 0 0 0 0 0 0 0 0 0
2133 2 0 0 0 0 0 0 0 0 0 0 0 0
2134 2 0 0 0 0 0 0 0 0 2 0 0 0
2136 2 0 0 2 1 1 0 0 0 0 0 0 0
2137 2 0 0 2 0 0 0 0 0 0 0 0 0
2138 2 0 0 0 0 0 0 0 0 0 0 0 0
2141 2 0 0 0 0 0 0 0 0 0 0 0 0
2142 2 0 0 0 0 0 0 0 0 0 0 0 0
2143 2 0 0 0 0 0 0 0 0 0 0 0 0
2149 2 0 0 0 0 0 0 0 0 0 0 0 0
2150 2 0 0 0 0 0 0 0 0 0 0 0 0
2151 2 0 0 0 0 0 0 0 0 0 0 0 0
2152 2 0 0 0 0 0 0 0 0 0 0 0 0
2153 2 1 1 0 0 0 0 0 0 0 0 0 0
2154 2 0 0 0 0 0 0 0 0 2 2 0 0
2190 1 0 0 0 0 0 0 0 0 0 0 0 0
2191 1 0 0 0 0 0 0 0 0 0 0 0 0
2192 1 0 0 0 0 0 0 0 0 0 0 0 0
2193 2 0 0 0 0 0 0 0 0 0 0 0 0
2197 170 0 0 0 0 0 0 0 0 0 0 0 0
2199 276 1 1 0 0 0 0 0 0 0 0 0 0
2200 276 0 0 0 0 0 0 0 0 0 0 0 0
2201 276 0 0 0 0 0 0 0 0 0 0 0 0
2202 276 0 0 0 0 0 0 0 0 276 70 0 0
2203 164 0 0 0 0 0 0 0 0 0 0 0 0
2208 2562 1 1 0 0 0 0 0 0 0 0 0 0
2214 2562 0 0 2562 0 0 0 0 0 0 0 0 0
2215 2562 0 0 2562 0 0 0 0 0 0 0 0 0
2223 2562 0 0 0 0 0 0 0 0 0 0 0 0
2224 2562 0 0 2562 0 0 0 0 0 0 0 0 0
fl=./string/../sysdeps/x86_64/strcspn.S
fn=strcspn
25 1 1 1 0 0 0 0 0 0 0 0 0 0
27 1 0 0 0 0 0 0 0 0 0 0 0 0
34 1 0 0 0 0 0 0 0 0 0 0 0 0
35 1 1 1 0 0 0 0 0 0 0 0 0 0
37 1 0 0 0 0 0 0 0 0 0 0 0 0
38 1 0 0 0 0 0 0 0 0 0 0 0 0
39 1 0 0 0 0 0 0 0 0 0 0 0 0
40 1 0 0 0 0 0 0 0 0 0 0 0 0
41 33 0 0 0 0 0 32 4 4 32 10 0 0
44 3 0 0 0 0 0 0 0 0 0 0 0 0
51 1 0 0 1 1 1 0 0 0 0 0 0 0
52 1 0 0 0 0 0 0 0 0 0 0 0 0
53 1 0 0 0 0 0 0 0 0 1 0 0 0
54 1 0 0 0 0 0 1 0 0 0 0 0 0
56 1 0 0 1 0 0 0 0 0 0 0 0 0
57 1 0 0 0 0 0 0 0 0 0 0 0 0
58 1 0 0 0 0 0 0 0 0 1 0 0 0
59 1 0 0 0 0 0 1 0 0 0 0 0 0
61 1 0 0 1 0 0 0 0 0 0 0 0 0
62 1 0 0 0 0 0 0 0 0 0 0 0 0
63 1 0 0 0 0 0 0 0 0 1 1 0 0
72 3 1 1 0 0 0 0 0 0 0 0 0 0
84 13 0 0 0 0 0 0 0 0 0 0 0 0
86 13 0 0 13 0 0 0 0 0 0 0 0 0
87 13 0 0 13 0 0 0 0 0 0 0 0 0
88 13 0 0 0 0 0 0 0 0 13 0 0 0
90 13 0 0 13 1 1 0 0 0 0 0 0 0
91 13 0 0 13 0 0 0 0 0 0 0 0 0
92 13 0 0 0 0 0 0 0 0 13 0 0 0
94 13 0 0 13 0 0 0 0 0 0 0 0 0
95 13 0 0 13 0 0 0 0 0 0 0 0 0
96 13 0 0 0 0 0 0 0 0 13 0 0 0
98 13 0 0 13 0 0 0 0 0 0 0 0 0
99 13 0 0 13 0 0 0 0 0 0 0 0 0
100 13 0 0 0 0 0 0 0 0 13 3 0 0
102 1 0 0 0 0 0 0 0 0 0 0 0 0
103 1 0 0 0 0 0 0 0 0 0 0 0 0
104 1 0 0 0 0 0 0 0 0 0 0 0 0
106 1 0 0 0 0 0 0 0 0 0 0 0 0
113 1 0 0 0 0 0 0 0 0 0 0 0 0
117 1 0 0 1 0 0 0 0 0 0 0 0 0
fl=./string/./string/strdup.c
fn=strdup
40 30 1 1 0 0 0 12 0 0 0 0 0 0
41 12 0 0 0 0 0 6 0 0 0 0 0 0
44 12 0 0 0 0 0 0 0 0 6 0 0 0
47 24 0 0 0 0 0 0 0 0 0 0 0 0
48 18 0 0 12 0 0 0 0 0 0 0 0 0
fl=./time/../sysdeps/unix/sysv/linux/clock_gettime.c
fn=clock_gettime@@GLIBC_2.17
30 9 1 1 0 0 0 0 0 0 0 0 0 0
38 18 0 0 18 17 8 0 0 0 0 0 0 0
40 18 0 0 0 0 0 0 0 0 9 9 0 0
44 9 0 0 0 0 0 0 0 0 0 0 0 0
68 18 1 1 0 0 0 0 0 0 0 0 0 0
69 18 0 0 0 0 0 0 0 0 9 4 0 0
86 9 0 0 9 0 0 0 0 0 0 0 0 0
fl=./wcsmbs/../sysdeps/x86_64/multiarch/ifunc-avx2.h
fn=wcschr
32 4 0 0 0 0 0 0 0 0 2 1 0 0
33 10 1 1 4 0 0 0 0 0 0 0 0 0
34 6 0 0 2 0 0 0 0 0 2 0 0 0
36 4 0 0 0 0 0 0 0 0 0 0 0 0
37 4 0 0 0 0 0 0 0 0 2 2 0 0
40 6 0 0 0 0 0 0 0 0 2 0 0 0
43 8 0 0 0 0 0 0 0 0 0 0 0 0
fn=wcscmp
32 2 0 0 0 0 0 0 0 0 1 1 0 0
33 5 1 1 2 0 0 0 0 0 0 0 0 0
34 3 0 0 1 0 0 0 0 0 1 0 0 0
36 2 0 0 0 0 0 0 0 0 0 0 0 0
37 2 0 0 0 0 0 0 0 0 1 1 0 0
40 3 0 0 0 0 0 0 0 0 1 0 0 0
43 4 0 0 0 0 0 0 0 0 0 0 0 0
fl=./wcsmbs/../sysdeps/x86_64/multiarch/ifunc-evex.h
fn=wmemchr
34 4 0 0 0 0 0 0 0 0 2 0 0 0
35 10 1 1 4 0 0 0 0 0 0 0 0 0
36 6 0 0 2 0 0 0 0 0 2 0 0 0
38 4 0 0 0 0 0 0 0 0 0 0 0 0
39 4 1 1 0 0 0 0 0 0 2 2 0 0
41 4 0 0 0 0 0 0 0 0 0 0 0 0
47 6 0 0 0 0 0 0 0 0 2 0 0 0
50 8 0 0 0 0 0 0 0 0 0 0 0 0
fl=./wcsmbs/../sysdeps/x86_64/multiarch/ifunc-memcmp.h
fn=wmemcmp
34 4 0 0 2 0 0 0 0 0 0 0 0 0
35 3 0 0 1 0 0 0 0 0 1 1 0 0
36 2 1 1 0 0 0 0 0 0 1 0 0 0
37 3 0 0 1 0 0 0 0 0 1 0 0 0
39 2 0 0 0 0 0 0 0 0 0 0 0 0
40 2 0 0 0 0 0 0 0 0 1 1 0 0
43 3 0 0 0 0 0 0 0 0 1 0 0 0
46 3 0 0 0 0 0 0 0 0 1 0 0 0
fl=./wcsmbs/../sysdeps/x86_64/multiarch/ifunc-wcslen.h
fn=wcslen
33 2 0 0 0 0 0 0 0 0 1 1 0 0
34 4 0 0 2 0 0 0 0 0 0 0 0 0
35 3 1 1 1 0 0 0 0 0 1 0 0 0
37 2 0 0 0 0 0 0 0 0 0 0 0 0
38 2 0 0 0 0 0 0 0 0 1 1 0 0
41 3 0 0 0 0 0 0 0 0 1 0 0 0
44 3 0 0 0 0 0 0 0 0 1 0 0 0
fn=wcsnlen
33 2 0 0 0 0 0 0 0 0 1 1 0 0
34 4 0 0 2 0 0 0 0 0 0 0 0 0
35 3 1 1 1 0 0 0 0 0 1 0 0 0
37 2 0 0 0 0 0 0 0 0 0 0 0 0
38 2 0 0 0 0 0 0 0 0 1 1 0 0
41 3 0 0 0 0 0 0 0 0 1 0 0 0
44 3 0 0 0 0 0 0 0 0 1 0 0 0
fl=./wcsmbs/../sysdeps/x86_64/multiarch/ifunc-wmemset.h
fn=wmemset
33 10 0 0 4 0 0 0 0 0 2 0 0 0
34 6 0 0 2 0 0 0 0 0 2 0 0 0
36 4 0 0 0 0 0 0 0 0 2 0 0 0
44 6 0 0 0 0 0 0 0 0 2 0 0 0
47 8 1 1 0 0 0 0 0 0 0 0 0 0
fl=./wcsmbs/../sysdeps/x86_64/multiarch/wcschr.c
fn=wcschr
31 6 2 2 2 0 0 0 0 0 0 0 0 0
fl=./wcsmbs/../sysdeps/x86_64/multiarch/wcscmp.c
fn=wcscmp
30 3 1 1 1 0 0 0 0 0 0 0 0 0
fl=./wcsmbs/../sysdeps/x86_64/multiarch/wcscpy.c
fn=wcscpy
37 5 1 1 2 0 0 0 0 0 0 0 0 0
43 2 0 0 1 0 0 0 0 0 0 0 0 0
fl=./wcsmbs/../sysdeps/x86_64/multiarch/wcslen.c
fn=wcslen
29 3 1 1 1 0 0 0 0 0 0 0 0 0
fl=./wcsmbs/../sysdeps/x86_64/multiarch/wcsnlen.c
fn=wcsnlen
29 3 2 2 1 0 0 0 0 0 0 0 0 0
fl=./wcsmbs/../sysdeps/x86_64/multiarch/wmemchr.c
fn=wmemchr
31 4 1 1 2 0 0 0 0 0 0 0 0 0
fl=./wcsmbs/../sysdeps/x86_64/multiarch/wmemcmp.c
fn=wmemcmp
29 3 2 2 1 0 0 0 0 0 0 0 0 0
fl=./wcsmbs/../sysdeps/x86_64/multiarch/wmemset.c
fn=wmemset
31 4 1 1 2 0 0 0 0 0 0 0 0 0
fl=/mnt/c/Personal/Projects/OrderManager/profiling/../include/Orderbook.h
fn=Orderbook::cancel(unsigned long)
96 43221926 2 2 3929266 0 0 27504862 0 0 0 0 0 0
98 7858532 1 1 0 0 0 0 0 0 834775 6 0 0
102 5008649 0 0 2504325 409259 8776 834775 0 0 834775 416668 0 0
104 43221915 1 1 35363385 0 0 0 0 0 3929265 5 0 0
298 1669550 0 0 1669550 755738 11385 0 0 0 0 0 0 0
301 834775 0 0 0 0 0 0 0 0 0 0 0 0
303 1669550 0 0 834775 0 0 0 0 0 834775 1979 0 0
fn=Orderbook::restOrder(Order&)
275 47653970 1 1 3665690 0 0 25659830 0 0 0 0 0 0
278 7331380 1 1 3665690 0 0 0 0 0 3665690 175027 0 0
280 7331380 0 0 7331380 0 0 0 0 0 0 0 0 0
281 40322590 0 0 32991210 70 12 0 0 0 3665690 0 0 0
287 7331380 0 0 7331380 179599 0 0 0 0 0 0 0 0
fn=void Orderbook::add<run_once(std::vector<Op, std::allocator<Op> > const&)::{lambda(Fill const&)#1}&>(unsigned long, unsigned long, unsigned int, Side, run_once(std::vector<Op, std::allocator<Op> > const&)::{lambda(Fill const&)#1}&) [clone .isra.0]
27 23553176 1 1 0 0 0 23553176 0 0 0 0 0 0
79 76547822 2 2 5888294 0 0 41218058 0 0 0 0 0 0
92 14662760 2 2 0 0 0 3665690 0 0 0 0 0 0
94 64771234 1 1 52994646 36 6 0 0 0 5888294 129 0 0
222 14721320 0 0 0 0 0 0 0 0 5888294 2943518 0 0
224 19516264 1 1 5817583 0 0 0 0 0 8762315 24353 0 0
227 11477742 0 0 7651828 1045 0 0 0 0 3825914 1705318 0 0
229 1991634 0 0 0 0 0 0 0 0 0 0 0 0
231 3983268 0 0 0 0 0 0 0 0 1991634 6679 0 0
238 19528754 1 1 5822927 10 0 0 0 0 8766489 41906 0 0
241 11481078 0 0 7654052 1067 0 0 0 0 3827026 1562606 0 0
243 1995776 1 1 0 0 0 0 0 0 0 0 0 0
245 3991552 0 0 0 0 0 0 0 0 1995776 6639 0 0
256 25254107 1 1 2416681 0 0 0 0 0 6404091 1249345 0 0
260 6960688 0 0 0 0 0 4591646 0 0 0 0 0 0
261 6814250 1 1 0 0 0 4591646 0 0 0 0 0 0
262 13774938 0 0 4591646 24264 0 4591646 0 0 0 0 0 0
266 4445208 0 0 0 0 0 0 0 0 2222604 144951 0 0
267 2416681 0 0 0 0 0 0 0 0 0 0 0 0
fl=/mnt/c/Personal/Projects/OrderManager/profiling/benchmark.cpp
fn=generate_workload(unsigned long)
22 13 2 2 1 0 0 8 1 0 0 0 0 0
30 1 0 0 0 0 0 1 0 0 0 0 0 0
32 6000004 0 0 2000001 0 0 0 0 0 2000001 34 0 0
34 5601020 1 1 0 0 0 0 0 0 2800510 923583 0 0
35 5997455 2 2 1199491 0 0 0 0 0 1199491 0 0 0
36 1199491 0 0 1199491 0 0 0 0 0 0 0 0 0
37 20391347 2 2 0 0 0 2398982 0 0 0 0 0 0
38 5997455 0 0 1199491 0 0 4797964 0 0 0 0 0 0
40 4798004 1 1 1199511 0 0 2398982 0 0 0 0 0 0
42 3202036 0 0 0 0 0 800509 0 0 0 0 0 0
43 4803054 1 1 800509 772078 382 4002545 0 0 0 0 0 0
44 1601018 0 0 800509 0 0 800509 0 0 0 0 0 0
49 12 0 0 9 2 2 0 0 0 1 0 0 0
fn=main
108 9 1 1 1 0 0 5 0 0 0 0 0 0
110 4 0 0 0 0 0 1 0 0 0 0 0 0
112 3 1 1 0 0 0 1 0 0 0 0 0 0
114 3 0 0 1 1 1 1 1 1 0 0 0 0
115 6 0 0 0 0 0 0 0 0 3 3 0 0
116 8 0 0 0 0 0 4 0 0 0 0 0 0
fn=run_once(std::vector<Op, std::allocator<Op> > const&)
51 55 1 1 5 0 0 30 0 0 0 0 0 0
54 10 0 0 0 0 0 5 0 0 0 0 0 0
55 29452687 0 0 0 0 0 0 0 0 9817564 21 0 0
56 29452680 0 0 9817560 1964396 1964356 0 0 0 9817560 4545615 0 0
57 39259030 1 1 27482442 2944428 2944428 5888294 0 0 0 0 0 0
59 7858532 0 0 0 0 0 3929266 0 0 0 0 0 0
63 4 0 0 0 0 0 4 0 0 0 0 0 0
65 44 0 0 32 4 4 0 0 0 4 0 0 0
fl=/usr/include/c++/11/bits/alloc_traits.h
fn=void std::vector<unsigned long, std::allocator<unsigned long> >::_M_realloc_insert<unsigned long const&>(__gnu_cxx::__normal_iterator<unsigned long*, std::vector<unsigned long, std::allocator<unsigned long> > >, unsigned long const&)
496 19 0 0 0 0 0 0 0 0 0 0 0 0
fl=/usr/include/c++/11/bits/hashtable.h
fn=Orderbook::cancel(unsigned long)
795 3929266 0 0 3929266 0 0 0 0 0 0 0 0 0
812 834775 1 1 834775 0 0 0 0 0 0 0 0 0
938 1669550 1 1 0 0 0 834775 0 0 0 0 0 0
1833 7858532 0 0 7858532 3761676 0 0 0 0 0 0 0 0
1834 7858532 0 0 0 0 0 0 0 0 3929266 1794483 0 0
1837 6929019 0 0 2309673 2240601 0 0 0 0 0 0 0 0
1843 11562716 0 0 2172999 0 0 0 0 0 4345808 898495 0 0
fn=Orderbook::restOrder(Order&)
795 3665690 0 0 3665690 0 0 0 0 0 0 0 0 0
1833 10997070 0 0 7331380 0 0 0 0 0 0 0 0 0
1834 7331380 0 0 0 0 0 0 0 0 3665690 1878045 0 0
1837 1773909 0 0 1773909 0 0 0 0 0 0 0 0 0
1843 12140965 0 0 2319239 0 0 0 0 0 4638198 647738 0 0
1890 18328515 0 0 7331380 24 0 0 0 0 3665690 188370 0 0
1894 3547788 0 0 1773894 14 0 1773894 19 0 0 0 0 0
1895 3547788 0 0 1773894 0 0 1773894 0 0 0 0 0 0
1902 3783592 0 0 1891796 0 0 1891796 17 0 0 0 0 0
1903 1891796 0 0 0 0 0 1891796 0 0 0 0 0 0
1905 3783592 0 0 0 0 0 0 0 0 1891796 30 0 0
1908 1891771 0 0 0 0 0 1891771 0 0 0 0 0 0
1910 5675388 1 1 0 0 0 1891796 0 0 0 0 0 0
2014 7331380 0 0 3665690 0 0 3665690 0 0 0 0 0 0
2016 18328450 0 0 3665690 0 0 3665690 0 0 0 0 0 0
2019 7331380 0 0 0 0 0 0 0 0 3665690 40 0 0
2021 130 0 0 0 0 0 65 0 0 0 0 0 0
2029 3665690 1 1 3665690 0 0 0 0 0 0 0 0 0
fn=run_once(std::vector<Op, std::allocator<Op> > const&)
446 8 0 0 0 0 0 0 0 0 4 0 0 0
454 8 0 0 8 4 0 0 0 0 0 0 0 0
463 4 0 0 4 0 0 0 0 0 0 0 0 0
528 25 1 1 0 0 0 20 0 0 0 0 0 0
2321 20 0 0 8 4 4 4 0 0 0 0 0 0
2323 4 1 1 0 0 0 4 0 0 0 0 0 0
2324 4 0 0 0 0 0 4 0 0 0 0 0 0
fn=std::_Hashtable<unsigned long, std::pair<unsigned long const, OrderLocation>, std::allocator<std::pair<unsigned long const, OrderLocation> >, std::__detail::_Select1st, std::equal_to<unsigned long>, std::hash<unsigned long>, std::__detail::_Mod_range_hashing, std::__detail::_Default_ranged_hash, std::__detail::_Prime_rehash_policy, std::__detail::_Hashtable_traits<false, false, true> >::_M_erase(std::integral_constant<bool, true>, unsigned long const&) [clone .isra.0]
795 3251456 0 0 3251456 0 0 0 0 0 0 0 0 0
1833 9754368 0 0 6502912 306878 0 0 0 0 0 0 0 0
1834 6502912 1 1 0 0 0 0 0 0 3251456 1 0 0
1837 9754365 0 0 3251455 348808 0 0 0 0 0 0 0 0
1843 1582818 0 0 263803 0 0 0 0 0 527606 262 0 0
1924 6059428 0 0 0 0 0 0 0 0 3029714 1360413 0 0
1929 1688135 0 0 0 0 0 1688135 450582 0 0 0 0 0
1932 6753155 0 0 1688135 0 0 0 0 0 1688340 313006 0 0
1933 529572 1 1 0 0 0 264786 0 0 0 0 0 0
1934 1688340 0 0 0 0 0 1688340 0 0 0 0 0 0
1936 1688750 0 0 0 0 0 0 0 0 0 0 0 0
2171 6502910 0 0 0 0 0 0 0 0 3251455 18 0 0
2172 6059838 1 1 0 0 0 0 0 0 3029919 235 0 0
2173 3251455 1 1 3251455 0 0 0 0 0 0 0 0 0
2174 443072 0 0 0 0 0 0 0 0 221536 40 0 0
2177 442992 0 0 0 0 0 0 0 0 221496 61739 0 0
2178 184509 0 0 0 0 0 184509 155833 0 0 0 0 0
2181 5124304 0 0 1872849 0 0 3251455 0 0 0 0 0 0
2184 3251455 0 0 3251455 0 0 0 0 0 0 0 0 0
2194 9754368 0 0 0 0 0 9754368 0 0 0 0 0 0
2208 3251455 0 0 3251455 0 0 0 0 0 0 0 0 0
2211 13005820 0 0 13005820 0 0 0 0 0 0 0 0 0
fn=std::_Hashtable<unsigned long, std::pair<unsigned long const, OrderLocation>, std::allocator<std::pair<unsigned long const, OrderLocation> >, std::__detail::_Select1st, std::equal_to<unsigned long>, std::hash<unsigned long>, std::__detail::_Mod_range_hashing, std::__detail::_Default_ranged_hash, std::__detail::_Prime_rehash_policy, std::__detail::_Hashtable_traits<false, false, true> >::_M_rehash(unsigned long, unsigned long const&)
434 130 0 0 0 0 0 0 0 0 65 0 0 0
437 65 0 0 0 0 0 0 0 0 0 0 0 0
446 130 0 0 0 0 0 0 0 0 65 3 0 0
454 130 1 1 130 0 0 0 0 0 0 0 0 0
463 65 0 0 65 26 6 0 0 0 0 0 0 0
2355 520 1 1 0 0 0 260 0 0 0 0 0 0
2370 390 0 0 325 35 6 0 0 0 0 0 0 0
2384 65 0 0 0 0 0 65 0 0 0 0 0 0
2385 65 0 0 0 0 0 0 0 0 0 0 0 0
2386 826670 0 0 0 0 0 0 0 0 413305 69 0 0
2391 1652960 0 0 413240 329277 0 0 0 0 413240 82821 0 0
2393 686280 0 0 343140 0 0 343140 0 0 0 0 0 0
2394 343140 0 0 0 0 0 343140 0 0 0 0 0 0
2395 343205 0 0 0 0 0 343140 0 0 0 0 0 0
2396 686280 0 0 343140 0 0 0 0 0 343140 6 0 0
2397 343080 0 0 0 0 0 343080 0 0 0 0 0 0
2398 686220 0 0 0 0 0 0 0 0 0 0 0 0
2402 140200 0 0 70100 63767 0 70100 0 0 0 0 0 0
2403 140200 0 0 70100 0 0 70100 0 0 0 0 0 0
2410 65 0 0 0 0 0 65 0 0 0 0 0 0
2411 65 1 1 0 0 0 65 0 0 0 0 0 0
fn=void Orderbook::add<run_once(std::vector<Op, std::allocator<Op> > const&)::{lambda(Fill const&)#1}&>(unsigned long, unsigned long, unsigned int, Side, run_once(std::vector<Op, std::allocator<Op> > const&)::{lambda(Fill const&)#1}&) [clone .isra.0]
795 5888294 0 0 5888294 0 0 0 0 0 0 0 0 0
938 4833362 0 0 0 0 0 2416681 0 0 0 0 0 0
1833 11776588 0 0 11776588 712868 0 0 0 0 0 0 0 0
1834 11776588 0 0 0 0 0 0 0 0 5888294 2803472 0 0
1837 5701440 0 0 2850720 2221490 0 0 0 0 0 0 0 0
1843 19503338 0 0 3725824 0 0 0 0 0 7451205 1064773 0 0
fl=/usr/include/c++/11/bits/hashtable_policy.h
fn=Orderbook::cancel(unsigned long)
430 20479034 0 0 0 0 0 0 0 0 0 0 0 0
1219 2172809 0 0 2172809 2111427 0 0 0 0 0 0 0 0
1617 6015548 0 0 0 0 0 0 0 0 3007774 1011693 0 0
fn=Orderbook::restOrder(Order&)
219 3665690 1 1 0 0 0 3665690 0 0 0 0 0 0
430 29614104 1 1 3783607 2 0 0 0 0 0 0 0 0
1219 2318959 0 0 2318959 0 0 0 0 0 0 0 0 0
1617 4638478 0 0 0 0 0 0 0 0 2319239 27 0 0
fn=run_once(std::vector<Op, std::allocator<Op> > const&)
219 5 0 0 0 0 0 5 0 0 0 0 0 0
282 337228 1 1 0 0 0 0 0 0 0 0 0 0
283 337228 0 0 337228 333565 1 0 0 0 0 0 0 0
447 10 0 0 0 0 0 10 0 0 0 0 0 0
1912 674468 0 0 0 0 0 0 0 0 337232 5 0 0
fn=std::_Hashtable<unsigned long, std::pair<unsigned long const, OrderLocation>, std::allocator<std::pair<unsigned long const, OrderLocation> >, std::__detail::_Select1st, std::equal_to<unsigned long>, std::hash<unsigned long>, std::__detail::_Mod_range_hashing, std::__detail::_Default_ranged_hash, std::__detail::_Prime_rehash_policy, std::__detail::_Hashtable_traits<false, false, true> >::_M_erase(std::integral_constant<bool, true>, unsigned long const&) [clone .isra.0]
430 20563210 0 0 3251210 1158770 0 0 0 0 0 0 0 0
1219 3515259 0 0 3515259 28778 0 0 0 0 0 0 0 0
1617 7030516 0 0 0 0 0 0 0 0 3515258 312878 0 0
fn=std::_Hashtable<unsigned long, std::pair<unsigned long const, OrderLocation>, std::allocator<std::pair<unsigned long const, OrderLocation> >, std::__detail::_Select1st, std::equal_to<unsigned long>, std::hash<unsigned long>, std::__detail::_Mod_range_hashing, std::__detail::_Default_ranged_hash, std::__detail::_Prime_rehash_policy, std::__detail::_Hashtable_traits<false, false, true> >::_M_rehash(unsigned long, unsigned long const&)
282 413240 0 0 0 0 0 0 0 0 0 0 0 0
283 413240 0 0 413240 406107 2 0 0 0 0 0 0 0
430 1239720 0 0 413240 0 0 0 0 0 0 0 0 0
1929 260 0 0 0 0 0 65 0 0 0 0 0 0
fn=void Orderbook::add<run_once(std::vector<Op, std::allocator<Op> > const&)::{lambda(Fill const&)#1}&>(unsigned long, unsigned long, unsigned int, Side, run_once(std::vector<Op, std::allocator<Op> > const&)::{lambda(Fill const&)#1}&) [clone .isra.0]
430 32566406 0 0 0 0 0 0 0 0 0 0 0 0
1219 3725381 0 0 3725381 1992904 0 0 0 0 0 0 0 0
1617 7451648 0 0 0 0 0 0 0 0 3725824 45 0 0
fl=/usr/include/c++/11/bits/list.tcc
fn=Orderbook::cancel(unsigned long)
70 2086 0 0 2086 0 0 0 0 0 0 0 0 0
71 6258 0 0 0 0 0 0 0 0 2086 114 0 0
fn=run_once(std::vector<Op, std::allocator<Op> > const&)
70 52 0 0 52 34 2 0 0 0 0 0 0 0
71 96460 1 1 0 0 0 0 0 0 32136 60 0 0
74 32084 0 0 32084 31984 244 0 0 0 0 0 0 0
fn=std::_Rb_tree<unsigned long, std::pair<unsigned long const, Level>, std::_Select1st<std::pair<unsigned long const, Level> >, std::greater<unsigned long>, std::allocator<std::pair<unsigned long const, Level> > >::_M_erase(std::_Rb_tree_node<std::pair<unsigned long const, Level> >*) [clone .isra.0]
70 264 2 2 264 101 0 0 0 0 0 0 0 0
71 464524 1 1 6700 0 0 0 0 0 152608 291 0 0
74 152352 1 1 152344 151859 603 8 0 0 0 0 0 0
fn=std::_Rb_tree<unsigned long, std::pair<unsigned long const, Level>, std::_Select1st<std::pair<unsigned long const, Level> >, std::less<unsigned long>, std::allocator<std::pair<unsigned long const, Level> > >::_M_erase(std::_Rb_tree_node<std::pair<unsigned long const, Level> >*) [clone .isra.0]
70 302 4 4 302 127 0 0 0 0 0 0 0 0
71 463426 2 2 4112 0 0 0 0 0 153102 349 0 0
74 152828 0 0 152800 152327 2002 28 0 0 0 0 0 0
fn=void Orderbook::add<run_once(std::vector<Op, std::allocator<Op> > const&)::{lambda(Fill const&)#1}&>(unsigned long, unsigned long, unsigned int, Side, run_once(std::vector<Op, std::allocator<Op> > const&)::{lambda(Fill const&)#1}&) [clone .isra.0]
70 1799228 0 0 1799228 0 0 0 0 0 0 0 0 0
71 5397684 0 0 0 0 0 0 0 0 1799228 135 0 0
157 2416681 0 0 2416681 19995 0 0 0 0 0 0 0 0
fl=/usr/include/c++/11/bits/random.h
fn=generate_workload(unsigned long)
2027 2 0 0 0 0 0 1 0 0 0 0 0 0
fl=/usr/include/c++/11/bits/random.tcc
fn=generate_workload(unsigned long)
327 2 0 0 0 0 0 1 1 0 0 0 0 0
330 935 0 0 0 0 0 0 0 0 311 10 0 0
332 310 0 0 310 0 0 0 0 0 0 0 0 0
333 933 0 0 0 0 0 0 0 0 0 0 0 0
334 313 1 1 0 0 0 0 0 0 0 0 0 0
335 622 0 0 0 0 0 311 2 0 0 0 0 0
339 1 0 0 0 0 0 1 0 0 0 0 0 0
1811 3598474 0 0 599746 5 1 0 0 0 1199491 686904 0 0
1813 1799235 0 0 0 0 0 599745 0 0 0 0 0 0
1821 3814785 1 1 0 0 0 1525914 0 0 0 0 0 0
1822 2288871 0 0 0 0 0 0 0 0 0 0 0 0
1823 5014275 1 1 1199490 3 1 0 0 0 0 0 0 0
1825 3924898 1 1 0 0 0 0 0 0 1362703 188228 0 0
1827 9595936 1 1 2998730 0 0 2998730 0 0 599746 0 0 0
1828 1199492 0 0 0 0 0 599746 0 0 0 0 0 0
1829 599746 0 0 0 0 0 0 0 0 0 0 0 0
1830 1199492 1 1 0 0 0 599746 0 0 0 0 0 0
1833 4797964 0 0 3598473 8 2 0 0 0 0 0 0 0
3366 19839642 4 4 2288871 0 0 2288871 0 0 1525914 763136 0 0
3369 1525914 0 0 1525914 0 0 0 0 0 0 0 0 0
3370 3051828 0 0 0 0 0 0 0 0 1525914 0 0 0
fn=std::mersenne_twister_engine<unsigned long, 64ul, 312ul, 156ul, 31ul, 13043109905998158313ul, 29ul, 6148914691236517205ul, 17ul, 8202884508482404352ul, 37ul, 18444473444759240704ul, 43ul, 6364136223846793005ul>::_M_gen_rand()
394 129336 1 1 0 0 0 0 0 0 0 0 0 0
401 10109764 0 0 0 0 0 0 0 0 3362736 21624 0 0
403 10088208 0 0 3362736 0 0 0 0 0 0 0 0 0
404 6725472 0 0 3362736 97 18 0 0 0 0 0 0 0
405 13450944 1 1 3362736 18 0 3362736 0 0 0 0 0 0
406 8428622 0 0 0 0 0 0 0 0 3362736 1682460 0 0
409 10023540 0 0 0 0 0 0 0 0 3341180 21682 0 0
411 10023540 1 1 3341180 0 0 0 0 0 0 0 0 0
412 6682360 0 0 3341180 0 0 0 0 0 0 0 0 0
413 13364720 0 0 3341180 0 0 3341180 0 0 0 0 0 0
414 8395384 0 0 0 0 0 0 0 0 3341180 1669216 0 0
417 64668 0 0 21556 0 0 0 0 0 0 0 0 0
418 43112 1 1 21556 0 0 0 0 0 0 0 0 0
419 86224 0 0 21556 0 0 21556 0 0 0 0 0 0
420 64828 0 0 0 0 0 0 0 0 21556 10928 0 0
421 21556 0 0 0 0 0 21556 0 0 0 0 0 0
422 21556 0 0 21556 0 0 0 0 0 0 0 0 0
fn=std::mersenne_twister_engine<unsigned long, 64ul, 312ul, 156ul, 31ul, 13043109905998158313ul, 29ul, 6148914691236517205ul, 17ul, 8202884508482404352ul, 37ul, 18444473444759240704ul, 43ul, 6364136223846793005ul>::operator()()
450 20176215 1 1 0 0 0 6725405 0 0 0 0 0 0
455 20176215 0 0 6725405 7 1 0 0 0 6725405 21562 0 0
456 21556 1 1 0 0 0 21556 0 0 0 0 0 0
459 20219327 0 0 6746961 153 20 6725405 0 0 0 0 0 0
460 33627025 0 0 0 0 0 0 0 0 0 0 0 0
461 33627025 1 1 0 0 0 0 0 0 0 0 0 0
462 33627025 0 0 0 0 0 0 0 0 0 0 0 0
463 20176215 0 0 0 0 0 0 0 0 0 0 0 0
466 13450810 0 0 13450810 0 0 0 0 0 0 0 0 0
fl=/usr/include/c++/11/bits/stl_algobase.h
fn=generate_workload(unsigned long)
259 2398982 0 0 0 0 0 0 0 0 1199491 8 0 0
fn=main
236 6 0 0 3 3 3 3 0 0 0 0 0 0
fn=void Orderbook::add<run_once(std::vector<Op, std::allocator<Op> > const&)::{lambda(Fill const&)#1}&>(unsigned long, unsigned long, unsigned int, Side, run_once(std::vector<Op, std::allocator<Op> > const&)::{lambda(Fill const&)#1}&) [clone .isra.0]
235 13774938 0 0 4591646 232423 24 0 0 0 4591646 2169437 0 0
fl=/usr/include/c++/11/bits/stl_function.h
fn=Orderbook::cancel(unsigned long)
370 2309673 0 0 2309673 2239991 0 0 0 0 0 0 0 0
fn=Orderbook::restOrder(Order&)
370 1773909 1 1 1773909 0 0 0 0 0 0 0 0 0
390 1834280 0 0 1834280 0 0 0 0 0 0 0 0 0
400 1831345 0 0 1831345 0 0 0 0 0 0 0 0 0
1175 1802086 1 1 0 0 0 0 0 0 0 0 0 0
fn=std::_Hashtable<unsigned long, std::pair<unsigned long const, OrderLocation>, std::allocator<std::pair<unsigned long const, OrderLocation> >, std::__detail::_Select1st, std::equal_to<unsigned long>, std::hash<unsigned long>, std::__detail::_Mod_range_hashing, std::__detail::_Default_ranged_hash, std::__detail::_Prime_rehash_policy, std::__detail::_Hashtable_traits<false, false, true> >::_M_erase(std::integral_constant<bool, true>, unsigned long const&) [clone .isra.0]
370 6502910 0 0 3251455 277355 0 0 0 0 0 0 0 0
fn=std::_Rb_tree<unsigned long, std::pair<unsigned long const, Level>, std::_Select1st<std::pair<unsigned long const, Level> >, std::greater<unsigned long>, std::allocator<std::pair<unsigned long const, Level> > >::_M_get_insert_hint_unique_pos(std::_Rb_tree_const_iterator<std::pair<unsigned long const, Level> >, unsigned long const&)
390 1803718 0 0 901859 0 0 0 0 0 0 0 0 0
fn=std::_Rb_tree<unsigned long, std::pair<unsigned long const, Level>, std::_Select1st<std::pair<unsigned long const, Level> >, std::less<unsigned long>, std::allocator<std::pair<unsigned long const, Level> > >::_M_get_insert_hint_unique_pos(std::_Rb_tree_const_iterator<std::pair<unsigned long const, Level> >, unsigned long const&)
400 1799526 0 0 899763 0 0 0 0 0 0 0 0 0
fn=void Orderbook::add<run_once(std::vector<Op, std::allocator<Op> > const&)::{lambda(Fill const&)#1}&>(unsigned long, unsigned long, unsigned int, Side, run_once(std::vector<Op, std::allocator<Op> > const&)::{lambda(Fill const&)#1}&) [clone .isra.0]
370 2850720 0 0 2850720 1206365 0 0 0 0 0 0 0 0
fl=/usr/include/c++/11/bits/stl_iterator.h
fn=generate_workload(unsigned long)
1028 1601020 0 0 1601020 0 0 0 0 0 0 0 0 0
fn=run_once(std::vector<Op, std::allocator<Op> > const&)
1028 10 0 0 10 0 0 0 0 0 0 0 0 0
fn=void std::vector<unsigned long, std::allocator<unsigned long> >::_M_realloc_insert<unsigned long const&>(__gnu_cxx::__normal_iterator<unsigned long*, std::vector<unsigned long, std::allocator<unsigned long> > >, unsigned long const&)
1271 60 0 0 0 0 0 0 0 0 0 0 0 0
fl=/usr/include/c++/11/bits/stl_list.h
fn=Orderbook::cancel(unsigned long)
411 834775 0 0 834775 117190 4 0 0 0 0 0 0 0
1923 1669550 1 1 0 0 0 834775 0 0 0 0 0 0
fn=Orderbook::restOrder(Order&)
152 5406258 1 1 0 0 0 3604172 0 0 0 0 0 0
235 3665690 0 0 3665690 0 0 0 0 0 0 0 0 0
409 3665690 0 0 3665690 0 0 0 0 0 0 0 0 0
1913 10997070 0 0 0 0 0 7331380 21733 0 0 0 0 0
fn=void Orderbook::add<run_once(std::vector<Op, std::allocator<Op> > const&)::{lambda(Fill const&)#1}&>(unsigned long, unsigned long, unsigned int, Side, run_once(std::vector<Op, std::allocator<Op> > const&)::{lambda(Fill const&)#1}&) [clone .isra.0]
411 2416681 0 0 2416681 0 0 0 0 0 0 0 0 0
947 3987410 0 0 3987410 0 0 0 0 0 0 0 0 0
1057 3987410 0 0 3987410 0 0 0 0 0 0 0 0 0
1923 4833362 0 0 0 0 0 2416681 0 0 0 0 0 0
fl=/usr/include/c++/11/bits/stl_map.h
fn=Orderbook::restOrder(Order&)
499 14661702 0 0 3665226 0 0 0 0 0 7330851 1018620 0 0
501 900013 0 0 0 0 0 0 0 0 0 0 0 0
507 1863604 0 0 0 0 0 0 0 0 0 0 0 0
fl=/usr/include/c++/11/bits/stl_pair.h
fn=Orderbook::restOrder(Order&)
353 18328450 0 0 3665690 0 0 14662760 90287 25 0 0 0 0
fl=/usr/include/c++/11/bits/stl_tree.h
fn=Orderbook::cancel(unsigned long)
208 10 0 0 0 0 0 10 0 0 0 0 0 0
209 10 0 0 0 0 0 10 0 0 0 0 0 0
210 10 0 0 0 0 0 10 0 0 0 0 0 0
211 10 0 0 0 0 0 10 0 0 0 0 0 0
373 2086 0 0 0 0 0 0 0 0 0 0 0 0
376 6258 0 0 0 0 0 2086 0 0 0 0 0 0
735 836871 1 1 836871 0 0 0 0 0 0 0 0 0
750 1671646 0 0 0 0 0 2096 0 0 0 0 0 0
780 5230428 1 1 5224368 453644 2 0 0 0 0 0 0 0
788 5228040 2 2 5225944 0 0 0 0 0 0 0 0 0
1254 10 1 1 0 0 0 10 0 0 0 0 0 0
1256 10 0 0 0 0 0 0 0 0 0 0 0 0
1904 12111060 1 1 0 0 0 0 0 0 6054824 828526 0 0
1905 13307946 0 0 5217953 119471 0 0 0 0 5217953 2002024 0 0
1906 2872040 0 0 0 0 0 0 0 0 0 0 0 0
1908 2345913 1 1 0 0 0 0 0 0 0 0 0 0
1936 7659 1 1 0 0 0 0 0 0 3385 1321 0 0
1937 3867 0 0 1289 87 0 1289 0 0 1289 526 0 0
1938 1289 0 0 0 0 0 0 0 0 0 0 0 0
1971 23656 0 0 0 0 0 0 0 0 9732 1092 0 0
1973 19464 1 1 9732 0 0 0 0 0 9732 3426 0 0
1975 8156 0 0 0 0 0 3030 0 0 5126 1763 0 0
2485 8344 1 1 0 0 0 2086 0 0 0 0 0 0
2488 2995 0 0 2086 0 0 0 0 0 0 0 0 0
2497 4747 1 1 2316 0 0 0 0 0 2316 205 0 0
2500 10698 1 1 4172 0 0 0 0 0 4172 436 0 0
2525 2088951 0 0 834775 0 0 0 0 0 0 0 0 0
2526 1669550 0 0 0 0 0 0 0 0 834775 0 0 0
fn=Orderbook::restOrder(Order&)
735 3665690 0 0 3665690 0 0 0 0 0 0 0 0 0
750 10997070 1 1 0 0 0 0 0 0 0 0 0 0
780 22840678 0 0 22840678 696623 31 0 0 0 0 0 0 0
788 22840678 0 0 22840678 0 0 0 0 0 0 0 0 0
1904 53012736 0 0 0 0 0 0 0 0 26506368 3840579 0 0
1905 63388975 0 0 22840678 189190 2 0 0 0 22840678 6015489 0 0
1906 17707619 0 0 0 0 0 0 0 0 0 0 0 0
1908 5133059 0 0 0 0 0 0 0 0 0 0 0 0
2333 8331606 0 0 1128586 0 0 0 0 0 2930672 26925 0 0
2334 1841640 0 0 460410 0 0 0 0 0 0 0 0 0
2337 5406258 1 1 0 0 0 1802086 0 0 0 0 0 0
2339 1802086 1 1 1802086 0 0 0 0 0 0 0 0 0
2340 3604172 0 0 0 0 0 0 0 0 0 0 0 0
2435 6308331 0 0 0 0 0 1802086 0 0 0 0 0 0
2437 3604172 0 0 0 0 0 0 0 0 1802086 16 0 0
fn=run_once(std::vector<Op, std::allocator<Op> > const&)
175 10 0 0 0 0 0 10 0 0 0 0 0 0
208 10 0 0 0 0 0 10 0 0 0 0 0 0
209 25 0 0 0 0 0 10 4 0 0 0 0 0
210 10 1 1 0 0 0 10 4 0 0 0 0 0
211 10 1 1 0 0 0 10 0 0 0 0 0 0
735 8 0 0 8 8 4 0 0 0 0 0 0 0
780 52 0 0 52 6 0 0 0 0 0 0 0 0
1887 120 0 0 0 0 0 0 0 0 60 15 0 0
1889 156 1 1 52 51 9 52 0 0 0 0 0 0
fn=std::_Rb_tree<unsigned long, std::pair<unsigned long const, Level>, std::_Select1st<std::pair<unsigned long const, Level> >, std::greater<unsigned long>, std::allocator<std::pair<unsigned long const, Level> > >::_M_erase(std::_Rb_tree_node<std::pair<unsigned long const, Level> >*) [clone .isra.0]
780 316 2 2 312 39 0 4 0 0 0 0 0 0
788 312 1 1 312 263 0 0 0 0 0 0 0 0
1883 192 0 0 0 0 0 168 0 0 0 0 0 0
1887 1360 2 2 4 0 0 32 0 0 552 234 0 0
1894 192 0 0 168 16 0 0 0 0 0 0 0 0
fn=std::_Rb_tree<unsigned long, std::pair<unsigned long const, Level>, std::_Select1st<std::pair<unsigned long const, Level> >, std::greater<unsigned long>, std::allocator<std::pair<unsigned long const, Level> > >::_M_get_insert_hint_unique_pos(std::_Rb_tree_const_iterator<std::pair<unsigned long const, Level> >, unsigned long const&)
302 679858 0 0 0 0 0 339929 0 0 0 0 0 0
750 902073 0 0 0 0 0 0 0 0 0 0 0 0
2163 7216584 1 1 0 0 0 3608292 0 0 0 0 0 0
2171 1804146 1 1 0 0 0 0 0 0 902073 217 0 0
2174 1144 1 1 751 0 0 0 0 0 393 40 0 0
2177 105 0 0 0 0 0 0 0 0 0 0 0 0
2179 1803718 0 0 901859 0 0 0 0 0 901859 0 0 0
2183 2705577 0 0 901859 0 0 0 0 0 901859 379299 0 0
2184 901859 0 0 0 0 0 0 0 0 0 0 0 0
2185 679858 0 0 339929 0 0 0 0 0 339929 152 0 0
2188 1699645 0 0 339929 0 0 0 0 0 0 0 0 0
2200 179 0 0 0 0 0 0 0 0 0 0 0 0
2214 6314441 1 1 4510330 0 0 0 0 0 0 0 0 0
fn=std::_Rb_tree<unsigned long, std::pair<unsigned long const, Level>, std::_Select1st<std::pair<unsigned long const, Level> >, std::greater<unsigned long>, std::allocator<std::pair<unsigned long const, Level> > >::_M_get_insert_unique_pos(unsigned long const&)
303 35 0 0 0 0 0 0 0 0 0 0 0 0
735 35 1 1 35 0 0 0 0 0 0 0 0 0
750 35 1 1 0 0 0 0 0 0 0 0 0 0
2061 175 1 1 0 0 0 70 0 0 0 0 0 0
2068 70 0 0 0 0 0 0 0 0 35 2 0 0
2077 70 0 0 35 0 0 0 0 0 35 1 0 0
2085 245 0 0 105 0 0 0 0 0 0 0 0 0
fn=std::_Rb_tree<unsigned long, std::pair<unsigned long const, Level>, std::_Select1st<std::pair<unsigned long const, Level> >, std::less<unsigned long>, std::allocator<std::pair<unsigned long const, Level> > >::_M_erase(std::_Rb_tree_node<std::pair<unsigned long const, Level> >*) [clone .isra.0]
780 376 1 1 376 41 0 0 0 0 0 0 0 0
788 376 0 0 376 291 0 0 0 0 0 0 0 0
1883 304 2 2 0 0 0 266 0 0 0 0 0 0
1887 1524 1 1 0 0 0 40 0 0 642 275 0 0
1894 304 1 1 266 16 0 0 0 0 0 0 0 0
fn=std::_Rb_tree<unsigned long, std::pair<unsigned long const, Level>, std::_Select1st<std::pair<unsigned long const, Level> >, std::less<unsigned long>, std::allocator<std::pair<unsigned long const, Level> > >::_M_get_insert_hint_unique_pos(std::_Rb_tree_const_iterator<std::pair<unsigned long const, Level> >, unsigned long const&)
302 680836 0 0 0 0 0 340418 0 0 0 0 0 0
750 900013 0 0 0 0 0 0 0 0 0 0 0 0
2163 7200104 1 1 0 0 0 3600052 0 0 0 0 0 0
2171 1800026 0 0 0 0 0 0 0 0 900013 285 0 0
2174 1380 1 1 910 0 0 0 0 0 470 44 0 0
2177 90 1 1 0 0 0 0 0 0 0 0 0 0
2179 1799526 0 0 899763 0 0 0 0 0 899763 0 0 0
2183 2699289 1 1 899763 0 0 0 0 0 899763 378762 0 0
2184 899763 0 0 0 0 0 0 0 0 0 0 0 0
2185 680836 0 0 340418 0 0 0 0 0 340418 0 0 0
2188 1702090 0 0 340418 0 0 0 0 0 0 0 0 0
2200 220 0 0 0 0 0 0 0 0 0 0 0 0
2214 6300031 0 0 4500035 0 0 0 0 0 0 0 0 0
fn=std::_Rb_tree<unsigned long, std::pair<unsigned long const, Level>, std::_Select1st<std::pair<unsigned long const, Level> >, std::less<unsigned long>, std::allocator<std::pair<unsigned long const, Level> > >::_M_get_insert_unique_pos(unsigned long const&)
303 30 0 0 0 0 0 0 0 0 0 0 0 0
735 30 0 0 30 0 0 0 0 0 0 0 0 0
750 30 1 1 0 0 0 0 0 0 0 0 0 0
2061 150 1 1 0 0 0 60 0 0 0 0 0 0
2068 60 0 0 0 0 0 0 0 0 30 2 0 0
2077 60 0 0 30 0 0 0 0 0 30 2 0 0
2085 210 0 0 90 0 0 0 0 0 0 0 0 0
fn=void Orderbook::add<run_once(std::vector<Op, std::allocator<Op> > const&)::{lambda(Fill const&)#1}&>(unsigned long, unsigned long, unsigned int, Side, run_once(std::vector<Op, std::allocator<Op> > const&)::{lambda(Fill const&)#1}&) [clone .isra.0]
996 7652940 0 0 7652940 25 6 0 0 0 0 0 0 0
2485 5397684 0 0 0 0 0 1799228 0 0 0 0 0 0
2486 1799228 0 0 0 0 0 0 0 0 0 0 0 0
2488 3598456 0 0 1799228 0 0 0 0 0 0 0 0 0
fl=/usr/include/c++/11/bits/stl_uninitialized.h
fn=generate_workload(unsigned long)
1009 2 0 0 1 0 0 0 0 0 0 0 0 0
1010 2 0 0 0 0 0 0 0 0 1 0 0 0
fn=void std::vector<unsigned long, std::allocator<unsigned long> >::_M_realloc_insert<unsigned long const&>(__gnu_cxx::__normal_iterator<unsigned long*, std::vector<unsigned long, std::allocator<unsigned long> > >, unsigned long const&)
1009 40 1 1 0 0 0 0 0 0 0 0 0 0
1010 118 0 0 38 0 0 0 0 0 40 7 0 0
1011 95 0 0 0 0 0 57 0 0 0 0 0 0
1012 20 0 0 0 0 0 0 0 0 0 0 0 0
fl=/usr/include/c++/11/bits/stl_vector.h
fn=generate_workload(unsigned long)
98 6 1 1 0 0 0 6 0 0 0 0 0 0
336 3 0 0 2 0 0 0 0 0 0 0 0 0
353 4 0 0 0 0 0 0 0 0 2 0 0 0
919 2401527 0 0 0 0 0 0 0 0 0 0 0 0
1046 800509 0 0 0 0 0 0 0 0 0 0 0 0
1189 3598473 0 0 2398982 0 0 0 0 0 1199491 23 0 0
1194 2398942 0 0 0 0 0 1199471 0 0 0 0 0 0
1198 60 0 0 0 0 0 20 0 0 0 0 0 0
1228 1601018 0 0 0 0 0 800509 0 0 0 0 0 0
fn=void std::vector<unsigned long, std::allocator<unsigned long> >::_M_realloc_insert<unsigned long const&>(__gnu_cxx::__normal_iterator<unsigned long*, std::vector<unsigned long, std::allocator<unsigned long> > >, unsigned long const&)
346 40 0 0 0 0 0 0 0 0 20 2 0 0
353 2 0 0 0 0 0 0 0 0 1 0 0 0
919 60 0 0 0 0 0 0 0 0 0 0 0 0
1758 200 1 1 0 0 0 0 0 0 20 0 0 0
1762 40 0 0 0 0 0 0 0 0 20 0 0 0
fl=/usr/include/c++/11/bits/uniform_int_dist.h
fn=generate_workload(unsigned long)
193 13997455 1 1 0 0 0 4398982 0 0 0 0 0 0
fn=int std::uniform_int_distribution<int>::operator()<std::mersenne_twister_engine<unsigned long, 64ul, 312ul, 156ul, 31ul, 13043109905998158313ul, 29ul, 6148914691236517205ul, 17ul, 8202884508482404352ul, 37ul, 18444473444759240704ul, 43ul, 6364136223846793005ul> >(std::mersenne_twister_engine<unsigned long, 64ul, 312ul, 156ul, 31ul, 13043109905998158313ul, 29ul, 6148914691236517205ul, 17ul, 8202884508482404352ul, 37ul, 18444473444759240704ul, 43ul, 6364136223846793005ul>&, std::uniform_int_distribution<int>::param_type const&) [clone .isra.0]
258 12797964 0 0 0 0 0 3199491 0 0 0 0 0 0
260 6398982 1 1 0 0 0 0 0 0 3199491 52 0 0
269 3199491 0 0 0 0 0 0 0 0 0 0 0 0
276 31994910 1 1 0 0 0 19196946 0 0 0 0 0 0
290 6398982 0 0 0 0 0 0 0 0 0 0 0 0
291 3199491 0 0 0 0 0 0 0 0 0 0 0 0
294 6398982 0 0 0 0 0 0 0 0 3199491 3 0 0
298 3199491 0 0 0 0 0 0 0 0 0 0 0 0
360 3199491 0 0 0 0 0 0 0 0 0 0 0 0
361 25595928 0 0 22396437 0 0 0 0 0 0 0 0 0
fl=/usr/include/c++/11/bits/unordered_map.h
fn=Orderbook::cancel(unsigned long)
763 834775 0 0 0 0 0 0 0 0 0 0 0 0
fn=Orderbook::restOrder(Order&)
389 65 0 0 0 0 0 0 0 0 0 0 0 0
fn=void Orderbook::add<run_once(std::vector<Op, std::allocator<Op> > const&)::{lambda(Fill const&)#1}&>(unsigned long, unsigned long, unsigned int, Side, run_once(std::vector<Op, std::allocator<Op> > const&)::{lambda(Fill const&)#1}&) [clone .isra.0]
763 5888294 0 0 0 0 0 0 0 0 0 0 0 0
fl=/usr/include/c++/11/bits/vector.tcc
fn=generate_workload(unsigned long)
69 3 0 0 0 0 0 0 0 0 1 0 0 0
71 3 1 1 1 0 0 0 0 0 1 1 0 0
79 1 0 0 1 0 0 0 0 0 0 0 0 0
95 1 0 0 0 0 0 1 0 0 0 0 0 0
96 1 0 0 0 0 0 1 0 0 0 0 0 0
97 3 1 1 0 0 0 1 0 0 0 0 0 0
112 6000000 0 0 4000000 7 1 0 0 0 2000000 0 0 0
117 10000000 1 1 2000000 0 0 6000000 1000007 1000000 0 0 0 0
fn=void std::vector<unsigned long, std::allocator<unsigned long> >::_M_realloc_insert<unsigned long const&>(__gnu_cxx::__normal_iterator<unsigned long*, std::vector<unsigned long, std::allocator<unsigned long> > >, unsigned long const&)
426 220 0 0 40 0 0 120 0 0 0 0 0 0
464 20 0 0 0 0 0 0 0 0 0 0 0 0
501 38 0 0 19 7 1 0 0 0 0 0 0 0
502 20 0 0 0 0 0 20 7 1 0 0 0 0
503 20 0 0 0 0 0 20 0 0 0 0 0 0
504 60 0 0 0 0 0 20 0 0 0 0 0 0
505 160 1 1 140 7 1 0 0 0 0 0 0 0
fl=/usr/include/c++/11/chrono
fn=run_once(std::vector<Op, std::allocator<Op> > const&)
214 12 0 0 0 0 0 0 0 0 0 0 0 0
666 4 0 0 0 0 0 0 0 0 0 0 0 0
fl=/usr/include/c++/11/ext/new_allocator.h
fn=Orderbook::cancel(unsigned long)
145 2510583 0 0 0 0 0 836861 0 0 0 0 0 0
fn=Orderbook::restOrder(Order&)
127 31066088 4 4 3665690 0 0 9133466 0 0 0 0 0 0
160 9165695 1 1 3665690 0 0 3665690 21659 0 0 0 0 0
fn=generate_workload(unsigned long)
127 5 1 1 0 0 0 1 1 0 0 0 0 0
145 1 0 0 0 0 0 1 0 0 0 0 0 0
160 2000000 0 0 2000000 0 0 0 0 0 0 0 0 0
162 1199471 0 0 0 0 0 1199471 49866 49862 0 0 0 0
fn=run_once(std::vector<Op, std::allocator<Op> > const&)
145 738788 1 1 0 0 0 369368 0 0 0 0 0 0
fn=std::_Hashtable<unsigned long, std::pair<unsigned long const, OrderLocation>, std::allocator<std::pair<unsigned long const, OrderLocation> >, std::__detail::_Select1st, std::equal_to<unsigned long>, std::hash<unsigned long>, std::__detail::_Mod_range_hashing, std::__detail::_Default_ranged_hash, std::__detail::_Prime_rehash_policy, std::__detail::_Hashtable_traits<false, false, true> >::_M_erase(std::integral_constant<bool, true>, unsigned long const&) [clone .isra.0]
145 6502910 0 0 0 0 0 3251455 0 0 0 0 0 0
fn=std::_Hashtable<unsigned long, std::pair<unsigned long const, OrderLocation>, std::allocator<std::pair<unsigned long const, OrderLocation> >, std::__detail::_Select1st, std::equal_to<unsigned long>, std::hash<unsigned long>, std::__detail::_Mod_range_hashing, std::__detail::_Default_ranged_hash, std::__detail::_Prime_rehash_policy, std::__detail::_Hashtable_traits<false, false, true> >::_M_rehash(unsigned long, unsigned long const&)
111 260 0 0 0 0 0 0 0 0 65 0 0 0
127 260 1 1 0 0 0 65 4 0 0 0 0 0
145 120 0 0 0 0 0 60 31 1 0 0 0 0
fn=std::_Rb_tree<unsigned long, std::pair<unsigned long const, Level>, std::_Select1st<std::pair<unsigned long const, Level> >, std::greater<unsigned long>, std::allocator<std::pair<unsigned long const, Level> > >::_M_erase(std::_Rb_tree_node<std::pair<unsigned long const, Level> >*) [clone .isra.0]
145 312172 2 2 48 30 0 159300 0 0 0 0 0 0
fn=std::_Rb_tree<unsigned long, std::pair<unsigned long const, Level>, std::_Select1st<std::pair<unsigned long const, Level> >, std::less<unsigned long>, std::allocator<std::pair<unsigned long const, Level> > >::_M_erase(std::_Rb_tree_node<std::pair<unsigned long const, Level> >*) [clone .isra.0]
145 310590 1 1 74 28 0 157186 0 0 0 0 0 0
fn=void Orderbook::add<run_once(std::vector<Op, std::allocator<Op> > const&)::{lambda(Fill const&)#1}&>(unsigned long, unsigned long, unsigned int, Side, run_once(std::vector<Op, std::allocator<Op> > const&)::{lambda(Fill const&)#1}&) [clone .isra.0]
145 12647727 2 2 0 0 0 4215909 0 0 0 0 0 0
fn=void std::vector<unsigned long, std::allocator<unsigned long> >::_M_realloc_insert<unsigned long const&>(__gnu_cxx::__normal_iterator<unsigned long*, std::vector<unsigned long, std::allocator<unsigned long> > >, unsigned long const&)
127 240 2 2 40 0 0 60 0 0 0 0 0 0
145 38 0 0 0 0 0 19 0 0 0 0 0 0
162 40 0 0 20 0 0 20 16 16 0 0 0 0
fl=/usr/include/c++/11/tuple
fn=Orderbook::restOrder(Order&)
1819 5406258 0 0 1802086 0 0 3604172 0 0 0 0 0 0
1820 3604172 0 0 0 0 0 1802086 190816 89 0 0 0 0
fl=???
fn=(below main)
0 12 2 2 2 1 0 3 0 0 0 0 1 1
fn=???
0 122547820 80 79 61273785 496 101 155 15 7 78 33 61273644 6507289
fn=__cpu_indicator_init
0 367 34 34 47 4 2 13 0 0 98 33 1 1
fn=operator delete(void*)
0 17958766 0 0 0 0 0 0 0 0 0 0 0 0
fn=operator delete(void*, unsigned long)
0 17958766 1 1 0 0 0 0 0 0 0 0 0 0
fn=operator new(unsigned long)
0 109602624 2 2 18267104 0 0 18267104 0 0 9133552 4 0 0
fn=std::_Rb_tree_decrement(std::_Rb_tree_node_base*)
0 10599180 2 2 3706748 1030 0 0 0 0 2480496 756579 0 0
fn=std::_Rb_tree_increment(std::_Rb_tree_node_base const*)
0 32463 2 2 12172 280 0 0 0 0 6372 1421 0 0
fn=std::_Rb_tree_insert_and_rebalance(bool, std::_Rb_tree_node_base*, std::_Rb_tree_node_base*, std::_Rb_tree_node_base&)
0 72957216 11 11 17814067 24858 2 17857654 1380 1 15370130 1623029 0 0
fn=std::_Rb_tree_rebalance_for_erase(std::_Rb_tree_node_base*, std::_Rb_tree_node_base&)
0 93526016 21 21 30347224 42023 2 8442992 3995 0 23100250 1810915 0 0
fn=std::__detail::_List_node_base::_M_hook(std::__detail::_List_node_base*)
0 32991210 1 1 7331380 199373 2 10997070 884403 12 0 0 0 0
fn=std::__detail::_List_node_base::_M_unhook()
0 19508736 1 1 9754368 366981 7984 6502912 1879825 32028 0 0 0 0
fn=std::__detail::_Prime_rehash_policy::_M_need_rehash(unsigned long, unsigned long, unsigned long) const
0 32994130 7 7 7331710 103 20 65 0 0 3666080 99 0 0
fn=std::__detail::_Prime_rehash_policy::_M_next_bkt(unsigned long) const
0 7620 9 9 1065 334 120 65 0 0 1360 380 0 0
fn=std::chrono::_V2::steady_clock::now()
0 135 2 2 54 0 0 18 0 0 9 0 0 0
fn=std::error_category::error_category()
0 10 1 1 4 1 0 2 0 0 0 0 0 0
fn=std::future_category()
0 3 1 1 1 0 0 0 0 0 0 0 0 0
summary: 4315436776 1661 1652 1234240135 34579587 4982098 641823411 5626717 1735356 577989925 56885512 61277694 6507577
